Commission,Description,Schedule,Next Meeting 1,Next Meeting 2,Next Meeting 3,Meeting Status,URL,Apply URL,Checked At,Directory URL
Aging in Communities Commission,"The Aging in Communities Commission was created to advise the Village Board in its efforts to address the evolving needs and interests of our changing demographic and to develop a community-wide lens to identify not just a set of plans, programs, procedures, and services but also an inclusive awareness and approach that facilitates livability for everyone.","Meets at 6 p.m., the second Wednesday of every month at Village Hall, 123 Madison St.","Oct 14, 2026 - 6:00pm - Aging in Communities Commission Regular Meeting - Village Hall Room 124","Nov 11, 2026 - 6:00pm - Aging in Communities Commission Regular Meeting - Village Hall Room 124","Dec 09, 2026 - 6:00pm - Aging in Communities Commission Regular Meeting - Village Hall Room 124",Published upcoming meetings; recheck source for changes,https://oak-park.granicus.com/boards/w/d6ac89421af6f1dd/boards/44593,https://oak-park.granicus.com/boards/forms/721/apply,2026-09-17T07:58:03-05:00,https://oak-park.granicus.com/boards/w/d6ac89421af6f1dd
Board of Fire and Police Commissioners,The Board of Fire and Police Commission supervises appointment and promotion eligibility lists and holds disciplinary hearings regarding the two departments. Serves the civil service role for public safety employees set out by state statute.,"Meets as needed. Please review agendas below to confirm times, dates and locations.",,,,No future meeting published in source; check board page,https://oak-park.granicus.com/boards/w/d6ac89421af6f1dd/boards/44608,https://oak-park.granicus.com/boards/forms/721/apply,2026-09-17T07:58:03-05:00,https://oak-park.granicus.com/boards/w/d6ac89421af6f1dd
Board of Health,"The Board of Health is an advisory body to the Director of the Department of Public Health and the Board of Trustees, and as such has authority to make recommendations as to rules, regulations and orders as it may deem necessary for the preservation and improvement of public health and for the prevention and/or suppression of disease.","Meets at 6 p.m., the second Thursday of each month at Village Hall, 123 Madison St.",,,,No future meeting published in source; check board page,https://oak-park.granicus.com/boards/w/d6ac89421af6f1dd/boards/44420,https://oak-park.granicus.com/boards/forms/721/apply,2026-09-17T07:58:03-05:00,https://oak-park.granicus.com/boards/w/d6ac89421af6f1dd
Building Codes Advisory Commission,"The Building Codes Advisory Commission advises and makes recommendations on model code amendments, updates and interpretations to the Village of Oak Park's Chief Building Official, and serves as the Building Codes Board of Appeals.","Meets at 5:30 p.m., the third Thursday of every month at at Maze Branch Library, 845 Gunderson Ave. - main meeting room on the lower level.",,,,No future meeting published in source; check board page,https://oak-park.granicus.com/boards/w/d6ac89421af6f1dd/boards/44605,https://oak-park.granicus.com/boards/forms/721/apply,2026-09-17T07:58:03-05:00,https://oak-park.granicus.com/boards/w/d6ac89421af6f1dd
Citizen Involvement Commission,"The mission of the Citizen Involvement Commission is to foster citizen participation in the Village's various boards, commissions, and committees, and to encourage volunteer participation in Village government and its activities.","Meets at 6:30 p.m., the first Wednesday of every month at Village Hall, 123 Madison St.","Oct 07, 2026 - 6:30pm - Citizen Involvement Commission Regular Meeting - Village Hall 123 Madison Street Room 101","Nov 04, 2026 - 6:30pm - Citizen Involvement Commission Regular Meeting - Village Hall 123 Madison Street Room 101","Dec 02, 2026 - 6:30pm - Citizen Involvement Commission Regular Meeting - Village Hall 123 Madison Street Room 101",Published upcoming meetings; recheck source for changes,https://oak-park.granicus.com/boards/w/d6ac89421af6f1dd/boards/44606,https://oak-park.granicus.com/boards/forms/721/apply,2026-09-17T07:58:03-05:00,https://oak-park.granicus.com/boards/w/d6ac89421af6f1dd
Citizens Police Oversight Committee,The Citizens Police Oversight Committee evaluates complaints about police conduct and interpersonal/community relations.,"Meets at 7 p.m., the third Monday of every month at Village Hall, 123 Madison St.","Sep 21, 2026 - 7:00pm - Citizens Police Oversight Committee Regular Meeting - Village Hall 123 Madison Street Room 101","Oct 19, 2026 - 7:00pm - Citizens Police Oversight Committee Regular Meeting - Village Hall 123 Madison Street Room 101","Nov 16, 2026 - 7:00pm - Citizens Police Oversight Committee Regular Meeting - Village Hall 123 Madison Street Room 124",Published upcoming meetings; recheck source for changes,https://oak-park.granicus.com/boards/w/d6ac89421af6f1dd/boards/44596,https://oak-park.granicus.com/boards/forms/721/apply,2026-09-17T07:58:03-05:00,https://oak-park.granicus.com/boards/w/d6ac89421af6f1dd
Civic Information Systems Commission,"The Civic Information Systems Commission advises the Village Board on technology, information management/resources and policy issues within Village government and in the Village and on issues related to cable and telecommunications providers who use or are seeking to use the Village right of way.","Meets at 7 p.m., the third Thursday of every month at Village Hall, 123 Madison St.","Sep 17, 2026 - 7:00pm - Civic Information Systems Commission Regular Meeting - Village Hall, 123 Madison St., Room 101","Oct 15, 2026 - 7:00pm - Civic Information Systems Commission Regular Meeting - Village Hall, 123 Madison St., Room 101","Nov 19, 2026 - 7:00pm - Civic Information Systems Commission Regular Meeting - Village Hall, 123 Madison St., Room 101",Published upcoming meetings; recheck source for changes,https://oak-park.granicus.com/boards/w/d6ac89421af6f1dd/boards/44607,https://oak-park.granicus.com/boards/forms/721/apply,2026-09-17T07:58:03-05:00,https://oak-park.granicus.com/boards/w/d6ac89421af6f1dd
Community Development Citizens Advisory Committee,"The Community Development Citizens Advisory Committee formulates recommendations to the Village Board for the annual allocation of Federal Community Development Block Grant funds for public service, administration, property and infrastructure improvements, and economic revitalization activities targeted to low and moderate income individuals.","Meets at 6:00 p.m. on the second Thursday of every month at Village Hall, 123 Madison St.","Oct 08, 2026 - 6:00pm - Community Development Citizens Advisory Committee Regular Meeting - Village Hall, 123 Madison St., Room 101","Nov 12, 2026 - 6:00pm - Community Development Citizens Advisory Committee Regular Meeting - Village Hall, 123 Madison St., Room 101",,Published upcoming meetings; recheck source for changes,https://oak-park.granicus.com/boards/w/d6ac89421af6f1dd/boards/44423,https://oak-park.granicus.com/boards/forms/721/apply,2026-09-17T07:58:03-05:00,https://oak-park.granicus.com/boards/w/d6ac89421af6f1dd
Community Relations Commission,"The Community Relations Commission was established to assure all residents of equal service and treatment. The Commission works to improve inter-group relations without regard to race, color, religion, ancestry, national origin, veteran status, sexual orientation, age, marital status, familial status, disability, gender identity, gender expression, military discharge status, housing status or order of protection status. It works to ensure good human, race and community relations and reduce tensions.","Meets at 6 p.m., the third Wednesday of each month at Village Hall, 123 Madison St.",,,,No future meeting published in source; check board page,https://oak-park.granicus.com/boards/w/d6ac89421af6f1dd/boards/44598,https://oak-park.granicus.com/boards/forms/721/apply,2026-09-17T07:58:03-05:00,https://oak-park.granicus.com/boards/w/d6ac89421af6f1dd
Disability Access Commission,"The Disability Access Commission advises the Village Board on public policies to facilitate full participation in community activities by persons with disabilities, to bring persons with disabilities into the mainstream of Oak Park life by recognizing that persons with disabilities can lead proud and productive lives, to promote universal access throughout the Village and to heighten public awareness to the needs of Villagers with disabilities.","Meets at 6 p.m., the second Wednesday of every month at Village Hall, 123 Madison St.",,,,No future meeting published in source; check board page,https://oak-park.granicus.com/boards/w/d6ac89421af6f1dd/boards/44595,https://oak-park.granicus.com/boards/forms/721/apply,2026-09-17T07:58:03-05:00,https://oak-park.granicus.com/boards/w/d6ac89421af6f1dd
Environment & Energy Commission,"The Environment & Energy Commission promotes energy efficiency and energy conservation, works for a pollution-free environment in Oak Park, and develops methods to promote recycling and to reduce and manage solid waste.","Meets at 7 p.m., the first Tuesday of each month at Village Hall, 123 Madison St.",,,,No future meeting published in source; check board page,https://oak-park.granicus.com/boards/w/d6ac89421af6f1dd/boards/44597,https://oak-park.granicus.com/boards/forms/721/apply,2026-09-17T07:58:03-05:00,https://oak-park.granicus.com/boards/w/d6ac89421af6f1dd
Farmers' Market Commission,"The Farmers’ Market Commission works closely with the Market Manager to make the Oak Park Farmers’ Market one of the most successful farmers’ markets in Illinois. The Commission coordinates special events, helps publicize the market, volunteers on market Saturdays and recommends any changes in operating policies and/or regulations to the Market Manager and Village Board.","Meets at 7 p.m., the second Wednesday of each month at Village Hall, 123 Madison St.",,,,No future meeting published in source; check board page,https://oak-park.granicus.com/boards/w/d6ac89421af6f1dd/boards/44422,https://oak-park.granicus.com/boards/forms/721/apply,2026-09-17T07:58:03-05:00,https://oak-park.granicus.com/boards/w/d6ac89421af6f1dd
Historic Preservation Commission,The Historic Preservation Commission evaluates proposals affecting the Village's landmarks and historic districts. The Commission considers compatibility of development with long- range preservation of historical sites and recommends sites for historic landmark designation. The Commission also reviews building permit applications affecting properties in the Village's three historic districts and historic landmarks throughout the community.,"Meets at 6:30 p.m., the fourth Thursday of every month at Village Hall, 123 Madison St.",,,,No future meeting published in source; check board page,https://oak-park.granicus.com/boards/w/d6ac89421af6f1dd/boards/44421,https://oak-park.granicus.com/boards/forms/721/apply,2026-09-17T07:58:03-05:00,https://oak-park.granicus.com/boards/w/d6ac89421af6f1dd
Housing Programs Advisory Committee,"The Housing Programs Advisory Committee is an advisory board concerning programs and methods to accomplish the following goals within the Village of Oak Park: enhance the quality of residential properties, attract an economically and racially diverse population, develop and maintain affordable housing options, and increase the value of residential properties.","Meets at 7 p.m., the third Wednesday of every month at Village Hall, 123 Madison St.",,,,No future meeting published in source; check board page,https://oak-park.granicus.com/boards/w/d6ac89421af6f1dd/boards/44599,https://oak-park.granicus.com/boards/forms/721/apply,2026-09-17T07:58:03-05:00,https://oak-park.granicus.com/boards/w/d6ac89421af6f1dd
Liquor Control Review Board,The Liquor Control Review Board investigates and reviews all applications and renewals of liquor licenses and advises the Local Liquor Control Commissioner.,"Meets at 7:30 p.m., the fourth Tuesday of every month at Village Hall, 123 Madison St.",,,,No future meeting published in source; check board page,https://oak-park.granicus.com/boards/w/d6ac89421af6f1dd/boards/44609,https://oak-park.granicus.com/boards/forms/721/apply,2026-09-17T07:58:03-05:00,https://oak-park.granicus.com/boards/w/d6ac89421af6f1dd
Plan Commission,"The Plan Commission holds public hearings for planned developments, rezoning, special uses, Zoning Ordinance text and map amendments and reviews plats of vacation and plats of subdivision. The Commission also makes on-going revisions to the Village of Oak Park’s comprehensive plan for the present and future development or redevelopment of the Village.","Meets at 7 p.m., the first Thursday of every month at Village Hall, 123 Madison St.",,,,No future meeting published in source; check board page,https://oak-park.granicus.com/boards/w/d6ac89421af6f1dd/boards/44611,https://oak-park.granicus.com/boards/forms/721/apply,2026-09-17T07:58:03-05:00,https://oak-park.granicus.com/boards/w/d6ac89421af6f1dd
Transportation Commission,"The Transportation Commission hears parking and traffic concerns and makes recommendations for improved parking and traffic conditions, the administration and enforcement of traffic regulations and for public education about traffic safety.","Meets at 7 p.m., the second Monday of every month at Village Hall, 123 Madison St.",,,,No future meeting published in source; check board page,https://oak-park.granicus.com/boards/w/d6ac89421af6f1dd/boards/44419,https://oak-park.granicus.com/boards/forms/721/apply,2026-09-17T07:58:03-05:00,https://oak-park.granicus.com/boards/w/d6ac89421af6f1dd
Zoning Board Of Appeals,"The Zoning Board of Appeals rules on zoning variance petitions, special use permits, and appeals of interpretations of the zoning ordinance.","Meets at 7 p.m., the first Wednesday of every month at Village Hall, 123 Madison St.",,,,No future meeting published in source; check board page,https://oak-park.granicus.com/boards/w/d6ac89421af6f1dd/boards/44594,https://oak-park.granicus.com/boards/forms/721/apply,2026-09-17T07:58:03-05:00,https://oak-park.granicus.com/boards/w/d6ac89421af6f1dd
