echo_category,provider,program,what_they_offer,when_to_use,who_is_eligible,hours,how_to_reach,cost,source_url,checked_on,notes
Unhoused Resident,Village of Oak Park,E.C.H.O. care coordination and street outreach,"Village care coordinators connect residents, including people experiencing homelessness, to shelter, food, health and other services.","When an Oak Park resident needs help finding services (shelter, food, health and more) on a weekday and it is not a crisis.","Oak Park residents; referral from Police or Fire, walk-in at Village Hall, or direct contact",Mon-Fri 8:30 a.m.-5:00 p.m.,"708-358-5640; echo@oak-park.us; Village Hall, 123 Madison St., Oak Park; https://www.oak-park.us/Community/Community-Services/E.C.H.O-Engaging-Community-for-Healthy-Outcomes",Not published online; confirm: 708-358-5640,https://www.oak-park.us/Community/Community-Services/E.C.H.O-Engaging-Community-for-Healthy-Outcomes,2026-10-03,Not a crisis service. Phone confirmed by team on 2026-10-03.
Unhoused Resident,Housing Forward,Anderson Emergency Shelter,Overnight emergency shelter in Oak Park.,"When someone needs a bed tonight; arrange it through the Support Center or Street Outreach, since walk-ins are not accepted.","People experiencing homelessness; no walk-ins, intake through the Support Center or Street Outreach team",Every day 7:00 p.m.-8:00 a.m.,"112 S. Humphrey Ave., Oak Park (intake via Support Center or 877-426-6515); https://www.housingforward.org/services/respond",Not published online; confirm: 877-426-6515,https://www.oak-park.us/files/assets/oakpark/v/2/neighborhood-services/streetoutreachcards_oct-1.pdf,2026-10-03,From the Street Outreach Card on the Village Resources for the Unhoused page. Shelter space is not guaranteed.
Unhoused Resident,Housing Forward,Suburban Cook County Call Center (Entry Point),"Central phone line for anyone homeless or about to lose housing in suburban Cook County, including shelter referrals.","First call when someone is homeless or about to lose housing in suburban Cook County; after hours, use the 708-338-1724 x6 line.",People in suburban Cook County who are homeless or at risk of homelessness,"Mon-Fri 8:30 a.m.-4:30 p.m.; after hours 708-338-1724 x6 (Mon-Fri 4:30 p.m.-8:30 a.m., Sat-Sun 24 hours)",877-426-6515; https://myentrypoint.org/; https://www.housingforward.org/find-help,Not published online; confirm: 877-426-6515,https://www.housingforward.org/find-help,2026-10-03,"Shelter referrals are by appointment only; ""access to shelter is not guaranteed"" (Entry Point)."
Unhoused Resident,Housing Forward,Support Center (walk-in),"Drop-in center with showers, laundry, a mailing address, clothing, bag lunches, ID help and bilingual staff.","When someone experiencing homelessness needs a shower, laundry, clothes, a meal, a mailing address or ID help during the day.",Not published online; confirm: 708-338-1724,"Mon, Tue, Thu, Fri 9:00 a.m.-3:00 p.m.; Wed 9:00 a.m.-12:00 p.m.","1851 S. 9th Ave., Maywood (enter on Lexington); 708-338-1724; https://www.housingforward.org/find-help",Not published online; confirm: 708-338-1724,https://www.housingforward.org/find-help,2026-10-03,"In Maywood, not Oak Park; transportation may be a barrier."
Unhoused Resident,Housing Forward,Street Outreach,A mobile outreach team finds people living outside and links them to case management and housing.,When you know someone living outside who may want help; email the outreach team.,People who are unsheltered in West Suburban Cook County,Mon-Fri (clock hours not published),Email outreachteam@housingforward.org to report someone who may need help; https://www.housingforward.org/services/respond,Not published online; confirm: 708-338-1724,https://www.housingforward.org/services/respond,2026-10-03,No phone published for outreach requests; email only.
Unhoused Resident,National Runaway Safeline,Homeless youth / runaway hotline,Hotline for young people who have run away or are homeless.,When a young person has run away or is homeless and needs someone to talk to.,Young people who have run away or are homeless,Not published online; confirm: 1-800-786-2929,1-800-RUNAWAY (1-800-786-2929); listed on the Village Street Outreach Card: https://www.oak-park.us/files/assets/oakpark/v/2/neighborhood-services/streetoutreachcards_oct-1.pdf,Not published online; confirm: 1-800-786-2929,https://www.oak-park.us/files/assets/oakpark/v/2/neighborhood-services/streetoutreachcards_oct-1.pdf,2026-10-03,Listed on the Village Street Outreach Card. Also listed under Youth/Family Services.
Housing,Housing Forward,Homelessness prevention (Emergency Financial Assistance),"Help with rent, utilities and other needs to avoid eviction.",When someone is behind on rent or utilities and at risk of eviction; start with the county call center.,People in suburban Cook County at risk of losing their housing; income rules not published online; confirm: 877-426-6515,Call center Mon-Fri 8:30 a.m.-4:30 p.m.,877-426-6515 (Entry Point); https://www.housingforward.org/services/prevent; https://myentrypoint.org/,Not published online; confirm: 877-426-6515,https://www.housingforward.org/services/prevent,2026-10-03,
Housing,Oak Park Township,Flexible Rental Assistance Program (FRAP),"Pays rent or mortgage, security deposits, move-in costs or utility bills directly to the landlord or provider.","When an Oak Park household faces a housing emergency: unpaid rent or mortgage, a deposit or move-in costs, or utility bills. Call for an appointment.","Oak Park residents or those recently displaced, with a housing emergency, who meet income guidelines (income figures not published; confirm 708-383-8005)",Mon-Fri 9:00 a.m.-5:00 p.m.,"708-383-8005 (appointment required, no walk-ins); 105 S. Oak Park Ave., Oak Park; https://oakparktownship.org/frap/",Assistance paid on your behalf; no fee published,https://oakparktownship.org/frap/,2026-10-03,The FRAP page is not linked from the General Assistance page.
Housing,Village of Oak Park,Foreclosure prevention counseling,"Phone counseling for homeowners early in mortgage trouble, through a state (IHDA) hotline.","When a homeowner is starting to fall behind on the mortgage, before foreclosure.",Homeowners in early stages of mortgage difficulty,Not published online; confirm: 1-888-995-4673,"1-888-995-HOPE; Village 708-358-5410, housing@oak-park.us; https://www.oak-park.us/Community/Housing",Not published online; confirm: 1-888-995-4673,https://www.oak-park.us/Community/Housing,2026-10-03,The hotline is toll-free; the page does not say whether counseling is free.
Housing,Oak Park Township,Senior Housing Assistance,"Housing counseling, help staying in your home, and relocation help for older adults.",When an older adult or adult with a disability needs help staying in their home or finding a new one.,Adults 60+ and adults 18-59 with disabilities,Mon-Fri 9:00 a.m.-5:00 p.m.,"708-383-8060; seniors@oakparktownship.org; Senior Services Center, 130 S. Oak Park Ave., Oak Park; https://oakparktownship.org/senior-services/#aging_disability",No one is denied for inability to pay; a suggested contribution may apply (Township Senior Services overview),https://oakparktownship.org/senior-services/,2026-10-03,
Housing,North West Housing Partnership (via Oak Park Township),Home Repair Program,Affordable minor home repairs for older adults.,When an older homeowner needs minor repairs they can't afford or do themselves.,Oak Park and River Forest residents 60+ (web page also includes adults 18-59 with disabilities; flyer says 60+ only),Booking Mon-Fri 9:00 a.m.-5:00 p.m.; repairs by appointment,847-969-0561; https://oakparktownship.org/download/senior-services-home-repair-flyer/,"Free below $18,000 income; $20/hr ($18,000-$33,000), $30/hr ($33,000+), $40/hr ($45,000+)",https://oakparktownship.org/download/senior-services-home-repair-flyer/,2026-10-03,Age rule differs between the web page and the flyer.
Housing,Oak Park Township,Chicago Furniture Bank referral,"Gently used, donated furniture for residents moving into a new home.",When someone moving into a new home has no furniture.,Not published online; confirm: 708-383-8005,Mon-Fri 9:00 a.m.-5:00 p.m.,"708-383-8005 (appointment required, no walk-ins); 105 S. Oak Park Ave., Oak Park; https://oakparktownship.org/general-assistance/#chicago_furniture_bank",Not published online; confirm: 708-383-8005,https://oakparktownship.org/general-assistance/,2026-10-03,
Housing,Oak Park Public Library,Social Services team,"Short-term case management and referrals for mental health, housing, jobs, health care, immigration, domestic violence and more.","When anyone at the library needs help finding housing, benefits, jobs, health care or mental health support and doesn't know where to start.",Anyone,"Library hours (Main Library Mon-Thu 9:00 a.m.-9:00 p.m., Fri 9:00 a.m.-6:00 p.m., Sat 9:00 a.m.-5:00 p.m., Sun 12:00-5:00 p.m.); staff hours not published, confirm 708-697-6910","708-697-6910; Main Library, 834 Lake St.; also Dole and Maze branches; https://www.oppl.org/use-your-library/social-services/",Not published online; confirm: 708-697-6910,https://www.oppl.org/use-your-library/social-services/,2026-10-03,Eligibility confirmed by team on 2026-10-03. Also listed under Behavioral Health and Financial Support.
Behavioral Health,Thrive Counseling Center,24/7 Crisis Team,"Crisis support by phone or in person, including mobile response, at any hour.","When someone is in a mental health crisis, at any hour; call 708-383-7500, option 1. Call 911 if anyone is in immediate danger.","Phone support for anyone; in-person response for residents of Oak Park, River Forest and Forest Park",24/7/365,"708-383-7500, option 1; https://thrivecc.org/24/7-crisis-team",Not published online; confirm: 708-383-7500,https://thrivecc.org/24/7-crisis-team,2026-10-03,"Under the Village Phase 2 plan, Thrive takes mental health crisis calls; E.C.H.O. does follow-up."
Behavioral Health,988 Suicide and Crisis Lifeline,988,"Free, confidential crisis support by call or text.","When someone is thinking about suicide or in emotional distress and needs to talk to someone now, by call or text.",Anyone,24/7/365,Call or text 988; https://988lifeline.org/,Free,https://oakparktownship.org/wp-content/uploads/2026/05/Resource-Guide_May_2026.pdf,2026-10-03,
Behavioral Health,NAMI Metro Suburban,Oak Park Living Room,"A calm, home-like place to go instead of the ER when mental health symptoms rise, staffed by recovery specialists.","When an adult's mental health symptoms are rising but it is not a medical emergency: a calm alternative to the ER, open daily from noon to 8.",Adults 18+,Daily 12:00-8:00 p.m.,"708-524-2582; 816 Harrison St., Oak Park, IL 60304; walk in or call ahead; https://namimetsub.org/our-adult-programs/the-living-room/",Free,https://namimetsub.org/our-adult-programs/the-living-room/,2026-10-03,"Police, fire and ER can refer; self-referral welcome."
Behavioral Health,NAMI Metro Suburban,Drop-In Center,"Peer-run center with recovery groups, social activities and job programs for people living with mental illness.","When an adult living with mental illness wants peer support, social connection or help with work.",Adults 18+ living with a mental health condition,Mon-Fri 1:00-7:00 p.m.; Sat-Sun 2:00-6:00 p.m.,"708-524-2582; 814 Harrison St., Oak Park, IL 60304; https://namimetsub.org/our-adult-programs/the-drop-in-center/",Free (NAMI adult programs page),https://namimetsub.org/our-adult-programs/the-drop-in-center/,2026-10-03,Whether membership or registration is needed is not published; confirm 708-524-2582.
Behavioral Health,Thrive Counseling Center,"Counseling, psychiatry and case management","Individual, family and group therapy, medication management, a trauma clinic and help finding other resources.","When someone needs ongoing therapy, medication management or trauma care, including uninsured Oak Park residents.","Adults, youth, couples and families",Mon-Thu 9:00 a.m.-8:00 p.m.; Fri 9:00 a.m.-5:00 p.m.; Sat 9:00 a.m.-2:00 p.m.,"708-383-7500 (insurance questions ext. 2); access@thrivecc.org; 120 S. Marion St., Oak Park; https://thrivecc.org/","Most Medicaid, most Medicare and many BCBS plans; sliding scale for uninsured with financial hardship; free for uninsured Oak Park residents",https://thrivecc.org/faqs,2026-10-03,Does not accept every plan (for example Humana Gold Plus Medicare).
Behavioral Health,Way Back Inn,Substance use and gambling treatment,"Residential treatment for adults and outpatient groups for adults and teens, plus a family group open to Oak Park residents.","When an adult or teen needs treatment for substance use or gambling, or a family member wants support.",Adults 18+; outpatient youth ages 13-17; 2.5 residential beds reserved for Oak Park residents (CMHB),"Outpatient groups Tue and Thu 6:00-9:00 p.m., Sat 10:00 a.m.-1:00 p.m.; intake hours not published","708-345-8422 or 866-993-6503; 412 S. Wesley Ave., Oak Park (Township guide); https://waybackinn.org/home-2/our-services/","First 90 days of extended residential care free for new clients; free consultation; other costs and insurance not published, confirm 708-345-8422",https://waybackinn.org/home-2/our-services/,2026-10-03,Reserved Oak Park beds may fill; ask about a waitlist. Website gives no street address.
Behavioral Health,Live4Lali,Harm reduction outreach and peer support,"Harm reduction outreach with naloxone, safer-use supplies, basic needs and referrals to treatment.","When someone who uses drugs needs naloxone, safer-use supplies or a low-pressure path to treatment.",Anyone affected by substance use; mail-order supplies prioritize Illinois residents,Office hours Mon 10:00 a.m.-3:00 p.m. (Arlington Heights office); appointments by email request; Oak Park outreach on Wednesdays (see notes),844-LV4-LALI (844-584-5254); outreach call or text 224-297-4393; https://live4lali.org/our-programs/harmreductionoutreach/,Free and confidential (supplies),https://live4lali.org/,2026-10-03,Wednesday Oak Park times conflict: homepage says 11:00 a.m.-1:00 p.m. at 412 Wesley Ave.; outreach page says 12:00-3:00 p.m. at the Harlem/South Blvd Green Line station. Confirm 224-297-4393.
Behavioral Health,Ascension Illinois,"Behavioral health (Center for Mental Health, Melrose Park)","Mental health care for children, teens and adults, including CMHB-funded care for uninsured Oak Park residents and youth.","When a child, teen or adult needs mental health care, especially uninsured Oak Park residents and youth.","Children, teens and adults; CMHB programs for uninsured Oak Park residents and Oak Park youth 6-18",Not published online; confirm: https://healthcare.ascension.org/locations/illinois,Search Ascension Illinois locations and services: https://healthcare.ascension.org/locations/illinois,Not published online; confirm: https://healthcare.ascension.org/locations/illinois,https://healthcare.ascension.org/locations/illinois,2026-10-03,Melrose Park center page (1414 Main St.) lists intake 708-410-0615 and 24/7 crisis 708-681-4357: https://healthcare.ascension.org/locations/illinois/ilchi/melrose-park-ascension-illinois-center-for-mental-health
Behavioral Health,Community Mental Health Board of Oak Park Township,Behavioral Health Resource Guide and directories,Funds local programs and publishes the resource guides this directory draws on.,"When you need a fuller list of local mental health, substance use and disability services.",Oak Park residents,Township office Mon-Fri 9:00 a.m.-5:00 p.m. (board office hours not published),"708-358-8855; 229 Madison St., 2nd Floor, Oak Park; https://oakparktownship.org/community-mental-health/",Free,https://oakparktownship.org/community-mental-health/,2026-10-03,"Funder and directory, not a direct service."
Behavioral Health,Oak Park Public Library,Social Services team,"Short-term case management and referrals for mental health, housing, jobs, health care, immigration, domestic violence and more.","When anyone at the library needs help finding housing, benefits, jobs, health care or mental health support and doesn't know where to start.",Anyone,"Library hours (Main Library Mon-Thu 9:00 a.m.-9:00 p.m., Fri 9:00 a.m.-6:00 p.m., Sat 9:00 a.m.-5:00 p.m., Sun 12:00-5:00 p.m.); staff hours not published, confirm 708-697-6910","708-697-6910; Main Library, 834 Lake St.; also Dole and Maze branches; https://www.oppl.org/use-your-library/social-services/",Not published online; confirm: 708-697-6910,https://www.oppl.org/use-your-library/social-services/,2026-10-03,Eligibility confirmed by team on 2026-10-03. Also listed under Housing and Financial Support.
Behavioral Health,Oak Park Township,Thriving in Aging Program (TAP),"One-on-one mental health support for older adults facing stress, depression, grief, isolation or memory concerns.","When an Oak Park resident 60+ is struggling with stress, depression, grief, loneliness or memory concerns.",Oak Park residents 60+,Flexible scheduling,"708-383-8060; seniors@oakparktownship.org; Senior Services Center, 130 S. Oak Park Ave., Oak Park; https://oakparktownship.org/senior-services/#care_coordination",Free,https://oakparktownship.org/senior-services/,2026-10-03,Also listed under Senior Services.
Senior Services,Oak Park Township,Aging and Disability Resource Center,"Information and help connecting older adults, caregivers and people with disabilities to services.","First stop when an older adult, a person with a disability or a caregiver needs help but isn't sure which service fits.","Adults 60+, adults 18-59 with disabilities, caregivers and family members",Mon-Fri 9:00 a.m.-5:00 p.m.,"708-383-8060; seniors@oakparktownship.org; Senior Services Center, 130 S. Oak Park Ave., Oak Park; https://oakparktownship.org/senior-services/#aging_disability",No one is denied for inability to pay; a suggested contribution may apply (Township Senior Services overview),https://oakparktownship.org/senior-services/,2026-10-03,
Senior Services,Oak Park Township,Care Coordination & Case Management,Assessments and coordination of in-home and community services for older adults.,When an older adult needs in-home or community services arranged to keep living independently.,Oak Park and River Forest residents 60+,Mon-Fri 9:00 a.m.-5:00 p.m.,"708-383-8060; seniors@oakparktownship.org; Senior Services Center, 130 S. Oak Park Ave., Oak Park; https://oakparktownship.org/senior-services/#care_coordination",No one is denied for inability to pay; a suggested contribution may apply (Township Senior Services overview),https://oakparktownship.org/senior-services/,2026-10-03,
Senior Services,Oak Park Township,Thriving in Aging Program (TAP),"One-on-one mental health support for older adults facing stress, depression, grief, isolation or memory concerns.","When an Oak Park resident 60+ is struggling with stress, depression, grief, loneliness or memory concerns.",Oak Park residents 60+,Flexible scheduling,"708-383-8060; seniors@oakparktownship.org; Senior Services Center, 130 S. Oak Park Ave., Oak Park; https://oakparktownship.org/senior-services/#care_coordination",Free,https://oakparktownship.org/senior-services/,2026-10-03,Also listed under Behavioral Health.
Senior Services,Oak Park Township,Adult Protective Services,"Investigates and responds to abuse, neglect or exploitation of older adults and adults with disabilities.","When you suspect abuse, neglect or financial exploitation of an older adult or an adult with a disability; the state hotline takes reports 24/7.","Oak Park and River Forest residents 60+, and adults 18-59 with disabilities",Township line Mon-Fri 9:00 a.m.-5:00 p.m.; state hotline 24/7,708-383-8060; Illinois Dept. on Aging 1-866-800-1409 (24/7); https://oakparktownship.org/senior-services/#safety_protective,Not published online; confirm: 708-383-8060,https://oakparktownship.org/senior-services/,2026-10-03,Also listed under Domestic Violence.
Senior Services,Oak Park Township,Caregiver Resource Center and Memory Cafe,"Counseling, training and support groups for family caregivers, plus a monthly social hour for people with memory loss.","When a family caregiver is overwhelmed, or someone with memory loss and their caregiver want social connection.",Family caregivers of older adults; people with memory concerns and their caregivers,Mon-Fri 9:00 a.m.-5:00 p.m.; support group twice monthly 10:00 a.m.-12:00 p.m.; Memory Cafe third Tuesday 2:00-4:00 p.m.,"708-383-8060; seniors@oakparktownship.org; Senior Services Center, 130 S. Oak Park Ave., Oak Park; https://oakparktownship.org/senior-services/#caregiver_support",No one is denied for inability to pay; a suggested contribution may apply (Township Senior Services overview),https://oakparktownship.org/senior-services/,2026-10-03,
Senior Services,Oak Park Township,GUIDE Comprehensive Dementia Care,"Dementia care, caregiver support and up to $2,563 a year in respite care through Medicare.",When someone on Medicare is living with dementia and their caregiver needs support or respite.,"Medicare beneficiaries living with dementia, and their caregivers",Mon-Fri 9:00 a.m.-5:00 p.m.,"708-383-8060; seniors@oakparktownship.org; Senior Services Center, 130 S. Oak Park Ave., Oak Park; https://oakparktownship.org/guide-comprehensive-dementia-care/",No cost to eligible Medicare beneficiaries,https://oakparktownship.org/guide-comprehensive-dementia-care/,2026-10-03,
Senior Services,Oak Park Township,Senior & Disability Services Transportation,Curbside shuttle with wheelchair lifts for medical appointments and local trips; discounted taxi coupons.,When an older adult or adult with a disability needs a ride to a medical appointment or local errand; book at least a day ahead.,"Oak Park and River Forest residents 60+, and adults 18+ with disabilities",Book 24 hours to one week ahead,708-383-4806; taxi coupons 708-383-8005; https://oakparktownship.org/senior-services/#transportation,Suggested donation $1 per ride; taxi coupon books $6 for $10 of rides,https://oakparktownship.org/senior-services/,2026-10-03,
Youth/Family Services,Oak Park Township Youth & Family Services,Youth Engagement Program,"Free counseling, groups and mentoring for young people dealing with anxiety, depression, crisis, trauma or gang involvement.","When a child or teen is dealing with anxiety, depression, trauma, a crisis or gang involvement; use the referral form.",Ages 6-18 (residency rule not published; confirm 708-445-2727),Program hours not published; Township office Mon-Fri 9:00 a.m.-5:00 p.m.,"708-445-2727; youth@oakparktownship.org; 105 S. Oak Park Ave., Oak Park; referral form: https://oakparktownship.org/wp-content/uploads/2025/08/Youth-Engagement-Program-Referral-form-2025.pdf",Free,https://oakparktownship.org/youth-and-family-services/,2026-10-03,Referral form in English and Spanish.
Youth/Family Services,Oak Park Township Youth & Family Services,Community Justice Program,"Restorative circles, peer mediation, classes and free substance use counseling for teens and families.","When a high school student needs restorative support, mediation or free substance use counseling.",Oak Park and River Forest high school youth,Program hours not published; Township office Mon-Fri 9:00 a.m.-5:00 p.m.,708-445-2727 x2120; referral form: https://oakparktownship.org/wp-content/uploads/2025/08/Youth-Substance-Counseling-Referral-Form-Oak-Park-Township.pdf; https://oakparktownship.org/youth-and-family-services/,Free,https://oakparktownship.org/youth-and-family-services/,2026-10-03,
Youth/Family Services,Oak Park Township Youth & Family Services,Financial Assistance Scholarships (FAS),Helps pay registration fees for activities a family cannot afford.,When a family can't afford a child's activity fees; a referring agency applies at least two weeks before the program starts.,"Family lives in, or child attends school in, Oak Park (ages 6-17) or River Forest (ages 5-17); income at or below 185% of poverty (e.g., $51,338 for a family of 4)",Program hours not published; Township office Mon-Fri 9:00 a.m.-5:00 p.m.,"708-445-2727; youth@oakparktownship.org; 105 S. Oak Park Ave., Oak Park; application: https://oakparktownship.org/wp-content/uploads/2026/04/FAS-Application-FY27.pdf",Up to $300 per child and $600 per family a year; family pays part (about one third recommended),https://oakparktownship.org/wp-content/uploads/2026/04/FAS-Application-FY27.pdf,2026-10-03,A referring agency submits the form at least 2 weeks before the program starts. Also listed under Financial Support.
Youth/Family Services,New Moms,Family Support (Oak Park center),"Home visiting, parent coaching and support groups for young parents.","When a young or expecting parent wants home visits, parenting coaching or a support group.",Parents 24 and under; families with children 0-3 get home-visiting priority; prenatal group open to everyone,9:00 a.m.-5:00 p.m. (from a 2019 FAQ; confirm 773-252-3253),"773-252-3253; 206 Chicago Ave., Oak Park; enroll: https://newmoms.org/intake-form/; https://newmoms.org/family-support/",Not published online; confirm: 773-252-3253,https://newmoms.org/family-support/,2026-10-03,"Phone confirmed by team on 2026-10-03; it is the Chicago headquarters line. Oak Park housing is through Coordinated Entry (877-426-6515), not direct application."
Youth/Family Services,Smart Love Family Services,It Takes a Village (ITAV),"Free groups for parents and youth of color, plus free parent seminars.",When parents or youth of color want free groups or parenting seminars. Call first: the schedule may be out of date.,Parents and youth of color; youth group ages 6-18,Parent groups not currently offered; posted youth group schedule appears out of date (confirm 773-665-8052 x4),"773-665-8052 x4; intake@smartlovefamily.org; 1010 Lake St., Suite 500, Oak Park; https://www.smartlovefamily.org/fsp",Free,https://www.smartlovefamily.org/fsp,2026-10-03,Potentially out of date: parent groups not currently offered and the posted youth schedule is from an earlier year. Call 773-665-8052 x4 to confirm before referring. Register through the intake form on the page; a clinician follows up.
Youth/Family Services,YEMBA,Mentorship Empowerment Program (M.E.P.),"Free after-school mentoring at Brooks and Julian middle schools, plus summer programs.",When a Brooks or Julian middle school student would benefit from free after-school mentoring.,Grades 6-8 (M.E.P.); summer program for rising 6th and 9th graders,After school (days and times not published; confirm 708-719-6700); summer 2027 applications open spring 2027,"708-719-6700; yemba@yemba-inc.org; 218 Lake St., Oak Park; https://www.yemba-inc.org/programs-2025",Free (M.E.P.); rising 9th graders receive stipends,https://www.yemba-inc.org/programs-2025,2026-10-03,Use the www address; the bare domain has a certificate error.
Youth/Family Services,Hephzibah Children's Association,After-school and summer program with social work support,After-school care and summer camp with social workers who help children with behavior and relationships.,"When a working or studying parent needs after-school or summer care for a K-5 child, with social work support.",Grades K-5 at District 97 schools (current openings Irving and Lincoln); guardian must be working or in school/training,Summer camp Mon-Fri 9:00 a.m.-5:00 p.m.; after-school times not published (late fee after 6:00 p.m.),"708-649-7093 (after-school); 1144 Lake St., Oak Park; https://www.hephzibahhome.org/after-school-summer-camp/","Sliding scale by income: 2026-27 full time $1,638 to $4,671 a year, plus $100 enrollment fee",https://www.hephzibahhome.org/after-school-summer-camp/,2026-10-03,"Main phone differs: website 708-649-7140, Township guide 708-649-7100. Family services are by DCFS referral only."
Youth/Family Services,National Runaway Safeline,Homeless youth / runaway hotline,Hotline for young people who have run away or are homeless.,When a young person has run away or is homeless and needs someone to talk to.,Young people who have run away or are homeless,Not published online; confirm: 1-800-786-2929,1-800-RUNAWAY (1-800-786-2929); listed on the Village Street Outreach Card: https://www.oak-park.us/files/assets/oakpark/v/2/neighborhood-services/streetoutreachcards_oct-1.pdf,Not published online; confirm: 1-800-786-2929,https://www.oak-park.us/files/assets/oakpark/v/2/neighborhood-services/streetoutreachcards_oct-1.pdf,2026-10-03,Listed on the Village Street Outreach Card. Also listed under Unhoused Resident.
Financial Support,Oak Park Township,General Assistance,Monthly payments to help adults meet basic needs.,When an Oak Park adult has no income and doesn't qualify for other government aid.,Oak Park residents 18+; not custodial parent of a minor; US citizen or qualified immigrant; income and asset limits; not eligible for other government aid; seeking work or applying for SSI/SSDI,Mon-Fri 9:00 a.m.-5:00 p.m.,"708-383-8005 (appointment required, no walk-ins); 105 S. Oak Park Ave., Oak Park; intake@oakparktownship.org; https://oakparktownship.org/general-assistance/#general_assistance_qualifications",Cash benefit; no fee,https://oakparktownship.org/general-assistance/,2026-10-03,Income dollar limits not published; confirm 708-383-8005.
Financial Support,Oak Park Township,Emergency Assistance,"One-time help (up to $1,600) with an emergency such as past-due rent, utilities or a shut-off notice.","When an Oak Park household faces a one-time emergency such as past-due rent, a utility shut-off or overdue bills.","Oak Park residents; once per program year (Apr-Mar); under $5,000 in cash or bank; income limits (e.g., $6,500 per 30 days for a household of 4); not receiving or applying for GA, SSI or TANF",Mon-Fri 9:00 a.m.-5:00 p.m.,"708-383-8005 (appointment required, no walk-ins); 105 S. Oak Park Ave., Oak Park; https://oakparktownship.org/download/2024-emergency-assistance-flyer/",Assistance paid on your behalf; no fee,https://oakparktownship.org/download/2024-emergency-assistance-flyer/,2026-10-03,Flyer uses 2024 poverty guidelines and may be out of date; confirm limits with 708-383-8005.
Financial Support,Oak Park Township (with CEDA),"Energy assistance (LIHEAP, emergency furnace, weatherization)","Help with gas and electric bills, emergency furnace repair and weatherization.",When a household can't pay gas or electric bills or the furnace has failed.,"Income limits (e.g., $62,400 a year for a household of 4); no SSN or ITIN needed","Mon-Fri 9:00 a.m.-5:00 p.m.; 2025-26 season ran Oct 1, 2025-Aug 15, 2026 (2026-27 dates not yet published)",708-383-8005 (appointment); https://oakparktownship.org/wp-content/uploads/2025/09/Energy-Services-Flyer-2025_RV.pdf,Assistance paid on your behalf; no fee,https://oakparktownship.org/wp-content/uploads/2025/09/Energy-Services-Flyer-2025_RV.pdf,2026-10-03,"Flyer is for the 2025-26 season. Nicor Sharing applications may go through Prevail, 848 Lake St., 708-386-1946."
Financial Support,Oak Park Township,Senior benefits assistance and SHIP Medicare counseling,"Help applying for Medicare, Medicaid, SNAP and Ride Free Transit, and one-on-one Medicare plan counseling.",When an older adult needs help applying for benefits or choosing a Medicare plan.,Adults 60+ and Medicare beneficiaries,Mon-Fri 9:00 a.m.-5:00 p.m.,"708-383-8060; seniors@oakparktownship.org; Senior Services Center, 130 S. Oak Park Ave., Oak Park; https://oakparktownship.org/senior-services/#aging_disability",SHIP counseling free; benefits help: No one is denied for inability to pay; a suggested contribution may apply (Township Senior Services overview),https://oakparktownship.org/senior-services/,2026-10-03,
Financial Support,Oak Park Township,Money Management Program,Help with paying bills and managing finances for older adults.,When an older adult is struggling to keep up with bills and finances.,Older adults who have trouble managing money; income and asset limits (figures not published),Mon-Fri 9:00 a.m.-5:00 p.m.,"708-383-8060; seniors@oakparktownship.org; Senior Services Center, 130 S. Oak Park Ave., Oak Park; https://oakparktownship.org/download/money-management-program-brochure/",Not published online; confirm: 708-383-8060,https://oakparktownship.org/senior-services/,2026-10-03,
Financial Support,Oak Park Public Library,Social Services team,"Short-term case management and referrals for mental health, housing, jobs, health care, immigration, domestic violence and more.","When anyone at the library needs help finding housing, benefits, jobs, health care or mental health support and doesn't know where to start.",Anyone,"Library hours (Main Library Mon-Thu 9:00 a.m.-9:00 p.m., Fri 9:00 a.m.-6:00 p.m., Sat 9:00 a.m.-5:00 p.m., Sun 12:00-5:00 p.m.); staff hours not published, confirm 708-697-6910","708-697-6910; Main Library, 834 Lake St.; also Dole and Maze branches; https://www.oppl.org/use-your-library/social-services/",Not published online; confirm: 708-697-6910,https://www.oppl.org/use-your-library/social-services/,2026-10-03,Eligibility confirmed by team on 2026-10-03. Also listed under Behavioral Health and Housing.
Financial Support,Oak Park Township Youth & Family Services,Financial Assistance Scholarships (FAS),Helps pay registration fees for activities a family cannot afford.,When a family can't afford a child's activity fees; a referring agency applies at least two weeks before the program starts.,"Family lives in, or child attends school in, Oak Park (ages 6-17) or River Forest (ages 5-17); income at or below 185% of poverty (e.g., $51,338 for a family of 4)",Program hours not published; Township office Mon-Fri 9:00 a.m.-5:00 p.m.,"708-445-2727; youth@oakparktownship.org; 105 S. Oak Park Ave., Oak Park; application: https://oakparktownship.org/wp-content/uploads/2026/04/FAS-Application-FY27.pdf",Up to $300 per child and $600 per family a year; family pays part (about one third recommended),https://oakparktownship.org/wp-content/uploads/2026/04/FAS-Application-FY27.pdf,2026-10-03,A referring agency submits the form at least 2 weeks before the program starts. Also listed under Youth/Family Services.
Financial Support,Beyond Hunger,Benefits help (SNAP),Help applying for SNAP and other public benefits.,"When someone needs help applying for SNAP or other public benefits, wherever they live.",Anyone; you do not need to live in the service area,Phone Tue-Fri 9:00 a.m.-5:00 p.m.; drop-in times not published (appointments available),708-386-1324 x1106 (Spanish x2119); 708-406-7295; benefits@gobeyondhunger.org; https://www.gobeyondhunger.org/programs/benefits-services,Not published online; confirm: 708-386-1324 x1106,https://www.gobeyondhunger.org/programs/benefits-services,2026-10-03,Bring Illinois photo ID. Also listed under Food Services.
Domestic Violence,Sarah's Inn,"Crisis line, advocacy and counseling","Crisis support, safety planning, shelter help, counseling and court advocacy for survivors and their children, in English and Spanish.",When someone is experiencing domestic violence; they need to call the 24-hour line themselves to start.,Anyone who identifies as having experienced domestic violence; no proof required,Crisis and text lines 24/7; office hours not published,"Hotline 708-386-4225; text 708-669-6149; office 708-386-3305; 1547 Circle Ave., Forest Park; https://sarahsinn.org/find-help",Free and confidential,https://sarahsinn.org/find-help/what-we-do,2026-10-03,Survivors must call the crisis line themselves to start; referrals from others are not accepted. Address from the Township Resource Guide; Forest Park borders Oak Park.
Domestic Violence,Sarah's Inn,Together Strong (prevention),"School-based healthy-relationship education for teens, educators and parents.","When a school or group wants healthy-relationship education for teens, educators or parents.","Adolescents, educators and parents (schools appear to request it; confirm)",Not published online; confirm: 708-386-3305 x1027,708-386-3305 x1027; chidoril@sarahsinn.org; https://sarahsinn.org/find-help/what-we-do,Not published online; confirm: 708-386-3305,https://sarahsinn.org/find-help/what-we-do,2026-10-03,
Domestic Violence,Illinois Domestic Violence Hotline,Statewide hotline,Statewide domestic violence hotline.,"When someone experiencing domestic violence needs help, anywhere in Illinois.",Not published online; confirm: 877-863-6338,Not published online; confirm: 877-863-6338,877-863-6338; listed on the Village Street Outreach Card: https://www.oak-park.us/files/assets/oakpark/v/2/neighborhood-services/streetoutreachcards_oct-1.pdf,Not published online; confirm: 877-863-6338,https://www.oak-park.us/files/assets/oakpark/v/2/neighborhood-services/streetoutreachcards_oct-1.pdf,2026-10-03,Listed on the Village Street Outreach Card.
Domestic Violence,Pillars Community Health,24-hour domestic violence and sexual assault lines,Confidential 24-hour hotlines and services for domestic violence and sexual assault.,When someone has experienced domestic violence or sexual assault and needs confidential help at any hour.,Anyone,24 hours,DV 708-485-5254; sexual assault 708-482-9600; https://pillarscommunityhealth.org/services/domestic-and-sexual-violence-services/domestic-violence-services/,Free,https://pillarscommunityhealth.org/services/domestic-and-sexual-violence-services/domestic-violence-services/,2026-10-03,
Domestic Violence,Oak Park Township,Adult Protective Services,"Investigates and responds to abuse, neglect or exploitation of older adults and adults with disabilities.","When you suspect abuse, neglect or financial exploitation of an older adult or an adult with a disability; the state hotline takes reports 24/7.","Oak Park and River Forest residents 60+, and adults 18-59 with disabilities",Township line Mon-Fri 9:00 a.m.-5:00 p.m.; state hotline 24/7,708-383-8060; Illinois Dept. on Aging 1-866-800-1409 (24/7); https://oakparktownship.org/senior-services/#safety_protective,Not published online; confirm: 708-383-8060,https://oakparktownship.org/senior-services/,2026-10-03,Also listed under Senior Services.
Medical Support,Infant Welfare Society Children's Clinic,"Medical, dental and behavioral health for children","Pediatric medical, dental and behavioral health care, with social workers who help with other needs.","When a child or young adult under 21 needs a doctor, dentist or counselor, with or without insurance.","Infants, children and young adults up to 21; all welcome regardless of insurance or ability to pay","Mon 9:00 a.m.-5:00 p.m.; Tue 11:00 a.m.-7:00 p.m. dental, 3:00-7:00 p.m. medical; Wed-Fri 9:00 a.m.-5:00 p.m.; first Saturday 9:00 a.m.-12:00 p.m. (closed Saturdays June-August)","708-848-0528; 28 Madison St., Oak Park; https://childrenscliniciws.org/hours-and-location","Medicaid/AllKids and some private insurance; sliding scale for uninsured, visits from $30",https://childrenscliniciws.org/payment-options,2026-10-03,
Medical Support,Pillars Community Health,Community health center,"Primary medical, dental and behavioral health care.","When someone needs a regular doctor, dentist or behavioral health care and has limited or no insurance.","All patients, regardless of insurance status or age",Hours vary by location; after hours call 708-745-5277,"708-745-5277 (708-PILLARS); health center 321 N. La Grange Rd., La Grange Park; behavioral health 6918 Windsor Ave. and 6415 Stanley Ave., Berwyn; https://pillarscommunityhealth.org/about-us/locations/",Some services on a sliding scale; no one turned away for inability to pay,https://pillarscommunityhealth.org/about-us/payment-and-insurance/,2026-10-03,"Also runs a 24-hour mental health crisis line, 708-627-4747."
Medical Support,Alivio Medical Center,Community health center (Berwyn),"Family medicine, pediatrics, dental, behavioral health, walk-in immediate care, pharmacy and lab.","When someone needs primary care, dental care or walk-in immediate care and has limited or no insurance.",No one denied for inability to pay,"Mon, Tue, Thu, Fri 8:30 a.m.-5:30 p.m.; Wed 1:00-8:00 p.m.; every other Sat 8:30 a.m.-3:00 p.m. Walk-in care Mon-Fri 9:00 a.m.-1:00 p.m. and 2:00-6:00 p.m., Sat 9:00 a.m.-1:00 p.m.","773-254-1400; 6447 W. Cermak Rd., Berwyn; https://alivio.org/locations/berwyn/","Medicaid, Medicare, private and Marketplace insurance; sliding scale by family size and income; small fee at visit",https://alivio.org/payment/,2026-10-03,
Food Services,Beyond Hunger,Food pantry grocery pickup,Groceries each month for anyone in need; no proof of income needed.,When a household needs groceries; no proof of income is required.,"Illinois residents, priority to Oak Park, River Forest, Forest Park and nearby ZIP codes",Wed 3:30-5:30 p.m.; Sat 9:00 a.m.-12:00 p.m.,"708-386-1324 x1114; 848 Lake St. (lower level, First United Church), Oak Park; https://www.gobeyondhunger.org/get-food",Not stated online (no proof of income required); confirm 708-386-1324,https://www.gobeyondhunger.org/get-food,2026-10-03,Bring a cart or large suitcase; first visit needs a registration form.
Food Services,Beyond Hunger,Benefits help (SNAP),Help applying for SNAP and other public benefits.,"When someone needs help applying for SNAP or other public benefits, wherever they live.",Anyone; you do not need to live in the service area,Phone Tue-Fri 9:00 a.m.-5:00 p.m.; drop-in times not published (appointments available),708-386-1324 x1106 (Spanish x2119); 708-406-7295; benefits@gobeyondhunger.org; https://www.gobeyondhunger.org/programs/benefits-services,Not published online; confirm: 708-386-1324 x1106,https://www.gobeyondhunger.org/programs/benefits-services,2026-10-03,Bring Illinois photo ID. Also listed under Financial Support.
Food Services,Beyond Hunger,Home delivery,"Monthly grocery delivery, ordered by phone, for people who cannot get to the pantry.",When someone homebound or disabled can't get to the pantry and needs groceries delivered.,"Homebound or disabled residents of Oak Park, River Forest or Austin who cannot visit or send someone",Monthly; delivery days not published,Oak Park residents sign up through Township Senior Services 708-383-8060; program 708-512-5010; https://www.gobeyondhunger.org/programs/home-delivery,Not published online; confirm: 708-512-5010,https://www.gobeyondhunger.org/programs/home-delivery,2026-10-03,
Food Services,Oak Park Township,Home Delivered Meals,"Meals delivered to homebound older adults, with a friendly check-in.",When an older adult who is homebound can't easily cook or shop.,"Homebound residents 60+, regardless of income; in-home assessment required",Mon-Fri 9:00 a.m.-5:00 p.m.,708-383-8060; hdmreferrals@oakparktownship.org; https://oakparktownship.org/senior-services/#food_nutrition,Not published online; confirm: 708-383-8060,https://oakparktownship.org/senior-services/,2026-10-03,
Food Services,Oak Park Township,Dine-In Lunch Program,Daily lunch with company and activities; no reservation needed.,When an older adult would benefit from a low-cost hot lunch and company on weekdays.,Ages 60+ (guests under 60 pay the guest fee),Mon-Fri 11:00 a.m.-1:00 p.m.,"708-383-8060 or nutrition hotline 708-725-9129; 130 S. Oak Park Ave., Oak Park; https://oakparktownship.org/senior-services/#food_nutrition",Suggested donation $1.50 (60+); $8.50 guest fee (under 60),https://oakparktownship.org/senior-services/,2026-10-03,
