tree_id,set,itree_species,species_match,dbh_in,runoff_gal_yr,runoff_value_usd_yr,tp_lbs_yr,tn_lbs_yr,tss_lbs_yr
7267,largest-100,Ulmus americana,species,70.0,2895.8,25.86,0.015708,0.2898,7.1115
809,largest-100,Ulmus americana,species,63.0,2504.19,22.36,0.013584,0.2506,6.1498
1859,largest-100,Ulmus americana,species,63.0,2504.19,22.36,0.013584,0.2506,6.1498
4402,largest-100,Acer platanoides,species,60.0,7045.59,62.92,0.038219,0.705,17.3026
6185,largest-100,Ulmus americana,species,59.0,2283.51,20.39,0.012387,0.2285,5.6078
6074,largest-100,Ulmus americana,species,57.0,2521.26,22.51,0.013677,0.2523,6.1917
9104,largest-100,Ulmus americana,species,57.0,2521.26,22.51,0.013677,0.2523,6.1917
3729,largest-100,Ulmus americana,species,56.0,2658.93,23.74,0.014423,0.2661,6.5298
5969,largest-100,Acer saccharinum,species,56.0,7643.64,68.26,0.041463,0.7648,18.7712
14069,largest-100,Ulmus americana,species,56.0,2658.93,23.74,0.014423,0.2661,6.5298
13773,largest-100,Ulmus americana,species,55.0,2801.06,25.01,0.015194,0.2803,6.8788
926,largest-100,Ulmus americana,species,54.0,2947.26,26.32,0.015987,0.2949,7.2379
11909,largest-100,Ulmus americana,species,54.0,2947.26,26.32,0.015987,0.2949,7.2379
1994,largest-100,Ulmus americana,species,53.0,3097.09,27.66,0.0168,0.3099,7.6058
7215,largest-100,Ulmus americana,species,53.0,3097.09,27.66,0.0168,0.3099,7.6058
13432,largest-100,Ulmus pumila,species,53.0,1951.37,17.43,0.010585,0.1953,4.7922
17307,largest-100,Acer saccharinum,species,53.0,7426.34,66.32,0.040284,0.7431,18.2376
2910,largest-100,Ulmus americana,species,52.0,3250.04,29.02,0.01763,0.3252,7.9815
7231,largest-100,Ulmus americana,species,52.0,3250.04,29.02,0.01763,0.3252,7.9815
9727,largest-100,Ulmus americana,species,51.0,3405.52,30.41,0.018473,0.3408,8.3633
12234,largest-100,Ulmus americana,species,51.0,3405.52,30.41,0.018473,0.3408,8.3633
5781,largest-100,Ulmus americana,species,50.0,3562.86,31.82,0.019327,0.3565,8.7497
6158,largest-100,Ulmus americana,species,50.0,3562.86,31.82,0.019327,0.3565,8.7497
6516,largest-100,Quercus macrocarpa,species,50.0,2098.94,18.74,0.011386,0.21,5.1546
10367,largest-100,Ulmus americana,species,50.0,3562.86,31.82,0.019327,0.3565,8.7497
10738,largest-100,Acer saccharinum,species,50.0,7180.89,64.13,0.038953,0.7185,17.6348
16458,largest-100,Acer saccharinum,species,50.0,7180.89,64.13,0.038953,0.7185,17.6348
1064,largest-100,Ulmus americana,species,49.0,3721.34,33.23,0.020186,0.3724,9.1389
4560,largest-100,Ulmus americana,species,49.0,3721.34,33.23,0.020186,0.3724,9.1389
6364,largest-100,Ulmus americana,species,49.0,3721.34,33.23,0.020186,0.3724,9.1389
11725,largest-100,Ulmus americana,species,49.0,3721.34,33.23,0.020186,0.3724,9.1389
14188,largest-100,Ulmus americana,species,49.0,3721.34,33.23,0.020186,0.3724,9.1389
16908,largest-100,Ulmus americana,species,49.0,3721.34,33.23,0.020186,0.3724,9.1389
6508,largest-100,Acer saccharinum,species,48.0,7001.69,62.53,0.037981,0.7006,17.1948
10289,largest-100,Quercus rubra,species,48.0,1617.68,14.45,0.008775,0.1619,3.9727
11709,largest-100,Ulmus americana,species,48.0,3880.13,34.65,0.021048,0.3883,9.5288
13755,largest-100,Acer saccharinum,species,48.0,7001.69,62.53,0.037981,0.7006,17.1948
15996,largest-100,Ulmus americana,species,48.0,3880.13,34.65,0.021048,0.3883,9.5288
16449,largest-100,Celtis occidentalis,species,48.0,2754.92,24.6,0.014944,0.2757,6.7655
698,largest-100,Acer saccharinum,species,47.0,6907.45,61.68,0.03747,0.6912,16.9633
5069,largest-100,Acer saccharinum,species,47.0,6907.45,61.68,0.03747,0.6912,16.9633
16862,largest-100,Ulmus pumila,species,47.0,1703.0,15.21,0.009238,0.1704,4.1822
1477,largest-100,Ulmus americana,species,46.0,4195.09,37.46,0.022756,0.4198,10.3023
5944,largest-100,Ulmus americana,species,46.0,4195.09,37.46,0.022756,0.4198,10.3023
6130,largest-100,Ulmus americana,species,46.0,4195.09,37.46,0.022756,0.4198,10.3023
6964,largest-100,Ulmus americana,species,46.0,4195.09,37.46,0.022756,0.4198,10.3023
7705,largest-100,Ulmus americana,species,46.0,4195.09,37.46,0.022756,0.4198,10.3023
10465,largest-100,Tilia tomentosa,species,46.0,3999.17,35.71,0.021694,0.4002,9.8212
12140,largest-100,Ulmus americana,species,46.0,4195.09,37.46,0.022756,0.4198,10.3023
12816,largest-100,Ulmus americana,species,46.0,4195.09,37.46,0.022756,0.4198,10.3023
13685,largest-100,Ulmus americana,species,46.0,4195.09,37.46,0.022756,0.4198,10.3023
13865,largest-100,Ulmus americana,species,46.0,4195.09,37.46,0.022756,0.4198,10.3023
16272,largest-100,Ulmus americana,species,46.0,4195.09,37.46,0.022756,0.4198,10.3023
16741,largest-100,Acer saccharinum,species,46.0,6810.14,60.81,0.036942,0.6814,16.7243
20095,largest-100,Ulmus americana,species,46.0,4195.09,37.46,0.022756,0.4198,10.3023
2016,largest-100,Ulmus americana,species,45.0,4349.31,38.84,0.023593,0.4352,10.681
6387,largest-100,Quercus macrocarpa,species,45.0,2066.11,18.45,0.011208,0.2067,5.074
6434,largest-100,Ulmus americana,species,45.0,4349.31,38.84,0.023593,0.4352,10.681
7819,largest-100,Ulmus americana,species,45.0,4349.31,38.84,0.023593,0.4352,10.681
8165,largest-100,Ulmus procera,species,45.0,1254.32,11.2,0.006804,0.1255,3.0803
8451,largest-100,Ulmus americana,species,45.0,4349.31,38.84,0.023593,0.4352,10.681
8831,largest-100,Ulmus americana,species,45.0,4349.31,38.84,0.023593,0.4352,10.681
9689,largest-100,Ulmus americana,species,45.0,4349.31,38.84,0.023593,0.4352,10.681
11482,largest-100,Acer saccharinum,species,45.0,6709.76,59.92,0.036397,0.6714,16.4778
12064,largest-100,Acer saccharinum,species,45.0,6709.76,59.92,0.036397,0.6714,16.4778
12557,largest-100,Ulmus americana,species,45.0,4349.31,38.84,0.023593,0.4352,10.681
15741,largest-100,Ulmus americana,species,45.0,4349.31,38.84,0.023593,0.4352,10.681
16088,largest-100,Ulmus americana,species,45.0,4349.31,38.84,0.023593,0.4352,10.681
16254,largest-100,Ulmus americana,species,45.0,4349.31,38.84,0.023593,0.4352,10.681
16286,largest-100,Ulmus americana,species,45.0,4349.31,38.84,0.023593,0.4352,10.681
18173,largest-100,Tilia,genus only,45.0,4145.8,37.02,0.022489,0.4148,10.1812
18854,largest-100,Acer saccharinum,species,45.0,6709.76,59.92,0.036397,0.6714,16.4778
1821,largest-100,Ulmus americana,species,44.0,4499.96,40.18,0.02441,0.4503,11.051
1944,largest-100,Quercus rubra,species,44.0,2140.66,19.12,0.011612,0.2142,5.257
2015,largest-100,Quercus macrocarpa,species,44.0,2248.74,20.08,0.012198,0.225,5.5225
3157,largest-100,Ulmus americana,species,44.0,4499.96,40.18,0.02441,0.4503,11.051
3705,largest-100,Quercus palustris,species,44.0,12109.44,108.14,0.065688,1.2117,29.7384
5577,largest-100,Ulmus americana,species,44.0,4499.96,40.18,0.02441,0.4503,11.051
5937,largest-100,Ulmus americana,species,44.0,4499.96,40.18,0.02441,0.4503,11.051
7623,largest-100,Acer saccharinum,species,44.0,6606.34,58.99,0.035836,0.661,16.2238
8117,largest-100,Ulmus americana,species,44.0,4499.96,40.18,0.02441,0.4503,11.051
8315,largest-100,Ulmus americana,species,44.0,4499.96,40.18,0.02441,0.4503,11.051
8523,largest-100,Ulmus americana,species,44.0,4499.96,40.18,0.02441,0.4503,11.051
8525,largest-100,Ulmus americana,species,44.0,4499.96,40.18,0.02441,0.4503,11.051
9375,largest-100,Ulmus americana,species,44.0,4499.96,40.18,0.02441,0.4503,11.051
9376,largest-100,Ulmus americana,species,44.0,4499.96,40.18,0.02441,0.4503,11.051
9444,largest-100,Ulmus americana,species,44.0,4499.96,40.18,0.02441,0.4503,11.051
9726,largest-100,Acer saccharinum,species,44.0,6606.34,58.99,0.035836,0.661,16.2238
12314,largest-100,Catalpa speciosa,species,44.0,5378.4,48.03,0.029175,0.5382,13.2083
12600,largest-100,Ulmus americana,species,44.0,4499.96,40.18,0.02441,0.4503,11.051
12938,largest-100,Ulmus americana,species,44.0,4499.96,40.18,0.02441,0.4503,11.051
12949,largest-100,Ulmus americana,species,44.0,4499.96,40.18,0.02441,0.4503,11.051
15820,largest-100,Ulmus americana,species,44.0,4499.96,40.18,0.02441,0.4503,11.051
15929,largest-100,Acer saccharinum,species,44.0,6606.34,58.99,0.035836,0.661,16.2238
16551,largest-100,Acer saccharinum,species,44.0,6606.34,58.99,0.035836,0.661,16.2238
18611,largest-100,Ulmus americana,species,44.0,4499.96,40.18,0.02441,0.4503,11.051
1005,largest-100,Platanus occidentalis,species,43.0,13141.62,117.35,0.071287,1.315,32.2732
1590,largest-100,Quercus palustris,species,43.0,11961.06,106.81,0.064883,1.1968,29.374
6880,largest-100,Ulmus americana,species,43.0,4645.92,41.49,0.025202,0.4649,11.4095
7853,largest-100,Ulmus americana,species,43.0,4645.92,41.49,0.025202,0.4649,11.4095
4375,smallest-100,Populus,genus only,1.0,9.5,0.08,5.2e-05,0.001,0.0233
6803,smallest-100,Gleditsia triacanthos,species,1.0,26.38,0.24,0.000143,0.0026,0.0648
7355,smallest-100,Prunus,genus only,1.0,21.36,0.19,0.000116,0.0021,0.0524
7356,smallest-100,Prunus,genus only,1.0,21.36,0.19,0.000116,0.0021,0.0524
13029,smallest-100,Prunus,genus only,1.0,21.36,0.19,0.000116,0.0021,0.0524
13844,smallest-100,Quercus macrocarpa,species,1.0,30.56,0.27,0.000166,0.0031,0.075
13847,smallest-100,Quercus macrocarpa,species,1.0,30.56,0.27,0.000166,0.0031,0.075
14214,smallest-100,Celtis occidentalis,species,1.0,23.98,0.21,0.00013,0.0024,0.0589
20146,smallest-100,Quercus rubra,species,1.0,28.02,0.25,0.000152,0.0028,0.0688
20194,smallest-100,Rhus,genus only,1.0,22.26,0.2,0.000121,0.0022,0.0547
20689,smallest-100,Nyssa sylvatica,species,1.0,14.95,0.13,8.1e-05,0.0015,0.0367
20772,smallest-100,Quercus macrocarpa,species,1.0,30.56,0.27,0.000166,0.0031,0.075
20788,smallest-100,Acer rubrum,species,1.0,15.72,0.14,8.5e-05,0.0016,0.0386
20815,smallest-100,Quercus macrocarpa,species,1.0,30.56,0.27,0.000166,0.0031,0.075
20866,smallest-100,Acer,genus only,1.0,32.89,0.29,0.000178,0.0033,0.0808
20989,smallest-100,Nyssa sylvatica,species,1.0,14.95,0.13,8.1e-05,0.0015,0.0367
21049,smallest-100,Nyssa sylvatica,species,1.0,14.95,0.13,8.1e-05,0.0015,0.0367
21462,smallest-100,Syringa,genus only,1.0,27.84,0.25,0.000151,0.0028,0.0684
21909,smallest-100,Quercus bicolor,species,1.0,27.08,0.24,0.000147,0.0027,0.0665
21910,smallest-100,Quercus bicolor,species,1.0,27.08,0.24,0.000147,0.0027,0.0665
21918,smallest-100,Gleditsia triacanthos,species,1.0,26.38,0.24,0.000143,0.0026,0.0648
21938,smallest-100,Acer saccharinum,species,1.0,18.0,0.16,9.8e-05,0.0018,0.0442
21991,smallest-100,Quercus alba,species,1.0,30.44,0.27,0.000165,0.003,0.0748
22269,smallest-100,Acer saccharinum,species,1.0,18.0,0.16,9.8e-05,0.0018,0.0442
22270,smallest-100,Quercus bicolor,species,1.0,27.08,0.24,0.000147,0.0027,0.0665
22271,smallest-100,Cornus,genus only,1.0,17.99,0.16,9.8e-05,0.0018,0.0442
22277,smallest-100,Acer,genus only,1.0,32.89,0.29,0.000178,0.0033,0.0808
22329,smallest-100,Picea,genus only,1.0,12.93,0.12,7e-05,0.0013,0.0317
22386,smallest-100,Quercus macrocarpa,species,1.0,30.56,0.27,0.000166,0.0031,0.075
22401,smallest-100,Cornus,genus only,1.0,17.99,0.16,9.8e-05,0.0018,0.0442
22455,smallest-100,Catalpa speciosa,species,1.0,22.76,0.2,0.000123,0.0023,0.0559
22502,smallest-100,Carya ovata,species,1.0,20.15,0.18,0.000109,0.002,0.0495
22653,smallest-100,Quercus rubra,species,1.0,28.02,0.25,0.000152,0.0028,0.0688
22671,smallest-100,Ostrya virginiana,species,1.0,25.52,0.23,0.000138,0.0026,0.0627
22676,smallest-100,Cornus,genus only,1.0,17.99,0.16,9.8e-05,0.0018,0.0442
22689,smallest-100,Ginkgo biloba,species,1.0,20.93,0.19,0.000114,0.0021,0.0514
22699,smallest-100,Ginkgo biloba,species,1.0,20.93,0.19,0.000114,0.0021,0.0514
22748,smallest-100,Acer rubrum,species,1.0,15.72,0.14,8.5e-05,0.0016,0.0386
22750,smallest-100,Quercus rubra,species,1.0,28.02,0.25,0.000152,0.0028,0.0688
22866,smallest-100,Aesculus glabra,species,1.0,30.93,0.28,0.000168,0.0031,0.076
23029,smallest-100,Acer rubrum,species,1.0,15.72,0.14,8.5e-05,0.0016,0.0386
23039,smallest-100,Ginkgo biloba,species,1.0,20.93,0.19,0.000114,0.0021,0.0514
23231,smallest-100,Acer x freemanii,species,1.0,32.89,0.29,0.000178,0.0033,0.0808
23253,smallest-100,Quercus macrocarpa,species,1.0,30.56,0.27,0.000166,0.0031,0.075
23255,smallest-100,Acer rubrum,species,1.0,15.72,0.14,8.5e-05,0.0016,0.0386
23348,smallest-100,Fagus sylvatica,species,1.0,35.07,0.31,0.00019,0.0035,0.0861
23400,smallest-100,Ginkgo biloba,species,1.0,20.93,0.19,0.000114,0.0021,0.0514
23415,smallest-100,Amelanchier,genus only,1.0,16.97,0.15,9.2e-05,0.0017,0.0417
23422,smallest-100,Fagus sylvatica,species,1.0,35.07,0.31,0.00019,0.0035,0.0861
23432,smallest-100,Gymnocladus dioica,species,1.0,33.84,0.3,0.000184,0.0034,0.0831
23444,smallest-100,Catalpa speciosa,species,1.0,22.76,0.2,0.000123,0.0023,0.0559
23466,smallest-100,Quercus bicolor,species,1.0,27.08,0.24,0.000147,0.0027,0.0665
23473,smallest-100,Acer griseum,species,1.0,32.89,0.29,0.000178,0.0033,0.0808
23480,smallest-100,Quercus imbricaria,species,1.0,19.56,0.17,0.000106,0.002,0.048
23602,smallest-100,Fagus sylvatica,species,1.0,35.07,0.31,0.00019,0.0035,0.0861
23653,smallest-100,Cladrastis kentukea,species,1.0,18.1,0.16,9.8e-05,0.0018,0.0444
23660,smallest-100,Cladrastis kentukea,species,1.0,18.1,0.16,9.8e-05,0.0018,0.0444
23669,smallest-100,Taxodium distichum,species,1.0,16.5,0.15,9e-05,0.0017,0.0405
23670,smallest-100,Betula nigra,species,1.0,39.09,0.35,0.000212,0.0039,0.096
23671,smallest-100,Quercus rubra,species,1.0,28.02,0.25,0.000152,0.0028,0.0688
23674,smallest-100,Ginkgo biloba,species,1.0,20.93,0.19,0.000114,0.0021,0.0514
23678,smallest-100,Cercis canadensis,species,1.0,19.06,0.17,0.000103,0.0019,0.0468
23686,smallest-100,Gleditsia,genus only,1.0,26.38,0.24,0.000143,0.0026,0.0648
23691,smallest-100,Malus,genus only,1.0,24.63,0.22,0.000134,0.0025,0.0605
23694,smallest-100,Cladrastis kentukea,species,1.0,18.1,0.16,9.8e-05,0.0018,0.0444
23699,smallest-100,Gleditsia triacanthos,species,1.0,26.38,0.24,0.000143,0.0026,0.0648
23702,smallest-100,Carya ovata,species,1.0,20.15,0.18,0.000109,0.002,0.0495
23707,smallest-100,Liriodendron tulipifera,species,1.0,25.51,0.23,0.000138,0.0026,0.0626
23721,smallest-100,Aesculus glabra,species,1.0,30.93,0.28,0.000168,0.0031,0.076
23726,smallest-100,Maclura pomifera,species,1.0,21.38,0.19,0.000116,0.0021,0.0525
23736,smallest-100,Liriodendron tulipifera,species,1.0,25.51,0.23,0.000138,0.0026,0.0626
23739,smallest-100,Platanus x hybrida,species,1.0,24.3,0.22,0.000132,0.0024,0.0597
23740,smallest-100,Acer griseum,species,1.0,32.89,0.29,0.000178,0.0033,0.0808
23746,smallest-100,Cladrastis kentukea,species,1.0,18.1,0.16,9.8e-05,0.0018,0.0444
23748,smallest-100,Liriodendron tulipifera,species,1.0,25.51,0.23,0.000138,0.0026,0.0626
23763,smallest-100,Populus tremuloides,species,1.0,8.09,0.07,4.4e-05,0.0008,0.0199
23765,smallest-100,Ulmus,genus only,1.0,23.22,0.21,0.000126,0.0023,0.057
23769,smallest-100,Liriodendron tulipifera,species,1.0,25.51,0.23,0.000138,0.0026,0.0626
23780,smallest-100,Gymnocladus dioica,species,1.0,33.84,0.3,0.000184,0.0034,0.0831
23781,smallest-100,Cladrastis kentukea,species,1.0,18.1,0.16,9.8e-05,0.0018,0.0444
23786,smallest-100,Aesculus glabra,species,1.0,30.93,0.28,0.000168,0.0031,0.076
23809,smallest-100,Cladrastis kentukea,species,1.0,18.1,0.16,9.8e-05,0.0018,0.0444
23811,smallest-100,Ginkgo biloba,species,1.0,20.93,0.19,0.000114,0.0021,0.0514
23815,smallest-100,Taxodium distichum,species,1.0,16.5,0.15,9e-05,0.0017,0.0405
23816,smallest-100,Koelreuteria paniculata,species,1.0,30.6,0.27,0.000166,0.0031,0.0751
23824,smallest-100,Betula nigra,species,1.0,39.09,0.35,0.000212,0.0039,0.096
23826,smallest-100,Nyssa sylvatica,species,1.0,14.95,0.13,8.1e-05,0.0015,0.0367
23827,smallest-100,Amelanchier,genus only,1.0,16.97,0.15,9.2e-05,0.0017,0.0417
23831,smallest-100,Syringa,genus only,1.0,27.84,0.25,0.000151,0.0028,0.0684
23833,smallest-100,Acer griseum,species,1.0,32.89,0.29,0.000178,0.0033,0.0808
23920,smallest-100,Taxodium distichum,species,1.0,16.5,0.15,9e-05,0.0017,0.0405
24054,smallest-100,Taxodium distichum,species,1.0,16.5,0.15,9e-05,0.0017,0.0405
24100,smallest-100,Quercus muehlenbergii,species,1.0,27.08,0.24,0.000147,0.0027,0.0665
24104,smallest-100,Acer nigrum,species,1.0,16.74,0.15,9.1e-05,0.0017,0.0411
24106,smallest-100,Ginkgo biloba,species,1.0,20.93,0.19,0.000114,0.0021,0.0514
24113,smallest-100,Betula nigra,species,1.0,39.09,0.35,0.000212,0.0039,0.096
24114,smallest-100,Acer nigrum,species,1.0,16.74,0.15,9.1e-05,0.0017,0.0411
24119,smallest-100,Acer,genus only,1.0,32.89,0.29,0.000178,0.0033,0.0808
24120,smallest-100,Acer,genus only,1.0,32.89,0.29,0.000178,0.0033,0.0808
24125,smallest-100,Amelanchier,genus only,1.0,16.97,0.15,9.2e-05,0.0017,0.0417
