synthetic,month,call_group,locations_3plus_calls_90d
yes,2025-01,ECHO-relevant call types,60
yes,2025-02,ECHO-relevant call types,58
yes,2025-03,ECHO-relevant call types,56
yes,2025-04,ECHO-relevant call types,54
yes,2025-05,ECHO-relevant call types,52
yes,2025-06,ECHO-relevant call types,50
yes,2025-07,ECHO-relevant call types,48
yes,2025-08,ECHO-relevant call types,46
yes,2025-09,ECHO-relevant call types,44
yes,2025-10,ECHO-relevant call types,42
yes,2025-11,ECHO-relevant call types,40
yes,2025-12,ECHO-relevant call types,38
