synthetic,month,call_type,disposition,calls,minutes_on_scene
yes,2025-01,Welfare Check,Handled by police,140,4200
yes,2025-01,Welfare Check,Referred to ECHO,suppressed,
yes,2025-01,Remove Unwanted,Handled by police,150,4500
yes,2025-01,Remove Unwanted,Referred to ECHO,suppressed,
yes,2025-01,Crisis Intervention,Handled by police,16,480
yes,2025-01,Crisis Intervention,Referred to ECHO,suppressed,
yes,2025-01,Domestic Disturbance,Handled by police,50,1500
yes,2025-01,Domestic Disturbance,Referred to ECHO,suppressed,
yes,2025-01,Traffic Stop,Handled by police,400,12000
yes,2025-01,Traffic Stop,Referred to ECHO,suppressed,
yes,2025-02,Welfare Check,Handled by police,144,4320
yes,2025-02,Welfare Check,Referred to ECHO,5,
yes,2025-02,Remove Unwanted,Handled by police,147,4410
yes,2025-02,Remove Unwanted,Referred to ECHO,5,
yes,2025-02,Crisis Intervention,Handled by police,17,510
yes,2025-02,Crisis Intervention,Referred to ECHO,5,
yes,2025-02,Domestic Disturbance,Handled by police,52,1560
yes,2025-02,Domestic Disturbance,Referred to ECHO,5,
yes,2025-02,Traffic Stop,Handled by police,400,12000
yes,2025-02,Traffic Stop,Referred to ECHO,0,
yes,2025-03,Welfare Check,Handled by police,148,4440
yes,2025-03,Welfare Check,Referred to ECHO,6,
yes,2025-03,Remove Unwanted,Handled by police,144,4320
yes,2025-03,Remove Unwanted,Referred to ECHO,6,
yes,2025-03,Crisis Intervention,Handled by police,18,540
yes,2025-03,Crisis Intervention,Referred to ECHO,6,
yes,2025-03,Domestic Disturbance,Handled by police,54,1620
yes,2025-03,Domestic Disturbance,Referred to ECHO,6,
yes,2025-03,Traffic Stop,Handled by police,400,12000
yes,2025-03,Traffic Stop,Referred to ECHO,0,
yes,2025-04,Welfare Check,Handled by police,152,4560
yes,2025-04,Welfare Check,Referred to ECHO,6,
yes,2025-04,Remove Unwanted,Handled by police,141,4230
yes,2025-04,Remove Unwanted,Referred to ECHO,6,
yes,2025-04,Crisis Intervention,Handled by police,19,570
yes,2025-04,Crisis Intervention,Referred to ECHO,6,
yes,2025-04,Domestic Disturbance,Handled by police,56,1680
yes,2025-04,Domestic Disturbance,Referred to ECHO,6,
yes,2025-04,Traffic Stop,Handled by police,400,12000
yes,2025-04,Traffic Stop,Referred to ECHO,0,
yes,2025-05,Welfare Check,Handled by police,156,4680
yes,2025-05,Welfare Check,Referred to ECHO,suppressed,
yes,2025-05,Remove Unwanted,Handled by police,138,4140
yes,2025-05,Remove Unwanted,Referred to ECHO,suppressed,
yes,2025-05,Crisis Intervention,Handled by police,20,600
yes,2025-05,Crisis Intervention,Referred to ECHO,suppressed,
yes,2025-05,Domestic Disturbance,Handled by police,58,1740
yes,2025-05,Domestic Disturbance,Referred to ECHO,suppressed,
yes,2025-05,Traffic Stop,Handled by police,400,12000
yes,2025-05,Traffic Stop,Referred to ECHO,suppressed,
yes,2025-06,Welfare Check,Handled by police,160,4800
yes,2025-06,Welfare Check,Referred to ECHO,7,
yes,2025-06,Remove Unwanted,Handled by police,135,4050
yes,2025-06,Remove Unwanted,Referred to ECHO,7,
yes,2025-06,Crisis Intervention,Handled by police,21,630
yes,2025-06,Crisis Intervention,Referred to ECHO,7,
yes,2025-06,Domestic Disturbance,Handled by police,60,1800
yes,2025-06,Domestic Disturbance,Referred to ECHO,7,
yes,2025-06,Traffic Stop,Handled by police,400,12000
yes,2025-06,Traffic Stop,Referred to ECHO,0,
yes,2025-07,Welfare Check,Handled by police,164,4920
yes,2025-07,Welfare Check,Referred to ECHO,8,
yes,2025-07,Remove Unwanted,Handled by police,132,3960
yes,2025-07,Remove Unwanted,Referred to ECHO,8,
yes,2025-07,Crisis Intervention,Handled by police,22,660
yes,2025-07,Crisis Intervention,Referred to ECHO,8,
yes,2025-07,Domestic Disturbance,Handled by police,62,1860
yes,2025-07,Domestic Disturbance,Referred to ECHO,8,
yes,2025-07,Traffic Stop,Handled by police,400,12000
yes,2025-07,Traffic Stop,Referred to ECHO,0,
yes,2025-08,Welfare Check,Handled by police,168,5040
yes,2025-08,Welfare Check,Referred to ECHO,8,
yes,2025-08,Remove Unwanted,Handled by police,129,3870
yes,2025-08,Remove Unwanted,Referred to ECHO,8,
yes,2025-08,Crisis Intervention,Handled by police,23,690
yes,2025-08,Crisis Intervention,Referred to ECHO,8,
yes,2025-08,Domestic Disturbance,Handled by police,64,1920
yes,2025-08,Domestic Disturbance,Referred to ECHO,8,
yes,2025-08,Traffic Stop,Handled by police,400,12000
yes,2025-08,Traffic Stop,Referred to ECHO,0,
yes,2025-09,Welfare Check,Handled by police,172,5160
yes,2025-09,Welfare Check,Referred to ECHO,suppressed,
yes,2025-09,Remove Unwanted,Handled by police,126,3780
yes,2025-09,Remove Unwanted,Referred to ECHO,suppressed,
yes,2025-09,Crisis Intervention,Handled by police,24,720
yes,2025-09,Crisis Intervention,Referred to ECHO,suppressed,
yes,2025-09,Domestic Disturbance,Handled by police,66,1980
yes,2025-09,Domestic Disturbance,Referred to ECHO,suppressed,
yes,2025-09,Traffic Stop,Handled by police,400,12000
yes,2025-09,Traffic Stop,Referred to ECHO,suppressed,
yes,2025-10,Welfare Check,Handled by police,176,5280
yes,2025-10,Welfare Check,Referred to ECHO,9,
yes,2025-10,Remove Unwanted,Handled by police,123,3690
yes,2025-10,Remove Unwanted,Referred to ECHO,9,
yes,2025-10,Crisis Intervention,Handled by police,25,750
yes,2025-10,Crisis Intervention,Referred to ECHO,9,
yes,2025-10,Domestic Disturbance,Handled by police,68,2040
yes,2025-10,Domestic Disturbance,Referred to ECHO,9,
yes,2025-10,Traffic Stop,Handled by police,400,12000
yes,2025-10,Traffic Stop,Referred to ECHO,0,
yes,2025-11,Welfare Check,Handled by police,180,5400
yes,2025-11,Welfare Check,Referred to ECHO,10,
yes,2025-11,Remove Unwanted,Handled by police,120,3600
yes,2025-11,Remove Unwanted,Referred to ECHO,10,
yes,2025-11,Crisis Intervention,Handled by police,26,780
yes,2025-11,Crisis Intervention,Referred to ECHO,10,
yes,2025-11,Domestic Disturbance,Handled by police,70,2100
yes,2025-11,Domestic Disturbance,Referred to ECHO,10,
yes,2025-11,Traffic Stop,Handled by police,400,12000
yes,2025-11,Traffic Stop,Referred to ECHO,0,
yes,2025-12,Welfare Check,Handled by police,184,5520
yes,2025-12,Welfare Check,Referred to ECHO,10,
yes,2025-12,Remove Unwanted,Handled by police,117,3510
yes,2025-12,Remove Unwanted,Referred to ECHO,10,
yes,2025-12,Crisis Intervention,Handled by police,27,810
yes,2025-12,Crisis Intervention,Referred to ECHO,10,
yes,2025-12,Domestic Disturbance,Handled by police,72,2160
yes,2025-12,Domestic Disturbance,Referred to ECHO,10,
yes,2025-12,Traffic Stop,Handled by police,400,12000
yes,2025-12,Traffic Stop,Referred to ECHO,0,
