genus,family,family_common,note
Abies,Pinaceae,Pine,
Acer,Sapindaceae,Soapberry,"Maples; formerly Aceraceae before APG"
Aesculus,Sapindaceae,Soapberry,"Horsechestnuts and buckeyes; formerly Hippocastanaceae"
Ailanthus,Simaroubaceae,Quassia,
Alnus,Betulaceae,Birch,
Amelanchier,Rosaceae,Rose,
Betula,Betulaceae,Birch,
Carpinus,Betulaceae,Birch,
Carya,Juglandaceae,Walnut,
Catalpa,Bignoniaceae,Trumpet-creeper,
Celtis,Cannabaceae,Hemp,"Hackberries; formerly Ulmaceae"
Cercis,Fabaceae,Legume,
Circidiphyllum,Cercidiphyllaceae,Katsura,"Inventory spelling of Cercidiphyllum"
Cladrastis,Fabaceae,Legume,
Cornus,Cornaceae,Dogwood,
Corylus,Betulaceae,Birch,
Cotinus,Anacardiaceae,Cashew,
Crataegus,Rosaceae,Rose,
Elaeagnus,Elaeagnaceae,Oleaster,
Eucommia,Eucommiaceae,Hardy rubber tree,
Fagus,Fagaceae,Beech,
Forsythia,Oleaceae,Olive,
Fraxinus,Oleaceae,Olive,
Ginkgo,Ginkgoaceae,Ginkgo,
Gleditsia,Fabaceae,Legume,
Gymnocladus,Fabaceae,Legume,
Hibiscus,Malvaceae,Mallow,
Juglans,Juglandaceae,Walnut,
Juniperus,Cupressaceae,Cypress,
Koelreuteria,Sapindaceae,Soapberry,
Larix,Pinaceae,Pine,
Liquidambar,Altingiaceae,Sweetgum,"Formerly Hamamelidaceae"
Liriodendron,Magnoliaceae,Magnolia,
Lonicera,Caprifoliaceae,Honeysuckle,
Maackia,Fabaceae,Legume,
Maclura,Moraceae,Mulberry,
Magnolia,Magnoliaceae,Magnolia,
Malus,Rosaceae,Rose,
Metasequoia,Cupressaceae,Cypress,
Morus,Moraceae,Mulberry,
Nyssa,Nyssaceae,Tupelo,"Formerly Cornaceae"
Ostrya,Betulaceae,Birch,
Parrotia,Hamamelidaceae,Witch-hazel,
Phellodendron,Rutaceae,Rue,
Picea,Pinaceae,Pine,
Pinus,Pinaceae,Pine,
Platanus,Platanaceae,Plane-tree,
Populus,Salicaceae,Willow,
Prunus,Rosaceae,Rose,
Pseudotsuga,Pinaceae,Pine,
Pyrus,Rosaceae,Rose,
Quercus,Fagaceae,Beech,
Rhus,Anacardiaceae,Cashew,
Robinia,Fabaceae,Legume,
Salix,Salicaceae,Willow,
Sambucus,Adoxaceae,Moschatel,"Viburnaceae in some newer treatments"
Sophora,Fabaceae,Legume,"Sophora japonica is now Styphnolobium japonicum; same family"
Syringia,Oleaceae,Olive,"Inventory spelling of Syringa (lilac)"
Tamarix,Tamaricaceae,Tamarisk,
Taxodium,Cupressaceae,Cypress,
Taxus,Taxaceae,Yew,
Thuja,Cupressaceae,Cypress,
Tilia,Malvaceae,Mallow,"Lindens; formerly Tiliaceae"
Tsuga,Pinaceae,Pine,
Ulmus,Ulmaceae,Elm,
Viburnum,Adoxaceae,Moschatel,"Viburnaceae in some newer treatments"
Zelkova,Ulmaceae,Elm,
