month,crime_against,incidents
2022-01,All,167
2022-01,Person,38
2022-01,Property,123
2022-01,Society,6
2022-02,All,159
2022-02,Person,44
2022-02,Property,111
2022-02,Society,5
2022-03,All,211
2022-03,Person,48
2022-03,Property,160
2022-03,Society,5
2022-04,All,227
2022-04,Person,38
2022-04,Property,184
2022-04,Society,5
2022-05,All,259
2022-05,Person,55
2022-05,Property,201
2022-05,Society,9
2022-06,All,282
2022-06,Person,51
2022-06,Property,233
2022-06,Society,2
2022-07,All,327
2022-07,Person,47
2022-07,Property,280
2022-07,Society,4
2022-08,All,277
2022-08,Person,63
2022-08,Property,218
2022-08,Society,4
2022-09,All,294
2022-09,Person,45
2022-09,Property,248
2022-09,Society,3
2022-10,All,302
2022-10,Person,43
2022-10,Property,260
2022-10,Society,4
2022-11,All,252
2022-11,Person,39
2022-11,Property,210
2022-11,Society,5
2022-12,All,242
2022-12,Person,39
2022-12,Property,202
2022-12,Society,4
2023-01,All,246
2023-01,Person,41
2023-01,Property,204
2023-01,Society,5
2023-02,All,196
2023-02,Person,51
2023-02,Property,144
2023-02,Society,1
2023-03,All,226
2023-03,Person,50
2023-03,Property,171
2023-03,Society,5
2023-04,All,259
2023-04,Person,43
2023-04,Property,215
2023-04,Society,5
2023-05,All,264
2023-05,Person,53
2023-05,Property,209
2023-05,Society,4
2023-06,All,265
2023-06,Person,48
2023-06,Property,214
2023-06,Society,10
2023-07,All,272
2023-07,Person,41
2023-07,Property,229
2023-07,Society,4
2023-08,All,301
2023-08,Person,44
2023-08,Property,257
2023-08,Society,3
2023-09,All,289
2023-09,Person,57
2023-09,Property,235
2023-09,Society,3
2023-10,All,255
2023-10,Person,33
2023-10,Property,222
2023-10,Society,4
2023-11,All,251
2023-11,Person,37
2023-11,Property,213
2023-11,Society,4
2023-12,All,257
2023-12,Person,30
2023-12,Property,229
2023-12,Society,2
2024-01,All,194
2024-01,Person,33
2024-01,Property,160
2024-01,Society,2
2024-02,All,218
2024-02,Person,35
2024-02,Property,180
2024-02,Society,7
2024-03,All,219
2024-03,Person,52
2024-03,Property,170
2024-03,Society,9
2024-04,All,241
2024-04,Person,50
2024-04,Property,188
2024-04,Society,6
2024-05,All,245
2024-05,Person,38
2024-05,Property,211
2024-05,Society,3
2024-06,All,267
2024-06,Person,35
2024-06,Property,231
2024-06,Society,6
2024-07,All,307
2024-07,Person,48
2024-07,Property,265
2024-07,Society,5
2024-08,All,299
2024-08,Person,55
2024-08,Property,246
2024-08,Society,4
2024-09,All,302
2024-09,Person,54
2024-09,Property,249
2024-09,Society,3
2024-10,All,327
2024-10,Person,57
2024-10,Property,274
2024-10,Society,3
2024-11,All,222
2024-11,Person,46
2024-11,Property,168
2024-11,Society,9
2024-12,All,205
2024-12,Person,29
2024-12,Property,170
2024-12,Society,6
2025-01,All,174
2025-01,Person,37
2025-01,Property,138
2025-01,Society,3
2025-02,All,160
2025-02,Person,45
2025-02,Property,116
2025-02,Society,4
2025-03,All,196
2025-03,Person,40
2025-03,Property,149
2025-03,Society,10
2025-04,All,208
2025-04,Person,42
2025-04,Property,164
2025-04,Society,5
2025-05,All,252
2025-05,Person,57
2025-05,Property,196
2025-05,Society,3
2025-06,All,233
2025-06,Person,45
2025-06,Property,186
2025-06,Society,4
2025-07,All,295
2025-07,Person,51
2025-07,Property,245
2025-07,Society,3
2025-08,All,272
2025-08,Person,49
2025-08,Property,218
2025-08,Society,8
2025-09,All,254
2025-09,Person,61
2025-09,Property,196
2025-09,Society,3
2025-10,All,227
2025-10,Person,47
2025-10,Property,179
2025-10,Society,4
2025-11,All,199
2025-11,Person,38
2025-11,Property,160
2025-11,Society,2
2025-12,All,216
2025-12,Person,39
2025-12,Property,179
2025-12,Society,1
2026-01,All,206
2026-01,Person,32
2026-01,Property,170
2026-01,Society,7
2026-02,All,150
2026-02,Person,32
2026-02,Property,117
2026-02,Society,5
2026-03,All,162
2026-03,Person,42
2026-03,Property,120
2026-03,Society,6
2026-04,All,211
2026-04,Person,54
2026-04,Property,157
2026-04,Society,4
2026-05,All,239
2026-05,Person,49
2026-05,Property,191
2026-05,Society,2
2026-06,All,241
2026-06,Person,41
2026-06,Property,201
2026-06,Society,3
2026-07,All,256
2026-07,Person,45
2026-07,Property,212
2026-07,Society,4
2026-08,All,221
2026-08,Person,47
2026-08,Property,168
2026-08,Society,8
