alley_id,alley_name,section_id,pid,from_street,to_street,surface,width_ft,slab_length_ft,slab_width_ft,construction_date,construction_year,general_condition,pci_2022_2023,pci_2024,pci_change,pci_2024_band,scheduled_build_year,in_2026_cip,length_ft,object_id,centroid_latitude,centroid_longitude
178-N,ALLEY 178-N,00,ALLEYS::178-N::00,Alley 178,N Marion St,PCC,18,10,8,2015-06-01,2015,,100,100,0,80-100,,N,203.0,1,41.9084028,-87.8046043
178,ALLEY 178,00,ALLEYS::178::00,Alley 178N,Le Moyne Pkwy,PCC,16,12,8,2015-06-01,2015,,89,89,0,80-100,,N,489.7,2,41.9077256,-87.8049621
177,ALLEY 177,00,ALLEYS::177::00,Alley 177 N,Le Moyne Pkwy,PCC,16,30,15,2004-06-01,2004,,36,53,17,40-59,,N,491.1,3,41.9077455,-87.8034441
177-N,ALLEY 177-N,00,ALLEYS::177-N::00,N Marion St,Belleforted Ave,PCC,17,15,6,2004-06-01,2004,,92,92,0,80-100,,N,416.1,4,41.9084191,-87.8034674
172-N,ALLEY 172-N,00,ALLEYS::172-N::00,Belleforted Ave,N Forest Ave,PCC,17,10,6,2004-06-01,2004,,93,93,0,80-100,,N,417.4,5,41.908441,-87.8019367
172,ALLEY 172,00,ALLEYS::172::00,Alley 172 N,Le Moyne Pkwy,PCC,16,30,15,2004-06-01,2004,,41,48,7,40-59,,N,488.3,6,41.9077712,-87.8019151
119-N,ALLEY 119-N,00,ALLEYS::119-N::00,N Humphrey Ave,N Austin Blvd,PCC,17,12,6,2014-06-01,2014,,93,93,0,80-100,,N,358.8,7,41.908773,-87.7762354
119,ALLEY 119,00,ALLEYS::119::00,Alley 119 N,Alley 119 S,PCC,16,15,16,1926-06-01,1926,,32,50,18,40-59,,N,290.4,8,41.9083747,-87.7762272
119-S,ALLEY 119-S,00,ALLEYS::119-S::00,N Humphrey Ave,N Austin Blvd,PCC,16,33,16,1900-01-01,1900,,26,46,20,40-59,,N,356.2,9,41.9079763,-87.7762137
118,ALLEY 118,00,ALLEYS::118::00,Alley 118 N,Alley 118 S,PCC,22,12,6,2002-06-01,2002,,85,85,0,80-100,,N,290.8,10,41.9083556,-87.7775312
118-N,ALLEY 118-N,00,ALLEYS::118-N::00,N Taylor Ave,N Humphrey Ave,PCC,22,15,6,2002-06-01,2002,,85,85,0,80-100,,N,355.0,11,41.9087545,-87.7775449
118-S,ALLEY 118-S,00,ALLEYS::118-S::00,N Taylor Ave,N Humphrey Ave,PCC,22,10,6,2002-06-01,2002,,89,89,0,80-100,,N,355.6,12,41.9079568,-87.7775189
117,ALLEY 117,00,ALLEYS::117::00,Alley 117 N,Alley 117 S,PCC,22,30,10,1924-06-01,1924,,38,53,15,40-59,,N,290.3,13,41.9083358,-87.7788344
117-S,ALLEY 117-S,00,ALLEYS::117-S::00,N Hayes Ave,N Taylor Ave,PCC,16,33,16,1900-01-01,1900,,26,44,18,40-59,,N,354.6,14,41.9079376,-87.778823
115,ALLEY 115,00,ALLEYS::115::00,Alley 115 N,Alley 115 S,PCC,22,18,6,2013-06-01,2013,,95,95,0,80-100,,N,289.0,15,41.9082929,-87.78144
115-S,ALLEY 115-S,00,ALLEYS::115-S::00,N Harvey St,N Lombard Ave,PCC,22,15,10,2013-06-01,2013,,92,93,1,80-100,,N,354.4,16,41.9078964,-87.7814292
116-S,ALLEY 116-S,00,ALLEYS::116-S::00,N Lombard Ave,N Hayes Ave,PCC,22,10,6,2003-06-01,2003,,91,91,0,80-100,,N,355.1,17,41.9079182,-87.7801266
116,ALLEY 116,00,ALLEYS::116::00,Alley 116 N,Alley 116 S,PCC,22,10,6,2003-06-01,2003,,85,86,1,80-100,,N,289.2,18,41.9083147,-87.7801384
120,ALLEY 120,00,ALLEYS::120::00,Alley 120 N,Le Moyne Pkwy,AC,16,0,0,1926-06-01,1926,,20,20,0,0-39,2025,N,486.2,19,41.9080167,-87.7826855
120-N,ALLEY 120-N,00,ALLEYS::120-N::00,N Ridgeland Ave,N Harvey St,PCC,16,10,10,1900-01-01,1900,,43,20,-23,0-39,2025,N,340.7,20,41.9086835,-87.7827205
117-N,ALLEY 117-N,00,ALLEYS::117-N::00,N Hayes Ave,N Taylor Ave,PCC,17,10,10,1900-01-01,1900,,55,65,10,60-79,,N,354.0,21,41.9087339,-87.7788469
116-N,ALLEY 116-N,00,ALLEYS::116-N::00,N Lombard Ave,N Hayes Ave,PCC,22,10,6,2003-06-01,2003,,95,95,0,80-100,,N,355.2,22,41.9087114,-87.7801497
128-N,ALLEY 128-N,00,ALLEYS::128-N::00,Edmer Ave,N Ridgeland Ave,PCC,16,20,10,1900-01-01,1900,,58,66,8,60-79,,N,375.3,23,41.9086594,-87.7840604
128,ALLEY 128,00,ALLEYS::128::00,Alley 128 N,Le Moyne Pkwy,PCC,16,20,8,1926-06-01,1926,,46,56,10,40-59,,N,484.2,24,41.9079947,-87.7840749
129-N,ALLEY 129-N,00,ALLEYS::129-N::00,Rossell Ave,Edmer Ave,PCC,16,12,8,2016-06-01,2016,,82,82,0,80-100,,N,354.7,25,41.9086393,-87.7853838
129,ALLEY 129,00,ALLEYS::129::00,Alley 129 N,Le Moyne Pkwy,PCC,16,12,8,2016-06-01,2016,,91,91,0,80-100,,N,483.4,26,41.9081968,-87.785369
132-N,ALLEY 132-N,00,ALLEYS::132-N::00,N Elmwood Ave,Rossell Ave,PCC,16,10,6,2005-06-01,2005,,94,94,0,80-100,,N,354.4,27,41.9086225,-87.7866862
132,ALLEY 132,00,ALLEYS::132::00,Alley 132 N,Le Moyne Pkwy,PCC,22,10,6,2005-06-01,2005,,96,96,0,80-100,,N,482.1,28,41.9079612,-87.7866624
133-N,ALLEY 133-N,00,ALLEYS::133-N::00,N Fair Oaks Ave,N Elmwood Ave,PCC,16,10,6,2005-06-01,2005,,87,88,1,80-100,,N,385.3,29,41.908606,-87.7880511
133,ALLEY 133,00,ALLEYS::133::00,Alley 133 N,Le Moyne Pkwy,PCC,22,12,6,2005-06-01,2005,,96,96,0,80-100,,N,482.2,30,41.9079442,-87.788042
140-N,ALLEY 140-N,00,ALLEYS::140-N::00,N East Ave,N Fair Oaks Ave,PCC,16,10,6,2003-06-01,2003,,93,93,0,80-100,,N,393.6,31,41.9085881,-87.7894754
140,ALLEY 140,00,ALLEYS::140::00,Alley 140 N,Le Moyne Pkwy,PCC,22,10,6,2003-06-01,2003,,93,96,3,80-100,,N,482.7,32,41.9079259,-87.7894542
141-N,ALLEY 141-N,00,ALLEYS::141-N::00,N Columbian Ave,N East Ave,PCC,16,10,6,2003-06-01,2003,,72,73,1,60-79,,N,329.7,33,41.9085709,-87.7908024
141,ALLEY 141,00,ALLEYS::141::00,Alley 141 N,Le Moyne Pkwy,PCC,18,33,18,2003-06-01,2003,,14,34,20,0-39,,N,482.7,34,41.9079087,-87.7907831
148,ALLEY 148,00,ALLEYS::148::00,Alley 148 N,Le Moyne Pkwy,PCC,22,16,6,2006-06-01,2006,,89,89,0,80-100,,N,482.6,35,41.907893,-87.7919946
148-N,ALLEY 148-N,00,ALLEYS::148-N::00,N Linden Ave,N Columbian Ave,PCC,16,15,6,2006-06-01,2006,,88,88,0,80-100,,N,330.0,36,41.9085553,-87.7920141
149-N,ALLEY 149-N,00,ALLEYS::149-N::00,N Euclid Ave,N Linden Ave,PCC,16,10,6,2004-06-01,2004,,98,98,0,80-100,,N,329.7,37,41.9085381,-87.7932264
149,ALLEY 149,00,ALLEYS::149::00,Alley 149 N,Le Moyne Pkwy,PCC,16,12,6,2004-06-01,2004,,97,97,0,80-100,,N,482.1,38,41.9078768,-87.7932072
156-N,ALLEY 156-N,00,ALLEYS::156-N::00,N Oak Park Ave,N Euclid Ave,PCC,16,10,6,2010-06-01,2010,,93,93,0,80-100,,N,330.9,39,41.9085273,-87.7944411
156,ALLEY 156,00,ALLEYS::156::00,Alley 156 N,Le Moyne Pkwy,PCC,16,12,8,2016-06-01,2016,,94,94,0,80-100,,N,484.1,40,41.9080842,-87.794429
157,ALLEY 157,00,ALLEYS::157::00,Alley 157 N,Le Moyne Pkwy,PCC,16,12,8,2018-06-01,2018,,96,96,0,80-100,,N,486.7,41,41.9078488,-87.7957742
157-N,ALLEY 157-N,00,ALLEYS::157-N::00,N Grove Ave,N Oak Park Ave,PCC,16,10,6,2008-06-01,2008,,100,100,0,80-100,,N,405.7,42,41.9085164,-87.7957927
164-N,ALLEY 164-N,00,ALLEYS::164-N::00,N Kellworth Ave,N Grove Ave,PCC,16,10,6,2003-06-01,2003,,96,96,0,80-100,,N,429.0,43,41.9084929,-87.7973128
164,ALLEY 164,00,ALLEYS::164::00,Alley 164 N,Le Moyne Pkwy,PCC,16,10,8,2003-06-01,2003,,96,96,0,80-100,,N,485.2,44,41.9078272,-87.7972655
165-N,ALLEY 165-N,00,ALLEYS::165-N::00,N Woodbine Ave,N Kellworth Ave,PCC,16,10,6,1900-01-01,1900,,81,81,0,80-100,,N,403.0,45,41.9084741,-87.7988694
165,ALLEY 165,00,ALLEYS::165::00,Alley 165 N,Le Moyne Pkwy,PCC,16,30,15,2008-06-01,2008,,45,53,8,40-59,,N,486.3,46,41.9078069,-87.798879
171-N,ALLEY 171-N,00,ALLEYS::171-N::00,N Forest Ave,N Woodbine Ave,PCC,16,10,6,2005-06-01,2005,,95,95,0,80-100,,N,429.0,47,41.9084602,-87.8003896
171,ALLEY 171,00,ALLEYS::171::00,Alley 171 N,Le Moyne Pkwy,PCC,16,30,15,1929-06-01,1929,,56,61,5,60-79,,N,485.3,48,41.9077943,-87.8003824
102,ALLEY 102,00,ALLEYS::102::00,Alley 102 N,Greenfield St,PCC,16,30,15,1925-06-01,1925,,38,49,11,40-59,,N,405.4,49,41.9064361,-87.7761645
102-N,ALLEY 102-N,00,ALLEYS::102-N::00,N Humphrey Ave,N Austin Blvd,PCC,16,33,16,1900-01-01,1900,,17,34,17,0-39,,N,355.1,50,41.9069922,-87.776182
103-N,ALLEY 103-N,00,ALLEYS::103-N::00,N Taylor Ave,N Humphrey Ave,PCC,22,15,6,2006-06-01,2006,,91,91,0,80-100,,N,355.5,51,41.9069734,-87.777487
103,ALLEY 103,00,ALLEYS::103::00,Alley 103 N,Greenfield St,PCC,22,12,6,2006-06-01,2006,,85,86,1,80-100,,N,403.4,52,41.9064201,-87.7774696
108-N,ALLEY 108-N,00,ALLEYS::108-N::00,N Hayes Ave,N Taylor Ave,PCC,22,10,6,2007-06-01,2007,,97,97,0,80-100,,N,355.4,53,41.9069546,-87.7787929
108,ALLEY 108,00,ALLEYS::108::00,Alley 108 N,Greenfield St,PCC,22,12,6,2007-06-01,2007,,94,94,0,80-100,,N,402.5,54,41.9064024,-87.7787761
109,ALLEY 109,00,ALLEYS::109::00,Alley 109 N,Greenfield St,PCC,16,33,10,1924-06-01,1924,,19,38,19,0-39,,N,401.5,55,41.906565,-87.7800859
114-N,ALLEY 114-N,00,ALLEYS::114-N::00,N Harvey St,N Lombard Ave,PCC,16,32,10,2014-06-01,2014,,25,46,21,40-59,2025,N,354.2,56,41.9069171,-87.7813985
114,ALLEY 114,00,ALLEYS::114::00,Alley 114 N,Greenfield St,PCC,16,33,16,2014-06-01,2014,,52,67,15,60-79,2025,N,400.2,57,41.9063681,-87.78138
121,ALLEY 121,00,ALLEYS::121::00,Le Moyne Pkwy,Greenfield St,PCC,22,10,6,2007-06-01,2007,,91,91,0,80-100,,N,564.2,58,41.9065758,-87.782649
179,ALLEY 179,00,ALLEYS::179::00,Le Moyne Pkwy,Greenfield St,PCC,17,12,8,1973-06-01,1973,,96,96,0,80-100,,N,669.5,59,41.9061354,-87.8049232
147,ALLEY 147,00,ALLEYS::147::00,Le Moyne Pkwy,Greenfield St,PCC,18,10,6,2006-06-01,2006,,96,96,0,80-100,,N,589.2,60,41.9064226,-87.7919553
142,ALLEY 142,00,ALLEYS::142::00,Le Moyne Pkwy,Greenfield St,PCC,18,10,6,2002-06-01,2002,,94,94,0,80-100,,N,589.4,61,41.906438,-87.7907434
143,ALLEY 143,00,ALLEYS::143::00,Greenfield St,Berkshire St,PCC,22,12,6,2006-06-01,2006,,94,95,1,80-100,,N,704.2,62,41.9046635,-87.7906903
139,ALLEY 139,00,ALLEYS::139::00,Le Moyne Pkwy,Greenfield St,PCC,16,10,6,2003-06-01,2003,,88,88,0,80-100,,N,589.3,63,41.9064553,-87.7894084
138,ALLEY 138,00,ALLEYS::138::00,Greenfield St,Berkshire St,PCC,16,10,8,2015-06-01,2015,,95,95,0,80-100,,N,702.6,64,41.9046831,-87.789355
146-N,ALLEY 146-N,00,ALLEYS::146-N::00,N Linden Ave,Alley 146,PCC,18,12,6,1900-01-01,1900,,92,92,0,80-100,,N,165.4,65,41.9048333,-87.7922117
151,ALLEY 151,00,ALLEYS::151::00,Greenfield St,Berkshire St,PCC,16,12,8,2018-06-01,2018,,95,95,0,80-100,,N,708.6,66,41.9046276,-87.7931167
154,ALLEY 154,00,ALLEYS::154::00,Greenfield St,Berkshire St,PCC,16,10,8,2016-06-01,2016,,97,97,0,80-100,,N,710.8,67,41.9046111,-87.7943349
158,ALLEY 158,00,ALLEYS::158::00,Le Moyne Pkwy,Greenfield St,PCC,16,33,16,1928-06-01,1928,,18,35,17,0-39,2025,N,667.6,68,41.9062652,-87.7957335
159,ALLEY 159,00,ALLEYS::159::00,Greenfield St,Berkshire St,PCC,16,33,16,1926-06-01,1926,,17,34,17,0-39,,N,665.7,69,41.9044361,-87.7956868
163,ALLEY 163,00,ALLEYS::163::00,Le Moyne Pkwy,Greenfield St,PCC,16,33,16,1928-06-01,1928,,26,46,20,40-59,,N,667.2,70,41.9062465,-87.7972201
162,ALLEY 162,00,ALLEYS::162::00,Greenfield St,Berkshire St,PCC,16,13,8,2017-06-01,2017,,94,94,0,80-100,,N,667.1,71,41.9044162,-87.797167
166,ALLEY 166,00,ALLEYS::166::00,Le Moyne Pkwy,Greenfield St,PCC,16,12,6,2007-06-01,2007,,96,96,0,80-100,,N,668.0,72,41.9062235,-87.7988302
167,ALLEY 167,00,ALLEYS::167::00,Greenfield St,Berkshire St,PCC,16,15,6,2014-06-01,2014,,93,93,0,80-100,,N,667.5,73,41.9043916,-87.798771
169,ALLEY 169,00,ALLEYS::169::00,Greenfield St,Berkshire St,PCC,16,12,6,2008-06-01,2008,,92,92,0,80-100,,N,668.5,74,41.9043709,-87.8002736
170,ALLEY 170,00,ALLEYS::170::00,Le Moyne Pkwy,Greenfield St,PCC,16,24,8,1900-01-01,1900,,55,60,5,60-79,,N,671.0,75,41.9062083,-87.8003312
173,ALLEY 173,00,ALLEYS::173::00,Greenfield St,Berkshire St,PCC,16,33,16,1929-06-01,1929,,20,37,17,0-39,,N,669.6,76,41.9043457,-87.8017986
180,ALLEY 180,00,ALLEYS::180::00,Greenfield St,Berkshire St,PCC,16,42,16,1900-01-01,1900,,49,52,3,40-59,,N,669.7,77,41.9042987,-87.8048488
181,ALLEY 181,00,ALLEYS::181::00,Berksire St,Division St,PCC,16,22,8,1900-01-01,1900,,62,64,2,60-79,,N,671.1,78,41.9024596,-87.8047832
168,ALLEY 168,00,ALLEYS::168::00,Berksire St,Division St,PCC,16,12,4,2002-06-01,2002,,92,92,0,80-100,,N,669.1,79,41.902536,-87.8002363
155,ALLEY 155,00,ALLEYS::155::00,Le Moyne Pkwy,South End,PCC,16,10,10,2016-06-01,2016,,97,97,0,80-100,,N,587.9,80,41.9063927,-87.7943816
150,ALLEY 150,00,ALLEYS::150::00,Le Moyne Pkwy,South End,PCC,16,12,6,2004-06-01,2004,,100,100,0,80-100,,N,588.9,81,41.9064076,-87.7931665
146,ALLEY 146,00,ALLEYS::146::00,Alley 146 N,Berkshire St,PCC,16,10,6,2005-06-01,2005,,98,98,0,80-100,,N,422.9,82,41.9042566,-87.7918913
134,ALLEY 134,00,ALLEYS::134::00,Le Moyne Pkwy,Greenfield St,PCC,16,10,6,2007-06-01,2007,,94,94,0,80-100,,N,589.4,83,41.9064742,-87.787993
131,ALLEY 131,00,ALLEYS::131::00,Le Moyne Pkwy,Greenfield St,PCC,18,12,6,2004-06-01,2004,,98,98,0,80-100,,N,589.1,84,41.9064918,-87.7866165
130,ALLEY 130,00,ALLEYS::130::00,Le Moyne Pkwy,Greenfield St,PCC,22,10,6,2004-06-01,2004,,92,93,1,80-100,,N,587.4,85,41.9065073,-87.7853125
127,ALLEY 127,00,ALLEYS::127::00,Le Moyne Pkwy,Greenfield St,PCC,22,10,8,1977-06-01,1977,,96,97,1,80-100,,N,587.8,86,41.9065244,-87.7840092
126,ALLEY 126,00,ALLEYS::126::00,Greenfield St,Lenox St W,PCC,18,12,8,2005-06-01,2005,,93,93,0,80-100,,N,347.9,87,41.9052309,-87.7845227
135,ALLEY 135,00,ALLEYS::135::00,Greenfield St,Berkshire St,PP,22,0,0,1981-06-01,1981,GOOD,,100,,80-100,,N,700.7,88,41.9047052,-87.7878974
113,ALLEY 113,00,ALLEYS::113::00,Greenfield St,Berkshire St,PCC,16,12,8,2015-06-01,2015,,97,98,1,80-100,,N,721.7,89,41.904834,-87.7809556
110,ALLEY 110,00,ALLEYS::110::00,Greenfield St,Berkshire St,PCC,16,12,10,1924-06-01,1924,,95,95,0,80-100,,N,720.4,90,41.9048504,-87.7797376
107,ALLEY 107,00,ALLEYS::107::00,Greenfield St,Berkshire St,PCC,16,30,10,1924-06-01,1924,,23,41,18,40-59,,N,719.0,91,41.9048668,-87.7785167
104,ALLEY 104,00,ALLEYS::104::00,Greenfield St,Berkshire St,PCC,25,15,6,2008-06-01,2008,,91,92,1,80-100,,N,717.8,92,41.9048838,-87.7772932
101,ALLEY 101,00,ALLEYS::101::00,Greenfield St,Berkshire St,PCC,18,12,9,1971-06-01,1971,,97,97,0,80-100,,N,668.9,93,41.9049629,-87.7760655
122,ALLEY 122,00,ALLEYS::122::00,Greenfield St,Berkshire St,AC,16,0,0,1976-06-01,1976,,21,21,0,0-39,,N,708.6,94,41.9047975,-87.7821747
125,ALLEY 125,00,ALLEYS::125::00,Lenox St W,Berkshire St,PCC,18,20,6,2005-06-01,2005,,93,93,0,80-100,,N,348.4,95,41.9042702,-87.7847907
124,ALLEY 124,00,ALLEYS::124::00,Berksire St,Division St,PCC,22,12,6,2002-06-01,2002,,79,80,1,80-100,,N,697.6,96,41.9028522,-87.7834388
123,ALLEY 123,00,ALLEYS::123::00,Berksire St,Division St,PCC,16,12,8,2015-06-01,2015,,96,96,0,80-100,,N,696.6,97,41.90287,-87.7821116
112,ALLEY 112,00,ALLEYS::112::00,Berksire St,Division St,PCC,16,12,8,2011-06-01,2011,,97,97,0,80-100,,N,697.4,98,41.9028874,-87.7808916
136,ALLEY 136,00,ALLEYS::136::00,Berksire St,Division St,PCC,20,15,6,1970-06-01,1970,,92,92,0,80-100,,N,699.1,99,41.9027895,-87.7875928
137,ALLEY 137,00,ALLEYS::137::00,Berksire St,Division St,PCC,20,15,10,2017-06-01,2017,,98,98,0,80-100,,N,698.3,100,41.9027626,-87.7892148
144,ALLEY 144,00,ALLEYS::144::00,Berksire St,Division St,PCC,16,12,6,2007-06-01,2007,,97,97,0,80-100,,N,698.8,101,41.9027389,-87.7906336
145,ALLEY 145,00,ALLEYS::145::00,Berksire St,Division St,PCC,16,12,6,2008-06-01,2008,,94,94,0,80-100,,N,698.9,102,41.9027178,-87.7918486
161,ALLEY 161,00,ALLEYS::161::00,Berksire St,Division St,AC,16,0,0,1976-06-01,1976,,2,100,98,80-100,,N,667.5,103,41.9025855,-87.7971129
160,ALLEY 160,00,ALLEYS::160::00,Berksire St,Division St,PCC,20,33,20,1926-06-01,1926,,16,34,18,0-39,,N,666.8,104,41.902608,-87.7956384
153,ALLEY 153,00,ALLEYS::153::00,Berksire St,Division St,PCC,16,33,10,1926-06-01,1926,,19,38,19,0-39,,N,699.2,105,41.9026769,-87.7942806
152,ALLEY 152,00,ALLEYS::152::00,Berksire St,Division St,PCC,16,16,6,2013-06-01,2013,,94,94,0,80-100,,N,698.6,106,41.9026972,-87.7930633
261,ALLEY 261,00,ALLEYS::261::00,Thomas St,Augusta St,PCC,16,33,10,1900-01-01,1900,,17,35,18,0-39,2029,N,662.6,107,41.8989086,-87.7985518
262,ALLEY 262,00,ALLEYS::262::00,Division St,Thomas St,PCC,16,10,6,2005-06-01,2005,,95,95,0,80-100,,N,666.3,108,41.9007315,-87.7986099
257,ALLEY 257,00,ALLEYS::257::00,Thomas St,Augusta St,PCC,22,12,8,2017-06-01,2017,,97,97,0,80-100,,N,662.4,109,41.8989355,-87.7970523
256,ALLEY 256,00,ALLEYS::256::00,Division St,Thomas St,PCC,16,10,6,2014-06-01,2014,,98,98,0,80-100,,N,665.2,110,41.9007568,-87.7971046
255,ALLEY 255,00,ALLEYS::255::00,Division St,Thomas St,PCC,16,33,16,1922-06-01,1922,,19,38,19,0-39,,N,664.4,111,41.9007818,-87.7955895
254,ALLEY 254,00,ALLEYS::254::00,Thomas St,Augusta St,PCC,16,33,16,1924-06-01,1924,,18,38,20,0-39,2029,N,659.0,112,41.8989663,-87.795543
247,ALLEY 247,00,ALLEYS::247::00,Division St,Thomas St,PCC,16,12,8,2015-06-01,2015,,100,100,0,80-100,,N,720.8,113,41.9007501,-87.7930077
248,ALLEY 248,00,ALLEYS::248::00,Division St,Thomas St,PCC,16,10,8,2018-06-01,2018,,93,93,0,80-100,,N,720.9,114,41.9007288,-87.7942243
246,ALLEY 246,00,ALLEYS::246::00,Division St,Thomas St,PCC,16,13,8,2017-06-01,2017,,98,98,0,80-100,,N,720.8,115,41.9007702,-87.791795
245,ALLEY 245,00,ALLEYS::245::00,Thomas St,Alley 245 S,PCC,12,10,6,2006-06-01,2006,,99,99,0,80-100,,N,438.7,116,41.8991796,-87.7917468
245-S,ALLEY 245-S,00,ALLEYS::245-S::00,N Linden Ave,N Columbian Ave,PCC,16,12,6,2006-06-01,2006,,94,94,0,80-100,,N,330.4,117,41.8985777,-87.7917349
240,ALLEY 240,00,ALLEYS::240::00,Thomas St,Augusta St,PCC,16,12,8,1971-06-01,1971,,97,97,0,80-100,,N,604.2,118,41.8989734,-87.7905277
239,ALLEY 239,00,ALLEYS::239::00,Division St,Thomas St,PCC,22,15,6,2012-06-01,2012,,92,92,0,80-100,,N,721.0,119,41.9007912,-87.7905788
238,ALLEY 238,00,ALLEYS::238::00,Division St,Thomas St,PCC,20,15,10,2017-06-01,2017,,97,97,0,80-100,,N,720.7,120,41.900816,-87.7891547
231,ALLEY 231,00,ALLEYS::231::00,Division St,Thomas St,PCC,22,10,6,2007-06-01,2007,,94,94,0,80-100,,N,720.4,121,41.9008424,-87.7875289
232,ALLEY 232,00,ALLEYS::232::00,Thomas St,Augusta St,AC,20,0,0,1972-06-01,1972,,20,20,0,0-39,,N,607.0,122,41.8990217,-87.7874695
230,ALLEY 230,00,ALLEYS::230::00,Division St,Thomas St,AC,16,0,0,2008-06-01,2008,,28,28,0,0-39,,N,720.4,123,41.900869,-87.7859052
223,ALLEY 223,00,ALLEYS::223::00,Division St,Thomas St,PCC,16,12,6,2005-06-01,2005,,98,98,0,80-100,,N,720.4,124,41.9008915,-87.7844568
224,ALLEY 224,00,ALLEYS::224::00,Thomas St,Augusta St,PCC,22,12,6,2006-06-01,2006,,89,89,0,80-100,,N,609.7,125,41.8990698,-87.7842103
214,ALLEY 214,00,ALLEYS::214::00,Division St,Thomas St,PCC,15,33,10,1925-06-01,1925,,19,39,20,0-39,,N,719.6,126,41.9009441,-87.7808095
215,ALLEY 215,00,ALLEYS::215::00,Thomas St,Augusta St,PCC,20,33,20,1922-06-01,1922,,26,46,20,40-59,,N,610.8,127,41.8991161,-87.7809453
221,ALLEY 221,00,ALLEYS::221::00,Division St,Thomas St,PCC,16,36,16,1923-06-01,1923,,23,36,13,0-39,2026,Y,720.8,128,41.9009261,-87.7820305
222,ALLEY 222,00,ALLEYS::222::00,Division St,Thomas St,PCC,16,20,6,2012-06-01,2012,,97,97,0,80-100,,N,720.6,129,41.9009087,-87.783248
212,ALLEY 212,00,ALLEYS::212::00,Division St,Thomas St,PCC,16,32,16,1924-06-01,1924,,38,49,11,40-59,,N,664.6,130,41.901035,-87.7795963
213,ALLEY 213,00,ALLEYS::213::00,Thomas St,Augusta St,PCC,16,15,6,2015-06-01,2015,,95,95,0,80-100,,N,665.1,131,41.899211,-87.7795372
210,ALLEY 210,00,ALLEYS::210::00,Thomas St,Augusta St,PCC,16,32,16,1924-06-01,1924,,51,67,16,60-79,,N,664.8,132,41.8992288,-87.7783236
211,ALLEY 211,00,ALLEYS::211::00,Division St,Thomas St,PCC,16,33,16,1925-06-01,1925,,23,42,19,40-59,,N,664.4,133,41.9010521,-87.7783804
204,ALLEY 204,00,ALLEYS::204::00,Division St,Thomas St,PCC,20,12,8,2015-06-01,2015,,98,98,0,80-100,,N,664.3,134,41.9010699,-87.7771646
205,ALLEY 205,00,ALLEYS::205::00,Thomas St,Augusta St,PCC,16,30,16,1924-06-01,1924,,56,70,14,60-79,,N,665.4,135,41.899246,-87.7771057
203,ALLEY 203,00,ALLEYS::203::00,Division St,Thomas St,PCC,20,10,6,2007-06-01,2007,,88,88,0,80-100,,N,664.9,136,41.9010856,-87.7759422
202,ALLEY 202,00,ALLEYS::202::00,Thomas St,Augusta St,PCC,16,12,8,2018-06-01,2018,,86,86,0,80-100,,N,664.8,137,41.8992616,-87.7758891
111,ALLEY 111,00,ALLEYS::111::00,Berksire St,Division St,PCC,16,33,16,1925-06-01,1925,,49,49,0,40-59,,N,698.4,138,41.9029043,-87.7796717
106,ALLEY 106,00,ALLEYS::106::00,Berksire St,Division St,AC,22,0,0,1973-06-01,1973,,20,20,0,0-39,2026,Y,698.9,139,41.9029219,-87.7784534
105,ALLEY 105,00,ALLEYS::105::00,Berksire St,Division St,PCC,16,30,15,1923-06-01,1923,,64,71,7,60-79,,N,699.2,140,41.9029401,-87.7772294
267-S,ALLEY 267-S,00,ALLEYS::267-S::00,N Belleforte Ave,N Forest Ave,PCC,18,16,6,2013-06-01,2013,,95,95,0,80-100,,N,413.3,141,41.8984154,-87.8016057
275-W,ALLEY 275-W,00,ALLEYS::275-W::00,N Harlem Ave,Alley 275,PCC,18,33,18,1900-01-01,1900,,15,33,18,0-39,,N,378.5,142,41.8974626,-87.8046716
275,ALLEY 275,00,ALLEYS::275::00,Augusta St,Miller Ave,PCC,18,15,6,2012-06-01,2012,,89,89,0,80-100,,N,292.4,143,41.8974961,-87.8039774
274,ALLEY 274,00,ALLEYS::274::00,Miller Ave,Schneider Ave,PCC,14,33,16,1929-06-01,1929,,14,28,14,0-39,,N,289.6,144,41.8967035,-87.8039461
274-E,ALLEY 274-E,00,ALLEYS::274-E::00,N Harlem Ave,Alley 274,PCC,14,33,16,1929-06-01,1929,,23,32,9,0-39,,N,379.0,145,41.8967009,-87.8046432
273,ALLEY 273,00,ALLEYS::273::00,Schneider Ave,South End,AC,18,0,0,1900-01-01,1900,,59,59,0,40-59,,N,149.6,146,41.8960953,-87.803924
266,ALLEY 266,00,ALLEYS::266::00,N Belleforte Ave,N Forest Ave,PCC,14,25,7,1900-01-01,1900,,79,79,0,60-79,,N,358.6,147,41.894899,-87.8012874
375,ALLEY 375,00,ALLEYS::375::00,Chicago Ave,Superior St,PCC,22,33,22,1926-06-01,1926,,16,33,17,0-39,,N,435.8,148,41.8936497,-87.8034748
365,ALLEY 365,00,ALLEYS::365::00,Superior Sr,South End,PCC,15,33,5,1980-06-01,1980,,14,100,86,80-100,,N,174.0,149,41.8928617,-87.8009988
365-W,ALLEY 365-W,00,ALLEYS::365-W::00,N Marion St,Alley 365,AC,18,0,0,1900-01-01,1900,,43,100,57,80-100,,N,485.9,150,41.8924897,-87.8018838
374,ALLEY 374,00,ALLEYS::374::00,Superior St,Erie St,PCC,20,12,10,2013-06-01,2013,,98,98,0,80-100,,N,435.2,151,41.8924554,-87.8034169
377,ALLEY 377,00,ALLEYS::377::00,North End,Erie St,PCC,12,10,6,2007-06-01,2007,,94,94,0,80-100,,N,184.6,152,41.8920896,-87.8045155
368,ALLEY 368,00,ALLEYS::368::00,Lake St,Alley 368 E,PCC,16,12,8,2004-06-01,2004,,91,91,0,80-100,,N,120.4,153,41.8884604,-87.8013336
368-E,ALLEY 368-E,00,ALLEYS::368-E::00,West End,Alley 368,PCC,16,15,6,2004-06-01,2004,,36,36,0,0-39,,N,48.9,154,41.8883438,-87.8014373
368-W,ALLEY 368-W,00,ALLEYS::368-W::00,N Marion St,East End,PCC,16,16,20,2004-06-01,2004,,58,61,3,60-79,,N,208.8,155,41.8883299,-87.8020278
370-E,ALLEY 370-E,00,ALLEYS::370-E::00,Alley 370,N Marion St,PCC,16,10,6,2016-06-01,2016,,94,93,-1,80-100,,N,159.1,156,41.8882736,-87.8027014
370,ALLEY 370,00,ALLEYS::370::00,Alley 370 W,Westgate St,PCC,16,10,6,2016-06-01,2016,,98,98,0,80-100,,N,128.5,157,41.8880907,-87.8029866
370-W,ALLEY 370-W,00,ALLEYS::370-W::00,West End,Alley 370,PCC,16,10,6,2016-06-01,2016,,98,98,0,80-100,,N,113.7,158,41.8882621,-87.803202
369-W,ALLEY 369-W,00,ALLEYS::369-W::00,West End,Alley 369,PCC,18,10,6,2016-06-01,2016,,96,96,0,80-100,,N,60.2,159,41.8875164,-87.8030752
369,ALLEY 369,00,ALLEYS::369::00,Alley 369 W,North Blvd,PCC,18,10,6,1970-06-01,1970,,97,97,0,80-100,,N,137.5,160,41.8873303,-87.8029574
464,ALLEY 464,00,ALLEYS::464::00,S Marion St,Home Ave,PCC,18,18,6,2016-06-01,2016,,90,91,1,80-100,,N,662.4,161,41.8861918,-87.8013196
465-E,ALLEY 465-E,00,ALLEYS::465-E::00,Pleasant Pl,East End,AC,18,0,0,1900-01-01,1900,,38,38,0,0-39,,N,197.5,162,41.8837701,-87.8013313
465,ALLEY 465,00,ALLEYS::465::00,North End,Randolph St,AC,20,0,0,1975-06-01,1975,,53,53,0,40-59,,N,359.6,163,41.8837724,-87.8016941
470,ALLEY 470,00,ALLEYS::470::00,Pleasant St,280 ft N of Randolph St,AC,18,0,0,1970-06-01,1970,,34,100,66,80-100,,N,516.6,164,41.8847268,-87.8032657
469,ALLEY 469,00,ALLEYS::469::00,175 ft S of Randolph St,Washington Blvd,AC,18,0,0,1970-06-01,1970,,38,38,0,0-39,2028,N,488.4,165,41.8821,-87.803172
466-N,ALLEY 466-N,00,ALLEYS::466-N::00,Alley 466 W,Alley 466 E,PCC,20,15,10,2017-06-01,2017,,91,91,0,80-100,,N,220.6,166,41.8826888,-87.8012007
466-S,ALLEY 466-S,00,ALLEYS::466-S::00,Alley 466 W,Alley 466 E,PCC,20,15,10,2017-06-01,2017,,86,86,0,80-100,,N,220.3,167,41.8820782,-87.8011805
466-E,ALLEY 466-E,00,ALLEYS::466-E::00,Randolph St,Washington Blvd,PCC,30,15,6,2011-06-01,2011,,90,90,0,80-100,,N,667.5,168,41.882389,-87.8007859
466-W,ALLEY 466-W,00,ALLEYS::466-W::00,Randolph St,Washington Blvd,PCC,20,12,10,1968-06-01,1968,,90,90,0,80-100,,N,665.9,169,41.8823724,-87.8015951
461,ALLEY 461,00,ALLEYS::461::00,Randolph St,Washington Blvd,PCC,24,12,6,2008-06-01,2008,,89,89,0,80-100,,N,672.5,170,41.8824231,-87.7992295
458,ALLEY 458,00,ALLEYS::458::00,Randolph St,South End,PCC,18,33,18,1925-06-01,1925,,13,27,14,0-39,2025,N,237.1,171,41.8830553,-87.7977667
457,ALLEY 457,00,ALLEYS::457::00,North End,Randolph St,PP,16,0,0,2014-06-01,2014,FAIR,,100,,80-100,,N,503.0,172,41.8840705,-87.7978
236,ALLEY 236,00,ALLEYS::236::00,Augusta St,Iowa St,PCC,16,12,10,2016-06-01,2016,,96,96,0,80-100,,N,668.1,173,41.8972521,-87.7890461
235,ALLEY 235,00,ALLEYS::235::00,Iowa St,Chicago Ave,AC,20,0,0,1971-06-01,1971,,5,5,0,0-39,,N,667.6,174,41.89542,-87.7889847
234,ALLEY 234,00,ALLEYS::234::00,Iowa St,Chicago Ave,PCC,20,12,10,2015-06-01,2015,,100,100,0,80-100,,N,666.3,175,41.8954457,-87.7873505
233,ALLEY 233,00,ALLEYS::233::00,Augusta St,Iowa St,PCC,20,36,10,1917-06-01,1917,,14,30,16,0-39,,N,666.9,176,41.8972744,-87.7874118
228,ALLEY 228,00,ALLEYS::228::00,Augusta St,Iowa St,AC,20,0,0,1977-06-01,1977,,41,41,0,40-59,,N,666.2,177,41.8972981,-87.7857728
227,ALLEY 227,00,ALLEYS::227::00,Iowa St,Chicago Ave,PCC,20,33,20,1923-06-01,1923,,21,41,20,40-59,,N,665.1,178,41.895472,-87.7857136
226-S,ALLEY 226-S,00,ALLEYS::226-S::00,N Ridgeland Ave,Cuyler Ave N,PCC,18,15,6,2009-06-01,2009,,100,100,0,80-100,,N,442.0,179,41.8953742,-87.7840872
226,ALLEY 226,00,ALLEYS::226::00,Iowa St,Alley 226 S,PCC,22,15,10,2009-06-01,2009,,94,94,0,80-100,,N,377.4,180,41.8958918,-87.7841042
218,ALLEY 218,00,ALLEYS::218::00,Iowa St,Alley 218 S,PCC,20,33,20,1924-06-01,1924,,62,65,3,60-79,,N,468.3,181,41.8957917,-87.7824751
207,ALLEY 207,00,ALLEYS::207::00,Iowa St,Alley 207 S,AC,20,0,0,1971-06-01,1971,,32,32,0,0-39,,N,466.7,182,41.895863,-87.7776093
207-S,ALLEY 207-S,00,ALLEYS::207-S::00,N Taylor Ave,N Humphrey Ave,PCC,16,15,5,2011-06-01,2011,,92,92,0,80-100,,N,441.6,183,41.8952228,-87.7775889
208,ALLEY 208,00,ALLEYS::208::00,Iowa St,Alley 208 S,PCC,20,15,10,2016-06-01,2016,,94,94,0,80-100,,N,467.2,184,41.8958388,-87.7792318
208-S,ALLEY 208-S,00,ALLEYS::208-S::00,NLombard Ave,N Taylor Ave,PCC,16,15,5,2009-06-01,2009,,95,95,0,80-100,,N,441.7,185,41.895198,-87.7792104
217-S,ALLEY 217-S,00,ALLEYS::217-S::00,N Harvey Ave,N Lombard Ave,PCC,16,12,8,2018-06-01,2018,,94,94,0,80-100,,N,442.3,186,41.8951738,-87.7808322
217,ALLEY 217,00,ALLEYS::217::00,Iowa St,Alley 217 S,PCC,24,15,10,2018-06-01,2018,,98,98,0,80-100,,N,467.7,187,41.8958154,-87.7808541
314,ALLEY 314,00,ALLEYS::314::00,Chicago Ave,Superior St,PCC,20,15,10,1974-06-01,1974,,98,98,0,80-100,,N,538.2,189,41.8939582,-87.7808008
313,ALLEY 313,00,ALLEYS::313::00,Chicago Ave,Superior St,PCC,18,33,18,1924-06-01,1924,,15,33,18,0-39,,N,538.7,190,41.8939821,-87.7791716
313-W,ALLEY 313-W,00,ALLEYS::313-W::00,N Lombard Ave,Alley 313,PCC,18,33,18,1900-01-01,1900,,15,40,25,40-59,,N,220.7,191,41.8941071,-87.7795807
305,ALLEY 305,00,ALLEYS::305::00,Alley 305 N,Superior St,PCC,20,12,10,2016-06-01,2016,,94,94,0,80-100,,N,341.3,192,41.8936697,-87.7775377
305-N,ALLEY 305-N,00,ALLEYS::305-N::00,N Taylor Ave,N Humphrey Ave,PCC,15,10,6,2016-06-01,2016,,89,89,0,80-100,,N,442.9,193,41.8941379,-87.7775521
218-S,ALLEY 218-S,00,ALLEYS::218-S::00,N Cuyler Ave,N Harvey Ave,PCC,14,33,14,1900-01-01,1900,,13,33,20,0-39,,N,442.2,194,41.8951494,-87.7824544
323,ALLEY 323,00,ALLEYS::323::00,Chicago Ave,Superior St,PCC,20,33,20,1926-06-01,1926,,25,46,21,40-59,,N,469.6,195,41.8938769,-87.7824124
324-N,ALLEY 324-N,00,ALLEYS::324-N::00,N Ridgeland Ave,Cuyler Ave N,PCC,18,12,8,2018-06-01,2018,,97,97,0,80-100,,N,442.1,197,41.8940421,-87.784046
324,ALLEY 324,00,ALLEYS::324::00,Alley 324 N,Superior St,PCC,18,15,10,2018-06-01,2018,,98,98,0,80-100,,N,340.6,198,41.893575,-87.7840322
200,ALLEY 200,00,ALLEYS::200::00,Iowa St,Alley 200 S,PCC,20,10,10,2022-05-01,2022,,100,100,0,80-100,,N,466.2,199,41.8958872,-87.7759871
200-S,ALLEY 200-S,00,ALLEYS::200-S::00,N Humphrey Ave,N Austin Blvd,PCC,15,10,5,1971-06-01,1971,,90,90,0,80-100,,N,442.4,200,41.8952478,-87.7759655
304-N,ALLEY 304-N,00,ALLEYS::304-N::00,Alley 304,N Austin Blvd,PCC,15,30,15,1900-01-01,1900,,15,33,18,0-39,2025,N,222.0,201,41.8941691,-87.77552
304,ALLEY 304,00,ALLEYS::304::00,Alley 304 N,Superior St,PCC,20,32,10,1922-06-01,1922,,35,53,18,40-59,2025,N,341.5,202,41.8936945,-87.7759105
303,ALLEY 303,00,ALLEYS::303::00,Superior St,Alley 303 E,PCC,20,30,10,1971-06-01,1971,,23,44,21,40-59,2026,Y,189.7,203,41.8929659,-87.7758853
306,ALLEY 306,00,ALLEYS::306::00,Superior St,Erie St,AC,20,0,0,1976-06-01,1976,,37,37,0,0-39,,N,500.6,204,41.8925148,-87.7775034
325,ALLEY 325,00,ALLEYS::325::00,Superior St,Erie St,PCC,20,33,10,1900-01-01,1900,,33,50,17,40-59,,N,501.1,205,41.8924204,-87.7839987
326,ALLEY 326,00,ALLEYS::326::00,Erie St,Ontario St,PCC,20,33,10,1923-06-01,1923,,25,46,21,40-59,,N,494.6,206,41.8910545,-87.7839621
322,ALLEY 322,00,ALLEYS::322::00,Superior St,Erie St,PCC,20,12,6,2017-06-01,2017,,96,96,0,80-100,,N,500.7,207,41.8924443,-87.7823746
315,ALLEY 315,00,ALLEYS::315::00,Superior St,Erie St,PCC,22,12,6,2005-06-01,2005,,94,94,0,80-100,,N,500.4,208,41.8924681,-87.7807555
312,ALLEY 312,00,ALLEYS::312::00,Superior St,Erie St,PCC,22,12,8,2013-06-01,2013,,92,92,0,80-100,,N,500.3,209,41.8924914,-87.7791279
311,ALLEY 311,00,ALLEYS::311::00,Erie St,Ontario St,PCC,20,33,20,1924-06-01,1924,,19,41,22,40-59,,N,496.2,210,41.8911245,-87.7790869
316,ALLEY 316,00,ALLEYS::316::00,Erie St,Ontario St,PCC,20,33,20,1923-06-01,1923,,25,50,25,40-59,,N,495.9,211,41.8911014,-87.7807142
303-E,ALLEY 303-E,00,ALLEYS::303-E::00,Alley 303,N Austin Blvd,PCC,18,25,15,1900-01-01,1900,,71,74,3,60-79,2026,Y,222.5,212,41.8927112,-87.7754687
366,ALLEY 366,00,ALLEYS::366::00,Erie St,Ontario St,PCC,22,10,6,2003-06-01,2003,,88,88,0,80-100,,N,463.8,213,41.8912603,-87.8011424
372,ALLEY 372,00,ALLEYS::372::00,N Harlem Ave,East End,PCC,18,10,6,1926-06-01,1926,,81,81,0,80-100,,N,469.3,214,41.8892434,-87.8042258
367,ALLEY 367,00,ALLEYS::367::00,West End,Forest Ave,PP,20,0,0,2014-06-01,2014,GOOD,,100,,80-100,,N,450.9,215,41.8893421,-87.8010168
468,ALLEY 468,00,ALLEYS::468::00,Washington Blvd,Alley 468 S,AC,18,0,0,1970-06-01,1970,,58,58,0,40-59,,N,493.6,216,41.8807528,-87.8031366
467-W,ALLEY 467-W,00,ALLEYS::467-W::00,Washington Blvd,Madison St,PCC,20,10,6,1929-06-01,1929,,85,85,0,80-100,,N,660.3,217,41.8805462,-87.80153
467-E,ALLEY 467-E,00,ALLEYS::467-E::00,Washington Blvd,Lincoln Trl,PCC,22,12,7,2007-06-01,2007,,93,93,0,80-100,,N,224.4,218,41.8811656,-87.8007451
467-E,ALLEY 467-E,05,ALLEYS::467-E::05,Lincoln Trl,Baldwin Ln,PCC,22,12,7,2007-06-01,2007,,94,93,-1,80-100,,N,221.9,219,41.8805535,-87.8007223
467-E,ALLEY 467-E,10,ALLEYS::467-E::10,Baldwin Ln,Madison St,PCC,22,10,6,2007-06-01,2007,,93,93,0,80-100,,N,214.7,220,41.8799547,-87.8007
468-S,ALLEY 468-S,00,ALLEYS::468-S::00,S Maple Ave,Wisconsin Ave,AC,18,0,0,1970-06-01,1970,,45,45,0,40-59,,N,424.0,222,41.8800758,-87.8031011
596,ALLEY 596,00,ALLEYS::596::00,Harlem Ave,S Maple Ave,PCC,16,12,8,1900-01-01,1900,,63,70,7,60-79,,N,232.1,223,41.8791408,-87.8042731
588-N,ALLEY 588-N,00,ALLEYS::588-N::00,Wisconsin Ave,Winonah Ave,AC,16,0,0,1900-01-01,1900,,41,41,0,40-59,,N,332.0,224,41.8791879,-87.8016815
587-N,ALLEY 587-N,00,ALLEYS::587-N::00,Winonah Ave,Home Ave,PCC,16,12,8,2015-06-01,2015,,92,92,0,80-100,,N,331.8,226,41.8792076,-87.800463
587,ALLEY 587,00,ALLEYS::587::00,Alley 587 N,Monroe Ave,PCC,16,33,16,1924-06-01,1924,,14,30,16,0-39,,N,350.9,227,41.8787263,-87.8004455
580,ALLEY 580,00,ALLEYS::580::00,Madison St,Monroe Ave,PCC,16,33,16,1900-01-01,1900,,12,26,14,0-39,,N,517.3,228,41.8789708,-87.799519
581,ALLEY 581,00,ALLEYS::581::00,Monroe Ave,Adams St,PCC,16,33,16,1920-06-01,1920,,23,35,12,0-39,,N,517.2,229,41.8775518,-87.7994687
586,ALLEY 586,00,ALLEYS::586::00,Monroe Ave,Adams St,PCC,16,33,16,1923-06-01,1923,,15,28,13,0-39,2026,N,517.2,230,41.8775356,-87.8004024
589,ALLEY 589,00,ALLEYS::589::00,Monroe Ave,Adams St,PCC,16,33,16,1924-06-01,1924,,19,35,16,0-39,,N,517.5,231,41.8775157,-87.8016205
594,ALLEY 594,00,ALLEYS::594::00,Alley 594 N,Adams St,PCC,20,33,16,1926-06-01,1926,,15,33,18,0-39,2025,N,336.1,232,41.877243,-87.803002
593,ALLEY 593,00,ALLEYS::593::00,Adams St,Jackson Blvd,PCC,20,33,16,1922-06-01,1922,,36,54,18,40-59,,N,516.3,233,41.8760737,-87.8029623
590,ALLEY 590,00,ALLEYS::590::00,Adams St,Jackson Blvd,PCC,16,42,16,1923-06-01,1923,,13,33,20,0-39,,N,516.4,234,41.8760976,-87.8015694
585,ALLEY 585,00,ALLEYS::585::00,Adams St,Jackson Blvd,AC,16,0,0,1974-06-01,1974,,56,56,0,40-59,,N,515.8,235,41.8761186,-87.800352
582,ALLEY 582,00,ALLEYS::582::00,Adams St,Jackson Blvd,PCC,16,33,16,1920-06-01,1920,,8,25,17,0-39,2028,N,515.6,236,41.8761351,-87.7994198
583,ALLEY 583,00,ALLEYS::583::00,Jackson Blvd,Harrison St,PCC,16,33,16,1927-06-01,1927,,14,30,16,0-39,,N,707.6,237,41.8744574,-87.7993571
584,ALLEY 584,00,ALLEYS::584::00,Jackson Blvd,Harrison St,PCC,16,33,16,1925-06-01,1925,,8,25,17,0-39,,N,686.3,238,41.8744698,-87.8002895
591,ALLEY 591,00,ALLEYS::591::00,Jackson Blvd,Harrison St,AC,16,0,0,1977-06-01,1977,,44,44,0,40-59,,N,633.5,239,41.8745205,-87.8015103
592,ALLEY 592,00,ALLEYS::592::00,Jackson Blvd,Harrison St,PCC,20,12,6,2010-06-01,2010,,92,92,0,80-100,,N,580.0,240,41.87457,-87.8029061
598-S,ALLEY 598-S,00,ALLEYS::598-S::00,Alley 598,S Maple Ave,PCC,18,45,18,1900-01-01,1900,,14,35,21,0-39,,N,235.2,241,41.8742279,-87.8041048
684,ALLEY 684,00,ALLEYS::684::00,Alley 684 N,Lexington St,PCC,18,33,18,1924-06-01,1924,,13,33,20,0-39,,N,497.5,242,41.8711658,-87.8027895
684-N,ALLEY 684-N,00,ALLEYS::684-N::00,S Maple Ave,Wisconsin Ave,PCC,16,33,16,1900-01-01,1900,,15,33,18,0-39,,N,425.0,243,41.8718482,-87.8028123
683,ALLEY 683,00,ALLEYS::683::00,Alley 683 N,Lexington St,PCC,16,12,8,2015-06-01,2015,,96,96,0,80-100,,N,501.4,244,41.871198,-87.801306
683-N,ALLEY 683-N,00,ALLEYS::683-N::00,Wisconsin Ave,Wenonah Ave,PCC,16,12,8,2015-06-01,2015,,99,99,0,80-100,,N,382.5,245,41.8718858,-87.80133
676-N,ALLEY 676-N,00,ALLEYS::676-N::00,Wenonah Ave,Clinton Ave,AC,16,0,0,1900-01-01,1900,,40,40,0,40-59,,N,383.0,246,41.8719128,-87.7999248
676,ALLEY 676,00,ALLEYS::676::00,Alley 676 N,Lexington St,AC,16,0,0,2014-06-01,2014,,81,81,0,80-100,,N,502.1,247,41.8712242,-87.7999005
675-N,ALLEY 675-N,00,ALLEYS::675-N::00,Home Ave,Clinton Ave,PCC,16,33,16,1900-01-01,1900,,10,26,16,0-39,,N,356.6,248,41.8719202,-87.798567
675,ALLEY 675,00,ALLEYS::675::00,Alley 675 N,Lexington St,PCC,16,33,16,1923-06-01,1923,,15,38,23,0-39,,N,495.6,249,41.8712405,-87.7985423
674,ALLEY 674,00,ALLEYS::674::00,Lexington St,Harvard St,AC,16,0,0,1976-06-01,1976,,42,42,0,40-59,,N,666.1,250,41.869647,-87.7984859
677,ALLEY 677,00,ALLEYS::677::00,Lexington St,Harvard St,AC,16,0,0,1978-06-01,1978,,33,33,0,0-39,,N,666.2,251,41.8696219,-87.7998433
682,ALLEY 682,00,ALLEYS::682::00,Lexington St,Harvard St,PCC,16,33,16,1923-06-01,1923,,20,33,13,0-39,,N,666.1,252,41.8695966,-87.8012485
685,ALLEY 685,00,ALLEYS::685::00,Lexington St,Harvard St,AC,18,0,0,1973-06-01,1973,,44,44,0,40-59,2027,N,666.0,253,41.86957,-87.802732
686,ALLEY 686,00,ALLEYS::686::00,Harvard St,Filmore St,PCC,18,24,9,1900-01-01,1900,,54,69,15,60-79,,N,665.0,254,41.8677444,-87.8026646
687,ALLEY 687,00,ALLEYS::687::00,Filmore St,Alley 687 S,AC,18,0,0,2015-06-01,2015,,31,31,0,0-39,,N,498.7,255,41.8661482,-87.8026049
681,ALLEY 681,00,ALLEYS::681::00,Harvard St,Filmore St,PCC,16,33,16,1927-06-01,1927,,16,33,17,0-39,,N,665.3,256,41.8677705,-87.8011817
680,ALLEY 680,00,ALLEYS::680::00,Filmore St,Alley 680 S,PCC,16,20,8,1900-01-01,1900,,66,74,8,60-79,,N,497.3,257,41.8661758,-87.8011233
678,ALLEY 678,00,ALLEYS::678::00,Harvard St,Filmore St,PCC,16,33,16,1926-06-01,1926,,19,33,14,0-39,,N,665.6,258,41.8677951,-87.799778
679,ALLEY 679,00,ALLEYS::679::00,Filmore St,Alley 679 S,AC,20,0,0,2015-06-01,2015,,45,45,0,40-59,,N,496.5,259,41.8662011,-87.7997218
672,ALLEY 672,00,ALLEYS::672::00,Filmore St,Alley 672 S,AC,16,0,0,1973-06-01,1973,,28,28,0,0-39,2028,N,511.8,260,41.8662039,-87.7983655
673,ALLEY 673,00,ALLEYS::673::00,Harvard St,Filmore St,AC,16,0,0,1973-06-01,1973,,40,41,1,40-59,,N,666.1,261,41.8678196,-87.7984221
687-S,ALLEY 687-S,00,ALLEYS::687-S::00,S Maple Ave,Wisconsin Ave,PCC,16,10,6,2005-06-01,2005,,82,82,0,80-100,,N,424.3,262,41.8654618,-87.8025784
680-S,ALLEY 680-S,00,ALLEYS::680-S::00,Wisconsin Ave,Alley 680,PCC,16,22,8,1900-01-01,1900,,34,52,18,40-59,,N,191.0,263,41.865487,-87.8014489
679-S,ALLEY 679-S,00,ALLEYS::679-S::00,Alley 679,Clinton Ave,PCC,16,10,8,1979-06-01,1979,,95,95,0,80-100,,N,191.5,264,41.8655265,-87.7993463
672-S,ALLEY 672-S,00,ALLEYS::672-S::00,Home Ave,Clinton Ave,AC,16,0,0,1973-06-01,1973,,32,32,0,0-39,2028,N,355.4,265,41.8655019,-87.7983413
670,ALLEY 670,00,ALLEYS::670::00,Harvard St,Filmore St,PCC,16,33,16,1923-06-01,1923,,13,34,21,0-39,,N,666.1,266,41.8678422,-87.7971153
671,ALLEY 671,00,ALLEYS::671::00,Filmore St,Roosevelt Rd,AC,16,0,0,1975-06-01,1975,,33,33,0,0-39,,N,662.0,267,41.8660205,-87.7970519
664,ALLEY 664,00,ALLEYS::664::00,Filmore St,Roosevelt Rd,PCC,20,10,6,2006-06-01,2006,,95,95,0,80-100,,N,664.2,268,41.8660408,-87.7957445
665,ALLEY 665,00,ALLEYS::665::00,Alley 665 N,Filmore St,PCC,16,10,8,2018-06-01,2018,,99,99,0,80-100,,N,241.0,269,41.8672823,-87.7957878
665-N,ALLEY 665-N,00,ALLEYS::665-N::00,West End,Alley 665,PCC,16,10,10,1900-01-01,1900,,100,100,0,80-100,,N,178.0,270,41.8676071,-87.7961259
662,ALLEY 662,00,ALLEYS::662::00,Harvard St,Filmore St,PCC,22,12,6,2010-06-01,2010,,95,95,0,80-100,,N,666.1,271,41.8678878,-87.7945009
663,ALLEY 663,00,ALLEYS::663::00,Filmore St,Alley 663 S,AC,16,0,0,1974-06-01,1974,,20,20,0,0-39,2027,Y,492.0,272,41.8662993,-87.7944448
656,ALLEY 656,00,ALLEYS::656::00,Filmore St,Alley 656 S,PCC,16,33,16,1925-06-01,1925,,16,31,15,0-39,,N,491.8,273,41.8663224,-87.7931793
657,ALLEY 657,00,ALLEYS::657::00,Harvard St,Filmore St,PCC,16,12,8,2016-06-01,2016,,95,95,0,80-100,,N,665.7,274,41.8679101,-87.7932359
654,ALLEY 654,00,ALLEYS::654::00,Harvard St,Filmore St,PCC,16,33,16,1923-06-01,1923,,20,33,13,0-39,,N,665.6,275,41.8679317,-87.792022
663-S,ALLEY 663-S,00,ALLEYS::663-S::00,S Grove Ave,S Oak Park Ave,PCC,16,33,16,1974-06-01,1974,,10,26,16,0-39,2027,Y,356.4,277,41.8656244,-87.7944223
648-S,ALLEY 648-S,00,ALLEYS::648-S::00,S Wesley Ave,Clarence Ave,PCC,12,12,5,2006-06-01,2006,,90,90,0,80-100,,N,333.8,278,41.865672,-87.7907146
649,ALLEY 649,00,ALLEYS::649::00,Harvard St,Filmore St,AC,16,0,0,1976-06-01,1976,,43,43,0,40-59,,N,665.6,279,41.8679531,-87.7907972
648,ALLEY 648,00,ALLEYS::648::00,Filmore St,Alley 648 S,PCC,16,12,5,2006-06-01,2006,,94,94,0,80-100,,N,498.8,280,41.8663561,-87.7907406
647-S,ALLEY 647-S,00,ALLEYS::647-S::00,Clarence Ave,S East Ave,PCC,12,12,6,2007-06-01,2007,,95,95,0,80-100,,N,333.3,281,41.865694,-87.7894905
641-S,ALLEY 641-S,00,ALLEYS::641-S::00,S East Ave,S Scoville Ave,PCC,16,33,16,1900-01-01,1900,,8,25,17,0-39,2028,N,225.4,282,41.865719,-87.7881345
640-S,ALLEY 640-S,00,ALLEYS::640-S::00,S Scoville Ave,Gunderson Ave,PCC,20,12,6,2002-06-01,2002,,86,85,-1,80-100,,N,333.5,283,41.8657372,-87.7870426
635-S,ALLEY 635-S,00,ALLEYS::635-S::00,Gunderson Ave,Elmwood Ave,PCC,16,10,8,1900-01-01,1900,,90,90,0,80-100,,N,335.1,284,41.8657582,-87.7858157
634-S,ALLEY 634-S,00,ALLEYS::634-S::00,Elmwood Ave,S Ridgeland Ave,PCC,16,10,8,2018-06-01,2018,,94,94,0,80-100,,N,333.0,285,41.865778,-87.7845896
629-S,ALLEY 629-S,00,ALLEYS::629-S::00,S Ridgeland Ave,S Cuyler Ave,PCC,16,10,8,1900-01-01,1900,,98,98,0,80-100,,N,334.9,286,41.8658027,-87.7832113
630,ALLEY 630,00,ALLEYS::630::00,North End,Filmore St,PCC,18,12,6,2004-06-01,2004,,97,98,1,80-100,,N,195.6,287,41.8675068,-87.7834226
629,ALLEY 629,00,ALLEYS::629::00,Filmore St,Alley 629 S,PCC,16,33,16,1927-06-01,1927,,16,33,17,0-39,,N,498.3,288,41.8664828,-87.7833884
634,ALLEY 634,00,ALLEYS::634::00,Filmore St,Alley 634 S,PCC,22,12,8,2018-06-01,2018,,96,96,0,80-100,,N,499.0,289,41.8664627,-87.7846129
633,ALLEY 633,00,ALLEYS::633::00,Harvard St,Filmore St,PCC,16,12,8,2018-06-01,2018,,92,92,0,80-100,,N,665.3,290,41.8680597,-87.7846675
636,ALLEY 636,00,ALLEYS::636::00,Harvard St,Filmore St,PCC,16,12,8,2018-06-01,2018,,97,97,0,80-100,,N,665.5,291,41.8680392,-87.7858953
635,ALLEY 635,00,ALLEYS::635::00,Filmore St,Alley 635 S,PCC,16,33,16,1924-06-01,1924,,10,100,90,80-100,,N,498.8,292,41.8664423,-87.7858396
640,ALLEY 640,00,ALLEYS::640::00,Filmore St,Alley 640 S,AC,18,0,0,2002-06-01,2002,,43,43,0,40-59,,N,498.5,293,41.866421,-87.7870673
641,ALLEY 641,00,ALLEYS::641::00,Filmore St,Alley 641 S,PCC,16,33,16,1928-06-01,1928,,10,26,16,0-39,2028,N,498.3,294,41.8664002,-87.788292
647,ALLEY 647,00,ALLEYS::647::00,Filmore St,Alley 647 S,PCC,16,33,16,1900-01-01,1900,,12,26,14,0-39,,N,499.0,295,41.8663781,-87.7895161
646,ALLEY 646,00,ALLEYS::646::00,Harvard St,Filmore St,AC,16,0,0,1978-06-01,1978,,47,47,0,40-59,,N,665.6,296,41.8679754,-87.7895737
642,ALLEY 642,00,ALLEYS::642::00,Harvard St,Filmore St,AC,16,0,0,1976-06-01,1976,,50,50,0,40-59,,N,665.9,297,41.867997,-87.7883481
639,ALLEY 639,00,ALLEYS::639::00,Harvard St,Filmore St,PCC,18,33,16,1925-06-01,1925,,15,26,11,0-39,,N,665.6,298,41.8680177,-87.787123
628-S,ALLEY 628-S,00,ALLEYS::628-S::00,S Cuyler Ave,S Highland Ave,PCC,16,10,8,2016-06-01,2016,,100,100,0,80-100,,N,334.7,299,41.8658181,-87.7821366
627,ALLEY 627,00,ALLEYS::627::00,Harvard St,Filmore St,PCC,20,33,20,1925-06-01,1925,,16,35,19,0-39,,N,665.3,300,41.8680964,-87.7822153
624,ALLEY 624,00,ALLEYS::624::00,Harvard St,Filmore St,PCC,16,12,6,2014-06-01,2014,,97,97,0,80-100,,N,665.5,301,41.8681135,-87.7809881
621,ALLEY 621,00,ALLEYS::621::00,Harvard St,Filmore St,AC,16,0,0,1979-06-01,1979,,34,34,0,0-39,2029,N,665.0,302,41.86813,-87.7797831
618,ALLEY 618,00,ALLEYS::618::00,Harvard St,Filmore St,PCC,16,33,16,1927-06-01,1927,,13,33,20,0-39,,N,665.6,303,41.8681483,-87.7785221
615,ALLEY 615,00,ALLEYS::615::00,Harvard St,Filmore St,PCC,16,12,8,2016-06-01,2016,,92,92,0,80-100,,N,666.2,304,41.8681659,-87.7773053
612,ALLEY 612,00,ALLEYS::612::00,Harvard St,Filmore St,AC,16,0,0,1969-06-01,1969,,43,43,0,40-59,2028,N,666.0,305,41.8681839,-87.7760761
609,ALLEY 609,00,ALLEYS::609::00,Harvard St,Filmore St,PCC,16,33,16,1924-06-01,1924,,16,100,84,80-100,,N,665.9,306,41.8682013,-87.774852
610,ALLEY 610,00,ALLEYS::610::00,Filmore St,Alley 610 S,PCC,16,10,6,2007-06-01,2007,,92,92,0,80-100,,N,501.7,307,41.8665998,-87.7747936
610-S,ALLEY 610-S,00,ALLEYS::610-S::00,S Humphrey Ave,S Austin Blvd,PCC,16,10,6,2007-06-01,2007,,92,92,0,80-100,,N,332.8,308,41.8659124,-87.7747692
611-S,ALLEY 611-S,00,ALLEYS::611-S::00,S Lyman Ave,S Humphrey Ave,PCC,16,12,8,2016-06-01,2016,,94,94,0,80-100,,N,334.7,309,41.8658921,-87.7759938
611,ALLEY 611,00,ALLEYS::611::00,Filmore St,Alley 611 S,PCC,16,12,8,2016-06-01,2016,,96,97,1,80-100,,N,502.4,310,41.8665813,-87.776018
616,ALLEY 616,00,ALLEYS::616::00,Filmore St,Alley 616 S,PCC,16,15,6,2009-06-01,2009,,96,96,0,80-100,,N,501.5,311,41.8665643,-87.7772476
616-S,ALLEY 616-S,00,ALLEYS::616-S::00,S Taylor Ave,S Lyman Ave,PCC,16,12,6,2007-06-01,2007,,89,89,0,80-100,,N,334.8,312,41.8658761,-87.7772226
617-S,ALLEY 617-S,00,ALLEYS::617-S::00,S Lombard Ave,S Taylor Ave,PCC,16,15,6,2014-06-01,2014,,97,97,0,80-100,,N,334.5,313,41.8658607,-87.7784537
617,ALLEY 617,00,ALLEYS::617::00,Filmore St,Alley 617 S,PCC,16,33,16,1926-06-01,1926,,10,100,90,80-100,,N,501.0,314,41.866548,-87.7784739
622,ALLEY 622,00,ALLEYS::622::00,Filmore St,Alley 622 S,PCC,16,12,8,2015-06-01,2015,,94,94,0,80-100,,N,499.0,315,41.8665334,-87.7797269
622-S,ALLEY 622-S,00,ALLEYS::622-S::00,S Harvey Ave,S Lombard Ave,PCC,16,12,8,2015-06-01,2015,,92,92,0,80-100,,N,334.2,316,41.865849,-87.7796866
623-S,ALLEY 623-S,00,ALLEYS::623-S::00,S Highland Ave,S Harvey Ave,PCC,16,12,8,1900-01-01,1900,,87,87,0,80-100,,N,335.3,317,41.8658321,-87.780907
623,ALLEY 623,00,ALLEYS::623::00,Filmore St,Alley 623 S,PCC,16,33,16,1927-06-01,1927,,20,42,22,40-59,,N,498.9,318,41.8665164,-87.7809316
628,ALLEY 628,00,ALLEYS::628::00,Filmore St,Alley 628 S,PCC,16,33,16,1927-06-01,1927,,24,44,20,40-59,,N,497.9,319,41.8665009,-87.7821607
625,ALLEY 625,00,ALLEYS::625::00,Garfield St,Harvard St,PCC,16,33,16,1925-06-01,1925,,17,37,20,0-39,,N,650.0,320,41.8699179,-87.7810491
620,ALLEY 620,00,ALLEYS::620::00,North End,Harvard St,PCC,20,15,6,2004-06-01,2004,,91,92,1,80-100,,N,483.6,321,41.8697055,-87.7798364
614,ALLEY 614,00,ALLEYS::614::00,Alley 614 N,Harvard St,PCC,18,15,6,2004-06-01,2004,,92,93,1,80-100,,N,413.4,322,41.8696467,-87.7773564
613,ALLEY 613,00,ALLEYS::613::00,Alley 613 N,Harvard St,PCC,16,33,16,1924-06-01,1924,,13,31,18,0-39,2025,N,369.0,323,41.8696034,-87.7761271
608,ALLEY 608,00,ALLEYS::608::00,Alley 608 N,Harvard St,PCC,16,33,16,1928-06-01,1928,,16,33,17,0-39,,N,324.0,324,41.869559,-87.7748985
608-N,ALLEY 608-N,00,ALLEYS::608-N::00,S Humphrey Ave,S Austin Blvd,PCC,16,33,16,1900-01-01,1900,,14,30,16,0-39,,N,339.1,325,41.8700035,-87.774911
613-N,ALLEY 613-N,00,ALLEYS::613-N::00,S Lyman Ave,S Humphrey Ave,PCC,16,33,16,1900-01-01,1900,,15,33,18,0-39,2025,N,337.2,326,41.8701094,-87.7761444
614-N,ALLEY 614-N,00,ALLEYS::614-N::00,S Taylor Ave,S Lyman Ave,PCC,16,15,10,2004-06-01,2004,,84,86,2,80-100,,N,337.3,327,41.8702138,-87.7773747
511,ALLEY 511,00,ALLEYS::511::00,Van Buren St,Harrison St,AC,16,0,0,1978-06-01,1978,,36,36,0,0-39,,N,666.4,328,41.8733246,-87.7774805
504,ALLEY 504,00,ALLEYS::504::00,Van Buren St,Harrison St,PCC,15,12,8,1922-06-01,1922,,95,95,0,80-100,,N,664.7,329,41.8736659,-87.7762787
503,ALLEY 503,00,ALLEYS::503::00,Van Buren St,Harrison St,PCC,18,12,6,2005-06-01,2005,,84,84,0,80-100,,N,666.1,330,41.8736832,-87.7750656
607,ALLEY 607,00,ALLEYS::607::00,Alley 607 N,Alley 607 S,PCC,16,15,8,2017-06-01,2017,,90,90,0,80-100,,N,306.6,331,41.8718907,-87.7749807
607-N,ALLEY 607-N,00,ALLEYS::607-N::00,S Humphrey Ave,S Austin Blvd,PCC,16,12,8,2017-06-01,2017,,96,96,0,80-100,,N,335.3,332,41.8723112,-87.7749974
606-N,ALLEY 606-N,00,ALLEYS::606-N::00,S Lyman Ave,S Humphrey Ave,AC,16,0,0,1976-06-01,1976,,44,44,0,40-59,,N,333.4,333,41.8722933,-87.7762247
606,ALLEY 606,00,ALLEYS::606::00,Alley 606 N,Flournoy St,AC,16,0,0,1976-06-01,1976,,31,31,0,0-39,,N,273.8,334,41.8719178,-87.7762086
605,ALLEY 605,00,ALLEYS::605::00,Alley 605 N,Flournoy St,PCC,16,12,8,1925-06-01,1925,,93,93,0,80-100,,N,239.9,335,41.8719465,-87.777432
605-N,ALLEY 605-N,00,ALLEYS::605-N::00,S Taylor Ave,S Lyman Ave,PCC,16,12,8,2015-06-01,2015,,93,93,0,80-100,,N,330.8,336,41.8722756,-87.7774437
604,ALLEY 604,00,ALLEYS::604::00,Alley 604 N,Flournoy St,PCC,16,10,6,2014-06-01,2014,,100,100,0,80-100,,N,205.8,337,41.8719752,-87.7786509
604-N,ALLEY 604-N,00,ALLEYS::604-N::00,S Lombard Ave,Alley 604,PCC,16,10,6,2014-06-01,2014,,98,98,0,80-100,,N,171.8,338,41.8722526,-87.7789769
512,ALLEY 512,00,ALLEYS::512::00,Van Buren St,Harrison St,PCC,16,33,10,1923-06-01,1923,,24,40,16,40-59,,N,666.0,339,41.8736279,-87.7787084
519,ALLEY 519,00,ALLEYS::519::00,Van Buren St,Harrison St,PCC,16,33,16,1924-06-01,1924,,20,29,9,0-39,,N,665.5,340,41.8736099,-87.7799723
603-N,ALLEY 603-N,00,ALLEYS::603-N::00,Harrison ASt,Alley 603 E,PCC,18,15,6,2011-06-01,2011,,91,91,0,80-100,,N,90.2,341,41.8723617,-87.7799242
603-S,ALLEY 603-S,00,ALLEYS::603-S::00,Alley 603 E,Flournoy St,PCC,18,12,9,2016-06-01,2016,,98,98,0,80-100,,N,167.2,342,41.8720089,-87.779904
603-E,ALLEY 603-E,00,ALLEYS::603-E::00,S Highland Ave,Alley 603 N,PCC,16,12,8,2016-06-01,2016,,97,97,0,80-100,,N,495.6,343,41.8722235,-87.7808266
534,ALLEY 534,00,ALLEYS::534::00,Van Buren St,Harrison St,AC,14,0,0,1976-06-01,1976,,3,100,97,80-100,,N,666.0,344,41.8735353,-87.7848573
601,ALLEY 601,00,ALLEYS::601::00,S Ridgeland Ave,S Cuyler Aver,PCC,16,33,16,1900-01-01,1900,,42,58,16,40-59,,N,334.9,345,41.8721787,-87.7837854
602-N,ALLEY 602-N,00,ALLEYS::602-N::00,S Cuyler Aver,S Highland Ave,PCC,16,33,16,1900-01-01,1900,,14,30,16,0-39,,N,335.2,346,41.8722019,-87.7823515
602,ALLEY 602,00,ALLEYS::602::00,Alley 602 N,Alley 602 S,PCC,18,20,18,1900-01-01,1900,,36,44,8,40-59,,N,108.6,347,41.872053,-87.7823459
527,ALLEY 527,00,ALLEYS::527::00,Van Buren St,Harrison St,PCC,16,33,16,1922-06-01,1922,,26,45,19,40-59,,N,665.1,348,41.8735735,-87.7824031
637,ALLEY 637,00,ALLEYS::637::00,Garfield St,Harvard St,PCC,16,15,6,2011-06-01,2011,,93,93,0,80-100,,N,877.9,349,41.8701561,-87.7859663
632-N,ALLEY 632-N,00,ALLEYS::632-N::00,Alley 632,S Ridgeland Ave,PCC,15,12,8,2015-06-01,2015,,99,99,0,80-100,,N,168.6,350,41.8708151,-87.7844544
632,ALLEY 632,00,ALLEYS::632::00,Garfield St,Harvard St,PCC,14,12,8,2015-06-01,2015,,96,96,0,80-100,,N,832.7,351,41.8701143,-87.7847375
631,ALLEY 631,00,ALLEYS::631::00,Garfield St,Harvard St,AC,16,0,0,1977-06-01,1977,,47,47,0,40-59,,N,666.5,352,41.8699053,-87.7835023
626,ALLEY 626,00,ALLEYS::626::00,Garfield St,Harvard St,PCC,18,15,6,2012-06-01,2012,,89,89,0,80-100,,N,666.1,353,41.8699228,-87.7822757
651,ALLEY 651,00,ALLEYS::651::00,Alley 651 N,Lexington St,PCC,16,12,5,2013-06-01,2013,,95,96,1,80-100,,N,239.9,354,41.8710235,-87.7909028
650,ALLEY 650,00,ALLEYS::650::00,Lexington St,Harvard St,PCC,16,33,16,1922-06-01,1922,,17,36,19,0-39,,N,666.5,355,41.8697803,-87.7908584
645,ALLEY 645,00,ALLEYS::645::00,Lexington St,Harvard St,AC,16,0,0,1971-06-01,1971,,21,21,0,0-39,,Y,665.1,356,41.8698008,-87.7896365
644,ALLEY 644,00,ALLEYS::644::00,Alley 644 N,Lexington St,PCC,18,15,5,2012-06-01,2012,,94,94,0,80-100,,N,195.5,357,41.8709813,-87.7896792
643,ALLEY 643,00,ALLEYS::643::00,North End,Harvard St,AC,16,0,0,1971-06-01,1971,,41,41,0,40-59,,N,482.2,358,41.8695719,-87.7884022
638,ALLEY 638,00,ALLEYS::638::00,North End,Harvard St,PCC,16,33,16,1925-06-01,1925,,15,33,18,0-39,,N,483.9,359,41.8695943,-87.7871772
667-N,ALLEY 667-N,00,ALLEYS::667-N::00,S Kenilworth Ave,S Grove Ave,PCC,16,10,10,1900-01-01,1900,,20,35,15,0-39,,N,360.1,360,41.8717105,-87.7959433
667,ALLEY 667,00,ALLEYS::667::00,Garfield St,Lexington St,PCC,18,30,18,2008-06-01,2008,,26,45,19,40-59,,N,402.9,361,41.8711579,-87.7959231
660-E,ALLEY 660-E,00,ALLEYS::660-E::00,S Grove Ave,Alley 660 N,PCC,16,12,6,2006-06-01,2006,,88,88,0,80-100,,N,209.3,362,41.8716176,-87.794813
660-W,ALLEY 660-W,00,ALLEYS::660-W::00,Alley 660 N,S Oak Park Ave,PCC,16,12,6,2006-06-01,2006,,86,90,4,80-100,,N,150.6,363,41.871574,-87.7942467
660-S,ALLEY 660-S,00,ALLEYS::660-S::00,Alley 660 E,Lexington St,PCC,20,12,6,2006-06-01,2006,,92,93,1,80-100,,N,354.9,364,41.8711165,-87.7946128
659,ALLEY 659,00,ALLEYS::659::00,Alley 659 N,Lexington St,PCC,16,33,8,1977-06-01,1977,,43,100,57,80-100,,N,117.3,365,41.8708134,-87.7933364
659-N,ALLEY 659-N,00,ALLEYS::659-N::00,S Oak Park Ave,S Euclid Ave,AC,16,0,0,1900-01-01,1900,,29,29,0,0-39,,N,332.3,366,41.8715015,-87.7933647
652,ALLEY 652,00,ALLEYS::652::00,Alley 652 N,Lexington St,PCC,18,12,6,2006-06-01,2006,,88,90,2,80-100,,N,285.2,367,41.8710653,-87.792133
652-N,ALLEY 652-N,00,ALLEYS::652-N::00,S Euclid Ave,S Wesley Ave,PCC,14,12,6,2006-06-01,2006,,92,92,0,80-100,,N,339.4,368,41.8714557,-87.7921426
651-N,ALLEY 651-N,00,ALLEYS::651-N::00,S Wesley Ave,Clarence Ave,PCC,14,15,4,2013-06-01,2013,,96,96,0,80-100,,N,336.2,369,41.871352,-87.7909103
644-N,ALLEY 644-N,00,ALLEYS::644-N::00,Clarence Ave,S East Ave,PCC,16,15,6,2012-06-01,2012,,83,83,0,80-100,,N,336.4,370,41.8712488,-87.7896835
653,ALLEY 653,00,ALLEYS::653::00,Lexington St,Harvard St,PCC,16,33,16,1924-06-01,1924,,21,39,18,0-39,,N,666.9,371,41.8697594,-87.7920837
658,ALLEY 658,00,ALLEYS::658::00,Lexington St,Harvard St,AC,16,0,0,1977-06-01,1977,,55,55,0,40-59,,N,666.9,372,41.8697379,-87.7932996
661,ALLEY 661,00,ALLEYS::661::00,Lexington St,Harvard St,AC,16,0,0,1976-06-01,1976,,54,54,0,40-59,,N,666.4,373,41.8697155,-87.7945643
666,ALLEY 666,00,ALLEYS::666::00,Lexington St,Harvard St,PCC,22,12,6,2010-06-01,2010,,96,96,0,80-100,,N,665.9,374,41.8696919,-87.7958708
660-N,ALLEY 660-N,00,ALLEYS::660-N::00,Garfield St,Alley 660 W,PCC,12,12,4,2006-06-01,2006,,92,92,0,80-100,,N,176.1,375,41.8718365,-87.7945309
668,ALLEY 668,00,ALLEYS::668::00,Garfield St,Lexington St,PP,14,0,0,2022-05-01,2022,GOOD,,100,,80-100,,N,626.2,376,41.871631,-87.7972336
669,ALLEY 669,00,ALLEYS::669::00,Lexington St,Harvard St,PCC,16,33,16,1925-06-01,1925,,17,37,20,0-39,,N,666.1,377,41.8696695,-87.7971789
668-N,ALLEY 668-N,00,ALLEYS::668-N::00,West End,S Kenilworth Ave,PCC,12,12,8,2022-05-01,2022,,100,100,0,80-100,,N,246.2,378,41.871813,-87.7971447
576,ALLEY 576,00,ALLEYS::576::00,Jackson Blvd,Harrison St,AC,20,0,0,1980-06-01,1980,,22,22,0,0-39,2026,N,762.8,379,41.8744073,-87.7979191
577,ALLEY 577,00,ALLEYS::577::00,Adams St,Jackson Blvd,AC,16,0,0,1979-06-01,1979,,26,27,1,0-39,2029,N,515.8,380,41.8761611,-87.7979848
574,ALLEY 574,00,ALLEYS::574::00,Adams St,Jackson Blvd,PCC,16,33,16,1926-06-01,1926,,16,29,13,0-39,,N,515.5,381,41.8761859,-87.7965485
566,ALLEY 566,00,ALLEYS::566::00,Van Buren St,Harrison St,PCC,15,33,15,1924-06-01,1924,,12,100,88,80-100,,N,376.6,382,41.8733935,-87.794637
565,ALLEY 565,00,ALLEYS::565::00,Jackson Blvd,Van Buren St,PCC,15,10,6,2022-05-01,2022,,100,100,0,80-100,,N,664.6,383,41.8751899,-87.7947065
560,ALLEY 560,00,ALLEYS::560::00,Jackson Blvd,Van Buren St,PCC,16,33,10,1923-06-01,1923,,16,33,17,0-39,,N,665.0,384,41.875211,-87.7934864
559,ALLEY 559,00,ALLEYS::559::00,Van Buren St,Harrison St,PCC,16,12,10,2012-06-01,2012,,93,93,0,80-100,,N,572.4,385,41.8735139,-87.7934233
558-S,ALLEY 558-S,00,ALLEYS::558-S::00,S Euclid Ave,Alley 558,PCC,16,15,10,1900-01-01,1900,,81,81,0,80-100,,N,168.0,386,41.8729726,-87.7924843
558,ALLEY 558,00,ALLEYS::558::00,Van Buren St,South End,PCC,16,15,8,1900-01-01,1900,,94,94,0,80-100,,N,515.0,387,41.8734027,-87.7921933
551-S,ALLEY 551-S,00,ALLEYS::551-S::00,Wesley Ave,Clarence Ave,PCC,15,12,8,2018-06-01,2018,,96,96,0,80-100,,N,330.5,388,41.8729709,-87.7909595
551,ALLEY 551,00,ALLEYS::551::00,Van Buren St,Alley 551 S,PCC,16,12,8,2018-06-01,2018,,88,88,0,80-100,,N,499.3,389,41.8736557,-87.7909857
552,ALLEY 552,00,ALLEYS::552::00,Jackson Blvd,Van Buren St,AC,16,0,0,1973-06-01,1973,,39,39,0,0-39,,N,666.0,390,41.875254,-87.7910401
557,ALLEY 557,00,ALLEYS::557::00,Jackson Blvd,Van Buren St,PCC,16,33,16,1924-06-01,1924,,15,36,21,0-39,,N,665.8,391,41.8752339,-87.7922623
549,ALLEY 549,00,ALLEYS::549::00,Jackson Blvd,Van Buren St,AC,16,0,0,1975-06-01,1975,,31,32,1,0-39,2026,N,665.6,392,41.8752744,-87.7898182
544,ALLEY 544,00,ALLEYS::544::00,Jackson Blvd,Van Buren St,PCC,15,15,8,2018-06-01,2018,,97,98,1,80-100,,N,665.0,393,41.8752974,-87.7885942
543,ALLEY 543,00,ALLEYS::543::00,Van Buren St,Alley 543 S,PCC,15,12,6,2010-06-01,2010,,94,94,0,80-100,,N,498.0,394,41.8737022,-87.7885397
542,ALLEY 542,00,ALLEYS::542::00,Van Buren St,Alley 542 S,PCC,15,12,8,2016-06-01,2016,,90,90,0,80-100,,N,499.8,395,41.873721,-87.787316
541,ALLEY 541,00,ALLEYS::541::00,Jackson Blvd,Van Buren St,PCC,15,12,8,2018-06-01,2018,,96,96,0,80-100,,N,665.3,396,41.8753192,-87.78737
536,ALLEY 536,00,ALLEYS::536::00,Jackson Blvd,Van Buren St,PCC,15,33,15,1971-06-01,1971,,14,30,16,0-39,2027,N,665.3,397,41.8753413,-87.7861452
535,ALLEY 535,00,ALLEYS::535::00,Van Buren St,Harrison St,PCC,16,33,16,1923-06-01,1923,,15,33,18,0-39,2029,N,665.9,398,41.8735155,-87.7860837
533,ALLEY 533,00,ALLEYS::533::00,Jackson Blvd,Van Buren St,PCC,14,12,6,2014-06-01,2014,,98,98,0,80-100,,N,665.1,399,41.875361,-87.7849199
542-S,ALLEY 542-S,00,ALLEYS::542-S::00,S Scoville Ave,Gunderson Ave,PCC,15,12,8,2016-06-01,2016,,95,95,0,80-100,,N,332.3,400,41.8730354,-87.7873012
543-S,ALLEY 543-S,00,ALLEYS::543-S::00,S East Ave,S Scoville Ave,PCC,15,12,6,2010-06-01,2010,,88,88,0,80-100,,N,333.6,401,41.873019,-87.788517
550-S,ALLEY 550-S,00,ALLEYS::550-S::00,Clarence Ave,S East Ave,PP,16,0,0,2014-06-01,2014,FAIR,,100,,80-100,,N,333.2,402,41.8729976,-87.7897411
550,ALLEY 550,00,ALLEYS::550::00,North End,Alley 550 S,PP,16,0,0,2014-06-01,2014,FAIR,,100,,80-100,,N,232.4,403,41.8733162,-87.7897529
528-S,ALLEY 528-S,00,ALLEYS::528-S::00,S Ridgeland Ave,S Cuyler Ave,PCC,16,15,6,2013-06-01,2013,,84,82,-2,80-100,,N,334.0,404,41.8730977,-87.7836163
528,ALLEY 528,00,ALLEYS::528::00,Van Buren St,Alley 528 S,PCC,16,15,6,2013-06-01,2013,,92,92,0,80-100,,N,499.1,405,41.8737823,-87.7836394
529,ALLEY 529,00,ALLEYS::529::00,Jackson Blvd,Van Buren St,PCC,16,12,8,2018-06-01,2018,,95,95,0,80-100,,N,665.3,406,41.8753795,-87.7836938
526,ALLEY 526,00,ALLEYS::526::00,North End,Van Buren St,PCC,16,12,8,1900-01-01,1900,,98,98,0,80-100,,N,306.2,407,41.8749058,-87.7824482
520,ALLEY 520,00,ALLEYS::520::00,Van Buren St,Harrison St,AC,14,0,0,1973-06-01,1973,,36,36,0,0-39,,N,665.6,408,41.8735915,-87.7811825
521,ALLEY 521,00,ALLEYS::521::00,Jackson Blvd,Van Buren St,AC,14,0,0,1974-06-01,1974,,30,30,0,0-39,2027,N,665.5,409,41.8754173,-87.7812462
518,ALLEY 518,00,ALLEYS::518::00,Jackson Blvd,Van Buren St,PCC,20,12,8,2018-06-01,2018,,91,91,0,80-100,,N,665.8,410,41.875436,-87.7800342
513,ALLEY 513,00,ALLEYS::513::00,Jackson Blvd,Van Buren St,PCC,16,12,8,1966-06-01,1966,,97,97,0,80-100,,N,666.8,411,41.8754562,-87.7787676
509,ALLEY 509,00,ALLEYS::509::00,Adams St,Jackson Blvd,PCC,16,15,8,2017-06-01,2017,,96,96,0,80-100,,N,655.1,412,41.877289,-87.7776173
510,ALLEY 510,00,ALLEYS::510::00,Jackson Blvd,Van Buren St,AC,16,0,0,1976-06-01,1976,,50,50,0,40-59,,N,667.3,413,41.8754751,-87.7775528
514,ALLEY 514,00,ALLEYS::514::00,Adams St,Jackson Blvd,PCC,16,18,8,2017-06-01,2017,,92,92,0,80-100,,N,655.4,414,41.8772699,-87.77883
506,ALLEY 506,00,ALLEYS::506::00,Adams St,Jackson Blvd,PCC,15,12,8,2015-06-01,2015,,95,95,0,80-100,,N,655.1,415,41.8773075,-87.7764163
505,ALLEY 505,00,ALLEYS::505::00,Jackson Blvd,Van Buren St,AC,15,0,0,1977-06-01,1977,,48,48,0,40-59,,N,667.6,416,41.8754933,-87.776343
502,ALLEY 502,00,ALLEYS::502::00,Jackson Blvd,Van Buren St,PCC,18,12,6,2006-06-01,2006,,85,86,1,80-100,,N,668.2,417,41.8755134,-87.7751333
501,ALLEY 501,00,ALLEYS::501::00,Adams St,Jackson Blvd,PCC,18,10,6,2003-06-01,2003,,89,89,0,80-100,,N,655.2,418,41.8773287,-87.7751967
517,ALLEY 517,00,ALLEYS::517::00,Adams St,Jackson Blvd,PCC,16,16,6,2012-06-01,2012,,87,87,0,80-100,,N,655.8,419,41.8772487,-87.7800964
522,ALLEY 522,00,ALLEYS::522::00,Adams St,Jackson Blvd,PCC,14,33,10,1900-01-01,1900,,9,27,18,0-39,,N,654.9,420,41.8772285,-87.7813097
525,ALLEY 525,00,ALLEYS::525::00,Adams St,Jackson Blvd,PCC,16,33,16,1922-06-01,1922,,10,26,16,0-39,2025,N,654.2,421,41.8772088,-87.7825281
516-N,ALLEY 516-N,00,ALLEYS::516-N::00,S Harvey Ave,S Lombard Ave,PCC,14,33,14,1900-01-01,1900,,15,29,14,0-39,2029,N,337.3,422,41.8795049,-87.7801636
516,ALLEY 516,00,ALLEYS::516::00,Alley 516 N,Adams St,PCC,16,33,10,1924-06-01,1924,,13,36,23,0-39,2029,N,494.4,423,41.8788264,-87.7801497
508,ALLEY 508,00,ALLEYS::508::00,Madison St,Adams St,PCC,20,33,20,1900-01-01,1900,,18,34,16,0-39,,N,609.9,424,41.879071,-87.7776808
507,ALLEY 507,00,ALLEYS::507::00,Madison St,Adams St,PCC,14,15,5,2014-06-01,2014,,93,93,0,80-100,,N,677.9,425,41.8791359,-87.7764796
500-N,ALLEY 500-N,00,ALLEYS::500-N::00,S Humphrey Ave,S Austin Blvd,AC,16,0,0,1977-06-01,1977,,49,49,0,40-59,,N,339.0,426,41.879555,-87.7752661
500,ALLEY 500,00,ALLEYS::500::00,Alley 500 N,Adams St,PCC,18,10,6,2003-06-01,2003,,81,82,1,80-100,,N,483.9,427,41.878891,-87.7752573
530-N,ALLEY 530-N,00,ALLEYS::530-N::00,S Ridgeland Ave,S Cuyler Ave,AC,14,0,0,1975-06-01,1975,,45,100,55,80-100,,N,333.8,428,41.8794441,-87.7838308
530,ALLEY 530,00,ALLEYS::530::00,Alley 530 N,Adams St,AC,16,0,0,1975-06-01,1975,,5,100,95,80-100,,N,493.6,429,41.8787671,-87.7838091
524-N,ALLEY 524-N,00,ALLEYS::524-N::00,S Cuyler Ave,S Highland Ave,PCC,18,10,6,2006-06-01,2006,,92,92,0,80-100,,N,335.0,430,41.8794772,-87.7826037
524,ALLEY 524,00,ALLEYS::524::00,Alley 524 N,Adams St,PCC,18,10,6,2006-06-01,2006,,93,93,0,80-100,,N,499.7,431,41.8787917,-87.782581
531,ALLEY 531,05,ALLEYS::531::05,North End,Adams St,PCC,14,15,6,2013-06-01,2013,,98,98,0,80-100,,N,487.3,432,41.8787678,-87.7850371
538,ALLEY 538,05,ALLEYS::538::05,Madison St,Adams St,PCC,15,10,8,2010-06-01,2010,,95,95,0,80-100,,N,468.2,433,41.8787198,-87.786257
523,ALLEY 523,00,ALLEYS::523::00,Alley 523 N,Adams St,PCC,14,33,14,1922-06-01,1922,,13,33,20,0-39,,N,494.6,434,41.8788053,-87.781365
523-N,ALLEY 523-N,00,ALLEYS::523-N::00,S Highland Ave,Alley 523,PCC,14,33,14,1900-01-01,1900,,8,100,92,80-100,,N,163.2,435,41.8794784,-87.7816888
555-N,ALLEY 555-N,00,ALLEYS::555-N::00,S Euclid Ave,Wesley Ave,PCC,15,10,8,2022-05-01,2022,,100,100,0,80-100,,N,333.9,436,41.8792661,-87.7924076
555,ALLEY 555,00,ALLEYS::555::00,Alley 555 N,Adams St,PCC,16,33,16,1922-06-01,1922,,17,37,20,0-39,,N,471.8,437,41.8786186,-87.7923882
556,ALLEY 556,00,ALLEYS::556::00,Adams St,Jackson Blvd,PCC,16,33,16,1924-06-01,1924,,13,33,20,0-39,,N,665.1,438,41.8770594,-87.7923252
553,ALLEY 553,00,ALLEYS::553::00,Adams St,Jackson Blvd,PCC,18,15,6,2013-06-01,2013,,92,92,0,80-100,,N,665.3,439,41.8770801,-87.7911021
548,ALLEY 548,00,ALLEYS::548::00,Adams St,Jackson Blvd,AC,16,0,0,1980-06-01,1980,,38,38,0,0-39,,N,665.8,440,41.8771007,-87.7898795
547,ALLEY 547,00,ALLEYS::547::00,Alley 547 N,Adams St,PCC,16,33,16,1922-06-01,1922,,16,33,17,0-39,,N,473.3,441,41.8786631,-87.7899333
545,ALLEY 545,00,ALLEYS::545::00,Adams St,Jackson Blvd,PCC,15,15,8,2017-06-01,2017,,93,93,0,80-100,,N,665.6,442,41.8771225,-87.7886568
546,ALLEY 546,00,ALLEYS::546::00,Alley 546 N,Adams St,PCC,15,33,15,1925-06-01,1925,,16,33,17,0-39,2025,N,472.4,443,41.8786834,-87.7887096
540,ALLEY 540,00,ALLEYS::540::00,Adams St,Jackson Blvd,PCC,15,33,15,1924-06-01,1924,,19,35,16,0-39,,N,664.9,444,41.8771438,-87.7874321
539,ALLEY 539,00,ALLEYS::539::00,Alley 539 N,Adams St,PCC,15,33,15,1924-06-01,1924,,13,35,22,0-39,,N,472.6,445,41.8787039,-87.7874939
539-N,ALLEY 539-N,00,ALLEYS::539-N::00,S Scoville Ave,Gunderson Ave,PCC,15,33,15,1900-01-01,1900,,18,31,13,0-39,,N,329.5,446,41.8793521,-87.7875139
546-N,ALLEY 546-N,00,ALLEYS::546-N::00,S East Ave,S Scoville Ave,PCC,15,33,15,1900-01-01,1900,,17,33,16,0-39,2025,N,333.8,447,41.8793315,-87.7887314
547-N,ALLEY 547-N,00,ALLEYS::547-N::00,Clarence Ave,S East Ave,PCC,15,33,15,1900-01-01,1900,,8,22,14,0-39,,N,333.4,448,41.8793122,-87.7899558
554-N,ALLEY 554-N,00,ALLEYS::554-N::00,Wesley Ave,Clarence Ave,PP,16,0,0,2014-06-01,2014,FAIR,,100,,80-100,,N,332.6,449,41.8792906,-87.7911848
579,ALLEY 579,00,ALLEYS::579::00,Madison St,Monroe Ave,PCC,16,12,8,2015-06-01,2015,,99,99,0,80-100,,N,516.8,450,41.8789949,-87.7980838
573,ALLEY 573,00,ALLEYS::573::00,Monroe Ave,Adams St,AC,16,0,0,1971-06-01,1971,,20,20,0,0-39,,N,516.5,451,41.8776013,-87.796597
572,ALLEY 572,00,ALLEYS::572::00,Madison St,Monroe Ave,AC,16,0,0,1978-06-01,1978,,28,28,0,0-39,,N,517.6,452,41.8790197,-87.796647
571-W,ALLEY 571-W,00,ALLEYS::571-W::00,Carpenter Ave,East End,AC,18,0,0,1900-01-01,1900,,80,80,0,80-100,,N,97.3,453,41.8791895,-87.7960846
571-E,ALLEY 571-E,00,ALLEYS::571-E::00,West End,S Grove St,AC,18,0,0,1900-01-01,1900,,85,85,0,80-100,,N,128.0,454,41.8792659,-87.7956733
563-N,ALLEY 563-N,00,ALLEYS::563-N::00,S Grove St,S Oak Park Ave,PCC,15,10,10,1900-01-01,1900,,95,95,0,80-100,,N,326.3,455,41.8792815,-87.7948431
563,ALLEY 563,00,ALLEYS::563::00,Alley 563 N,Adams St,PCC,16,33,16,1923-06-01,1923,,11,21,10,0-39,,Y,493.3,456,41.8786052,-87.7948249
451,ALLEY 451,00,ALLEYS::451::00,Washington Blvd,Madison St,PCC,18,12,6,1923-06-01,1923,,88,88,0,80-100,,N,674.4,457,41.8806884,-87.7949418
562,ALLEY 562,00,ALLEYS::562::00,Alley 562 N,Adams St,PCC,16,33,16,1924-06-01,1924,,33,100,67,80-100,,N,473.8,458,41.8785995,-87.7936056
561,ALLEY 561,00,ALLEYS::561::00,Adams St,South End,PCC,16,15,8,2010-06-01,2010,,97,97,0,80-100,,N,383.3,459,41.8774239,-87.7935622
564,ALLEY 564,00,ALLEYS::564::00,Adams St,Jackson Blvd,PCC,16,33,16,1922-06-01,1922,,15,30,15,0-39,,N,666.0,460,41.877015,-87.7947688
562-N,ALLEY 562-N,00,ALLEYS::562-N::00,S Oak Park Ave,S Euclid Ave,PCC,16,33,16,1900-01-01,1900,,9,100,91,80-100,,N,333.5,461,41.8792493,-87.793628
453,ALLEY 453,00,ALLEYS::453::00,Randolph St,Washington Blvd,PCC,20,15,10,2012-06-01,2012,,91,91,0,80-100,,N,668.6,463,41.8824935,-87.7963379
450,ALLEY 450,00,ALLEYS::450::00,Randolph St,Washington Blvd,PP,16,0,0,2014-06-01,2014,FAIR,,100,,80-100,,N,666.3,464,41.8825273,-87.7950058
445,ALLEY 445,00,ALLEYS::445::00,Randolph St,Washington Blvd,AC,15,0,0,1971-06-01,1971,,40,40,0,40-59,,Y,630.0,465,41.8824467,-87.7935074
442,ALLEY 442,00,ALLEYS::442::00,Randolph St,Washington Blvd,PP,15,0,0,2014-06-01,2014,FAIR,,100,,80-100,,N,635.9,466,41.8824645,-87.79188
443,ALLEY 443,00,ALLEYS::443::00,Washington Blvd,Alley 443 S,PCC,16,15,6,2014-06-01,2014,,87,87,0,80-100,,N,462.6,467,41.8809577,-87.791827
443-S,ALLEY 443-S,00,ALLEYS::443-S::00,S Euclid Ave,Wesley Ave,PCC,15,12,5,2015-06-01,2015,,62,62,0,60-79,,N,442.5,468,41.8803081,-87.7917995
444-S,ALLEY 444-S,00,ALLEYS::444-S::00,S Oak Park Ave,S Euclid Ave,PCC,16,25,16,1900-01-01,1900,,31,38,7,0-39,,N,446.8,469,41.8803027,-87.7934515
444,ALLEY 444,00,ALLEYS::444::00,Alley 444 N,Alley 444 S,PCC,24,15,7,2009-06-01,2009,,86,86,0,80-100,,N,264.3,470,41.8806652,-87.7934664
444-N,ALLEY 444-N,00,ALLEYS::444-N::00,Alley 444,S Euclid Ave,PCC,20,12,6,2009-06-01,2009,,97,97,0,80-100,,N,261.7,471,41.8810329,-87.7931338
452-S,ALLEY 452-S,00,ALLEYS::452-S::00,S Kenilworth Ave,S Grove Ave,BR,16,0,0,2009-06-01,2009,FAIR,,100,,80-100,,N,360.6,472,41.8802384,-87.7962706
452,ALLEY 452,00,ALLEYS::452::00,Washington Blvd,Alley 452 S,AC,16,0,0,1974-06-01,1974,,4,4,0,0-39,,N,487.6,473,41.8809076,-87.7962815
459,ALLEY 459,00,ALLEYS::459::00,Washington Blvd,459 S,PCC,18,12,6,2002-06-01,2002,,93,93,0,80-100,,N,496.5,474,41.8808538,-87.7976944
459-S,ALLEY 459-S,00,ALLEYS::459-S::00,Clinton Ave,S Kenilworth Ave,PCC,18,10,6,2002-06-01,2002,,92,92,0,80-100,,N,402.6,475,41.8801728,-87.7976701
460,ALLEY 460,00,ALLEYS::460::00,Washington Blvd,Madison St,PCC,20,15,6,2009-06-01,2009,,86,86,0,80-100,,N,661.1,476,41.8805939,-87.7991667
471,ALLEY 471,00,ALLEYS::471::00,South Blvd,Pleasant St,PCC,18,12,9,1970-06-01,1970,,97,97,0,80-100,,N,468.7,477,41.8860784,-87.8033144
455,ALLEY 455,00,ALLEYS::455::00,South Blvd,Pleasant St,PP,15,0,0,2014-06-01,2014,FAIR,,100,,80-100,,N,620.4,478,41.8860004,-87.7964455
448,ALLEY 448,00,ALLEYS::448::00,South Blvd,Pleasant St,PCC,20,10,6,2002-06-01,2002,,89,89,0,80-100,,N,619.0,479,41.8860237,-87.7951113
449,ALLEY 449,00,ALLEYS::449::00,Pleasant St,Randolph St,PCC,18,15,6,2012-06-01,2012,,90,90,0,80-100,,N,631.8,480,41.8843079,-87.7950583
454,ALLEY 454,00,ALLEYS::454::00,Pleasant St,Randolph St,PCC,16,33,16,1925-06-01,1925,,23,31,8,0-39,,Y,633.8,481,41.8842799,-87.7963967
447,ALLEY 447,00,ALLEYS::447::00,Alley 447 N,Pleasant St,AC,15,0,0,1991-06-01,1991,,35,35,0,0-39,2026,N,457.6,482,41.8856865,-87.7936054
447-N,ALLEY 447-N,00,ALLEYS::447-N::00,S Oak Park Ave,S Euclid Ave,BR,19,0,0,2015-06-01,2015,FAIR,,100,,80-100,,N,449.5,483,41.8863143,-87.793628
440,ALLEY 440,00,ALLEYS::440::00,Alley 440 N,Pleasant St,PCC,15,33,15,1924-06-01,1924,,14,30,16,0-39,,N,458.2,484,41.8857121,-87.7919726
446,ALLEY 446,00,ALLEYS::446::00,Pleasant St,Randolph St,PCC,15,15,8,2017-06-01,2017,,85,85,0,80-100,,N,637.1,485,41.8841848,-87.7935591
441,ALLEY 441,00,ALLEYS::441::00,Pleasant St,Randolph St,PCC,15,12,8,1972-06-01,1972,,98,98,0,80-100,,N,636.6,486,41.8842101,-87.7919296
438,ALLEY 438,00,ALLEYS::438::00,Pleasant St,Randolph St,AC,15,0,0,1980-06-01,1980,,37,37,0,0-39,2026,Y,635.8,487,41.884238,-87.7902957
439,ALLEY 439,00,ALLEYS::439::00,Alley 439 N,Pleasant St,PCC,22,15,6,2011-06-01,2011,,97,97,0,80-100,,N,458.6,488,41.8857393,-87.7903439
439-N,ALLEY 439-N,00,ALLEYS::439-N::00,Wesley Ave,S East Ave,PCC,20,10,6,2004-06-01,2004,,89,89,0,80-100,,N,442.4,489,41.8863681,-87.7903634
440-N,ALLEY 440-N,00,ALLEYS::440-N::00,S Euclid Ave,Wesley Ave,PCC,15,10,8,2017-06-01,2017,,95,95,0,80-100,,N,443.6,490,41.8863411,-87.7919898
432-N,ALLEY 432-N,00,ALLEYS::432-N::00,S East Ave,S Scoville Ave,AC,15,0,0,1976-06-01,1976,,20,20,0,0-39,2029,N,446.7,491,41.886395,-87.7887311
432,ALLEY 432,00,ALLEYS::432::00,Alley 432 N,Pleasant St,AC,15,0,0,1976-06-01,1976,,22,22,0,0-39,2029,N,458.1,492,41.8857667,-87.7887062
431-N,ALLEY 431-N,00,ALLEYS::431-N::00,S Scoville Ave,Alley 431,PCC,12,12,5,2009-06-01,2009,,93,93,0,80-100,,N,223.3,493,41.8864162,-87.7875013
431,ALLEY 431,00,ALLEYS::431::00,Alley 431 N,Pleasant St,PCC,20,15,10,2009-06-01,2009,,93,93,0,80-100,,N,458.4,494,41.8857946,-87.7870684
424,ALLEY 424,00,ALLEYS::424::00,Alley 424 N,Pleasant St,PCC,15,33,15,1925-06-01,1925,,15,33,18,0-39,,N,458.1,495,41.8858236,-87.7854434
424-N,ALLEY 424-N,00,ALLEYS::424-N::00,S Elmwood Ave,S Ridgeland Ave,PCC,15,33,15,1900-01-01,1900,,14,30,16,0-39,,N,443.6,496,41.886452,-87.7854626
423,ALLEY 423,00,ALLEYS::423::00,Alley 423 N,Pleasant St,PCC,20,33,20,1925-06-01,1925,,16,33,17,0-39,,N,455.9,497,41.8858502,-87.7838231
423-N,ALLEY 423-N,00,ALLEYS::423-N::00,Alley 423,S Cuyler Ave,PCC,15,28,15,1900-01-01,1900,,27,44,17,40-59,,N,226.8,498,41.8864808,-87.7834285
422,ALLEY 422,00,ALLEYS::422::00,Pleasant St,Randolph St,PCC,20,33,20,1924-06-01,1924,,15,33,18,0-39,,N,632.9,499,41.8843566,-87.7837768
425,ALLEY 425,00,ALLEYS::425::00,Pleasant St,Randolph St,PCC,15,10,6,2022-05-01,2022,,100,100,0,80-100,,N,635.2,500,41.8841639,-87.7853949
430,ALLEY 430,00,ALLEYS::430::00,Pleasant St,Randolph St,PCC,20,15,6,2009-06-01,2009,,95,95,0,80-100,,N,635.0,501,41.8842946,-87.7870312
433,ALLEY 433,00,ALLEYS::433::00,Pleasant St,Randolph St,AC,15,0,0,1976-06-01,1976,,26,26,0,0-39,2025,N,635.5,502,41.8842665,-87.7886618
416-N,ALLEY 416-N,00,ALLEYS::416-N::00,S Cuyler Ave,S Harvey Ave,PCC,16,12,8,2015-06-01,2015,,97,97,0,80-100,,N,444.1,503,41.8864937,-87.7822014
416,ALLEY 416,00,ALLEYS::416::00,Alley 416 N,Pleasant St,PCC,16,12,10,2015-06-01,2015,,81,81,0,80-100,,N,452.3,504,41.8858731,-87.7821879
415,ALLEY 415,00,ALLEYS::415::00,Alley 415 N,Pleasant St,PCC,20,33,20,1927-06-01,1927,,16,34,18,0-39,,N,448.5,506,41.8858952,-87.7805538
408-W,ALLEY 408-W,00,ALLEYS::408-W::00,S Lombard Ave,Alley 408,AC,18,0,0,1900-01-01,1900,,30,30,0,0-39,,N,222.0,507,41.8857565,-87.7793254
408-N,ALLEY 408-N,00,ALLEYS::408-N::00,South Blvd,Alley 408 E,PCC,16,10,6,1900-01-01,1900,,96,96,0,80-100,,N,197.2,509,41.8868024,-87.7788686
408,ALLEY 408,00,ALLEYS::408::00,Alley 408 E,Pleasant St,AC,16,0,0,1976-06-01,1976,,48,48,0,40-59,,N,446.3,510,41.8858664,-87.7789206
407,ALLEY 407,00,ALLEYS::407::00,South Blvd,Pleasant St,PCC,20,33,20,1923-06-01,1923,,21,38,17,0-39,,N,608.0,511,41.8861676,-87.7773011
406,ALLEY 406,00,ALLEYS::406::00,Pleasant St,Randolph St,PCC,20,33,10,1924-06-01,1924,,16,29,13,0-39,,N,481.3,512,41.8846737,-87.7772444
409,ALLEY 409,00,ALLEYS::409::00,Pleasant St,Randolph St,PCC,20,12,10,2010-06-01,2010,,95,95,0,80-100,,N,477.4,513,41.8846516,-87.7788838
414,ALLEY 414,00,ALLEYS::414::00,Pleasant St,Randolph St,PCC,20,33,20,1927-06-01,1927,,13,33,20,0-39,,N,475.9,514,41.8846273,-87.7805145
417,ALLEY 417,00,ALLEYS::417::00,Pleasant St,Randolph St,AC,20,0,0,1978-06-01,1978,,34,34,0,0-39,,N,549.7,515,41.8844987,-87.7821427
400-N,ALLEY 400-N,00,ALLEYS::400-N::00,S Humphrey Ave,S Austin Blvd,AC,16,0,0,1900-01-01,1900,,81,81,0,80-100,,N,443.1,516,41.8865697,-87.775688
400,ALLEY 400,00,ALLEYS::400::00,North End,Pleasant St,PCC,20,33,20,1927-06-01,1927,,24,42,18,40-59,,N,335.6,517,41.8858159,-87.7756605
401,ALLEY 401,00,ALLEYS::401::00,Pleasant St,Randolph St,PCC,20,33,20,1926-06-01,1926,,13,33,20,0-39,,N,476.7,518,41.8847018,-87.7756229
307,ALLEY 307,00,ALLEYS::307::00,Erie St,Ontario St,PCC,20,32,20,1925-06-01,1925,,20,41,21,40-59,,N,495.5,520,41.8912269,-87.7774634
317,ALLEY 317,00,ALLEYS::317::00,Ontario St,Alley 317 S,AC,20,0,0,1924-06-01,1924,,27,27,0,0-39,,N,598.7,521,41.8895999,-87.780666
310,ALLEY 310,00,ALLEYS::310::00,Ontario St,Alley 310 S,PCC,20,33,20,1925-06-01,1925,,21,43,22,40-59,,N,624.8,522,41.8895869,-87.7790336
308,ALLEY 308,00,ALLEYS::308::00,Ontario St,Alley 308 S,PCC,20,15,10,2016-06-01,2016,,94,94,0,80-100,,N,651.3,523,41.8895752,-87.7774066
301,ALLEY 301,00,ALLEYS::301::00,Ontario St,Alley 301 S,PCC,18,12,10,1923-06-01,1923,,86,86,0,80-100,,N,676.8,524,41.8895647,-87.7757832
301-S,ALLEY 301-S,00,ALLEYS::301-S::00,N Humphrey Ave,N Austin Blvd,PCC,20,12,8,1900-01-01,1900,,87,87,0,80-100,,N,443.3,525,41.8886364,-87.7757531
308-S,ALLEY 308-S,00,ALLEYS::308-S::00,N Taylor Ave,N Humphrey Ave,PCC,20,12,10,2016-06-01,2016,,95,95,0,80-100,,N,442.9,526,41.8886818,-87.7773825
310-S,ALLEY 310-S,00,ALLEYS::310-S::00,N Lombard Ave,N Taylor Ave,PCC,20,33,6,1900-01-01,1900,,22,33,11,0-39,,N,443.5,527,41.8887297,-87.779012
317-S,ALLEY 317-S,00,ALLEYS::317-S::00,N Harvey Ave,N Lombard Ave,AC,20,0,0,1900-01-01,1900,,47,47,0,40-59,,N,442.6,528,41.8887786,-87.7806402
320-S,ALLEY 320-S,00,ALLEYS::320-S::00,N Cuyler Ave,N Harvey Ave,PCC,20,12,10,2018-06-01,2018,,87,87,0,80-100,,N,443.5,529,41.8888291,-87.7822122
320,ALLEY 320,00,ALLEYS::320::00,Ontario St,Alley 320 S,PCC,20,12,10,1924-06-01,1924,,95,95,0,80-100,,N,572.5,530,41.8896137,-87.7822908
335,ALLEY 335,00,ALLEYS::335::00,Erie St,Ontario St,PCC,18,10,6,2005-06-01,2005,,96,96,0,80-100,,N,494.5,531,41.8910039,-87.7872188
336,ALLEY 336,00,ALLEYS::336::00,Ontario St,N Elmwood Ave,PCC,20,33,20,1923-06-01,1923,,15,33,18,0-39,,N,699.1,532,41.8894556,-87.7868971
329,ALLEY 329,00,ALLEYS::329::00,Ontario St,Alley 329 S,PCC,20,33,20,1922-06-01,1922,,16,33,17,0-39,,N,475.8,533,41.8896995,-87.7855468
329-S,ALLEY 329-S,05,ALLEYS::329-S::05,Alley 329,N Ridgeland Ave,PCC,16,33,16,2008-06-01,2008,,8,57,49,40-59,,N,219.8,534,41.8890544,-87.785122
329-S,ALLEY 329-S,00,ALLEYS::329-S::00,N Elmwood Ave,Alley 329,PCC,16,12,6,2008-06-01,2008,,90,57,-33,40-59,,N,293.3,535,41.8889117,-87.7857927
327,ALLEY 327,00,ALLEYS::327::00,Ontario St,Alley 327 S,PCC,20,15,10,2016-06-01,2016,,95,95,0,80-100,,N,544.8,536,41.8896288,-87.7839189
327-S,ALLEY 327-S,00,ALLEYS::327-S::00,N Ridgeland Ave,N Cuyler Ave,PCC,18,10,6,2004-06-01,2004,,85,85,0,80-100,,N,442.9,537,41.8888815,-87.7838995
330,ALLEY 330,00,ALLEYS::330::00,Erie St,Ontario St,PCC,20,33,20,1922-06-01,1922,,16,34,18,0-39,,N,494.4,538,41.8910304,-87.7855861
352,ALLEY 352,00,ALLEYS::352::00,Ontario St,Lake St,PCC,16,15,6,2008-06-01,2008,,80,81,1,80-100,,N,583.2,539,41.8894155,-87.7936216
353-N,ALLEY 353-N,00,ALLEYS::353-N::00,Alley 353,N Euclid Ave,PCC,16,10,6,2004-06-01,2004,,72,72,0,60-79,,N,356.0,540,41.8881711,-87.7933233
353,ALLEY 353,00,ALLEYS::353::00,Alley 353 N,Alley 353 S,BR,16,0,0,2004-06-01,2004,GOOD,,93,,80-100,,N,74.5,541,41.8880585,-87.7939722
353-S,ALLEY 353-S,00,ALLEYS::353-S::00,N Oak Park Ave,Alley 353,BR,16,0,0,2004-06-01,2004,FAIR,,100,,80-100,,N,141.0,542,41.8879522,-87.7942264
354-N,ALLEY 354-N,00,ALLEYS::354-N::00,West End,N Oak Park Ave,PCC,18,12,9,2017-06-01,2017,,97,97,0,80-100,,N,415.7,543,41.8879179,-87.7958676
354-W,ALLEY 354-W,00,ALLEYS::354-W::00,Alley 354 N,North Blvd,PCC,18,12,9,2017-06-01,2017,,93,93,0,80-100,,N,235.0,544,41.8875857,-87.7964732
354-E,ALLEY 354-E,00,ALLEYS::354-E::00,Alley 354 N,North Blvd,PCC,12,12,6,2017-06-01,2017,,100,100,0,80-100,,N,235.0,545,41.8876066,-87.7951669
351,ALLEY 351,00,ALLEYS::351::00,Erie St,Alley 351 E,PCC,16,33,16,1925-06-01,1925,,18,33,15,0-39,,N,249.0,546,41.8912317,-87.7936769
351-E,ALLEY 351-E,00,ALLEYS::351-E::00,Alley 351,Alley 351 S,PCC,16,10,5,2003-06-01,2003,,91,93,2,80-100,,N,54.5,547,41.8908932,-87.793564
351-S,ALLEY 351-S,00,ALLEYS::351-S::00,Alley 351 E,Ontario St,AC,16,0,0,1900-01-01,1900,,51,51,0,40-59,,N,247.0,548,41.8905576,-87.7934534
359,ALLEY 359,00,ALLEYS::359::00,Ontario St,South End,PCC,20,33,20,1960-06-01,1960,,16,33,17,0-39,,N,263.6,549,41.8898311,-87.7968347
361,ALLEY 361,00,ALLEYS::361::00,Ontario St,South End,AC,14,0,0,1900-01-01,1900,,43,43,0,40-59,,N,217.0,550,41.8898508,-87.7995085
373,ALLEY 373,00,ALLEYS::373::00,Erie St,Ontario Ct,PCC,10,20,10,1900-01-01,1900,,75,75,0,60-79,,N,232.9,551,41.8915404,-87.8033113
347,ALLEY 347,00,ALLEYS::347::00,Superior St,Erie St,PCC,17,14,10,2018-06-01,2018,,94,94,0,80-100,,N,503.1,552,41.8922895,-87.792033
346,ALLEY 346,00,ALLEYS::346::00,Erie St,Ontario St,PCC,17,34,10,1923-06-01,1923,,16,34,18,0-39,,N,492.9,553,41.8909233,-87.7919952
345,ALLEY 345,00,ALLEYS::345::00,Ontario St,Lake St,PCC,18,33,18,1924-06-01,1924,,25,46,21,40-59,,N,428.7,554,41.8891546,-87.7919455
339,ALLEY 339,00,ALLEYS::339::00,Superior St,Erie St,BR,20,0,0,2014-06-01,2014,GOOD,,100,,80-100,,N,501.7,555,41.892341,-87.7888848
342,ALLEY 342,00,ALLEYS::342::00,Superior St,Erie St,AC,20,0,0,1975-06-01,1975,,50,50,0,40-59,,N,502.3,556,41.8923134,-87.7905003
340,ALLEY 340,00,ALLEYS::340::00,Chicago Ave,Superior St,PCC,20,10,9,2022-05-01,2022,,100,100,0,80-100,,N,537.7,557,41.8937668,-87.788924
333,ALLEY 333,00,ALLEYS::333::00,Chicago Ave,Superior St,AC,20,0,0,1975-06-01,1975,,9,9,0,0-39,,N,537.2,558,41.8937948,-87.7872969
332,ALLEY 332,00,ALLEYS::332::00,Chicago Ave,Superior St,PCC,20,33,20,1923-06-01,1923,,19,38,19,0-39,,N,537.8,559,41.893822,-87.7856619
331,ALLEY 331,00,ALLEYS::331::00,Superior St,Erie St,PCC,20,33,20,1922-06-01,1922,,25,46,21,40-59,,N,501.4,560,41.8923965,-87.7856227
334,ALLEY 334,00,ALLEYS::334::00,Superior St,Erie St,PCC,20,12,10,2015-06-01,2015,,96,96,0,80-100,,N,501.4,561,41.89237,-87.7872555
209,ALLEY 209,00,ALLEYS::209::00,Augusta St,Iowa St,PCC,20,12,10,2018-06-01,2018,,79,79,0,60-79,,N,664.2,562,41.8973909,-87.7792781
413-N,ALLEY 413-N,00,ALLEYS::413-N::00,S Harvey Ave,S Lombard Ave,PCC,16,16,8,2017-06-01,2017,,91,91,0,80-100,,N,443.6,563,41.883336,-87.7804747
413,ALLEY 413,00,ALLEYS::413::00,Alley 413 N,Washington Blvd,PCC,20,12,10,2017-06-01,2017,,94,94,0,80-100,,N,563.8,564,41.8825626,-87.7804525
410,ALLEY 410,00,ALLEYS::410::00,Randolph St,Alley 410 S,AC,20,0,0,1980-06-01,1980,,15,15,0,0-39,2026,Y,514.9,565,41.8832904,-87.7788422
410-S,ALLEY 410-S,00,ALLEYS::410-S::00,S Lombard Ave,S Taylor Ave,PCC,18,15,6,2009-06-01,2009,,92,15,-77,0-39,,N,443.9,566,41.882584,-87.7788221
405-S,ALLEY 405-S,00,ALLEYS::405-S::00,S Taylor Ave,S Humphrey Ave,PCC,16,12,6,2011-06-01,2011,,94,94,0,80-100,,N,444.2,567,41.8826107,-87.7771965
405,ALLEY 405,00,ALLEYS::405::00,Randolph St,Alley 405 S,PCC,20,15,10,2017-06-01,2017,,99,99,0,80-100,,N,511.3,568,41.883312,-87.7772152
402-S,ALLEY 402-S,00,ALLEYS::402-S::00,S Humphrey Ave,S Austin Blvd,PCC,16,12,8,2015-06-01,2015,,95,95,0,80-100,,N,445.3,569,41.8826372,-87.775559
402,ALLEY 402,00,ALLEYS::402::00,Randolph St,Alley 402 S,PCC,20,15,10,2015-06-01,2015,,67,67,0,60-79,,N,514.2,570,41.8833426,-87.7755803
404-N,ALLEY 404-N,00,ALLEYS::404-N::00,S Taylor Ave,S Humphrey Ave,PCC,18,10,6,2004-06-01,2004,,96,96,0,80-100,,N,443.8,571,41.8815244,-87.7771562
404,ALLEY 404,00,ALLEYS::404::00,Alley 404 N,Alley 404 S,PCC,20,12,10,2004-06-01,2004,,93,93,0,80-100,,N,343.3,572,41.8810536,-87.7771322
411-N,ALLEY 411-N,00,ALLEYS::411-N::00,S Lombard Ave,S Taylor Ave,PCC,18,12,6,2007-06-01,2007,,90,90,0,80-100,,N,444.4,573,41.8815006,-87.7787886
411,ALLEY 411,00,ALLEYS::411::00,Alley 411 N,Alley 411 S,PCC,20,10,6,2007-06-01,2007,,92,92,0,80-100,,N,343.8,574,41.8810292,-87.7787643
412-N,ALLEY 412-N,00,ALLEYS::412-N::00,S Harvey Ave,S Lombard Ave,PCC,16,12,8,1979-06-01,1979,,94,94,0,80-100,,N,444.7,575,41.8812842,-87.7804145
412,ALLEY 412,00,ALLEYS::412::00,Alley 412 N,Alley 412 S,PCC,20,12,10,1979-06-01,1979,,92,92,0,80-100,,N,275.6,576,41.8809063,-87.7803978
412-S,ALLEY 412-S,00,ALLEYS::412-S::00,S Harvey Ave,S Lombard Ave,PCC,16,12,8,1979-06-01,1979,,99,99,0,80-100,,N,445.6,577,41.8805281,-87.780392
411-S,ALLEY 411-S,00,ALLEYS::411-S::00,S Lombard Ave,S Taylor Ave,PCC,16,12,6,2007-06-01,2007,,90,92,2,80-100,,N,445.0,578,41.8805576,-87.7787573
404-S,ALLEY 404-S,00,ALLEYS::404-S::00,S Taylor Ave,S Humphrey Ave,PCC,18,12,6,2004-06-01,2004,,95,95,0,80-100,,N,442.6,579,41.8805825,-87.777128
403-S,ALLEY 403-S,00,ALLEYS::403-S::00,S Humphrey Ave,S Austin Blvd,PCC,18,10,6,2007-06-01,2007,,92,92,0,80-100,,N,445.9,580,41.8806075,-87.775497
419-S,ALLEY 419-S,00,ALLEYS::419-S::00,Alley 419,S Harvey Ave,AC,16,0,0,2003-06-01,2003,,22,22,0,0-39,2027,N,220.5,581,41.8805075,-87.7816147
420-E,ALLEY 420-E,00,ALLEYS::420-E::00,S Cuyler Ave,Alley 419,AC,18,0,0,2003-06-01,2003,,58,58,0,40-59,,N,220.2,582,41.8804951,-87.7824236
420-S,ALLEY 420-S,00,ALLEYS::420-S::00,S Ridgeland Ave,S Cuyler Ave,AC,16,0,0,2003-06-01,2003,,58,58,0,40-59,2027,N,448.2,583,41.8804727,-87.7836504
419,ALLEY 419,00,ALLEYS::419::00,Alley 419 N,Alley 419 S,AC,30,0,0,2003-06-01,2003,,17,17,0,0-39,2027,N,275.0,584,41.8808785,-87.782034
419-N,ALLEY 419-N,00,ALLEYS::419-N::00,Alley 419,S Harvey Ave,PCC,16,15,6,2012-06-01,2012,,84,84,0,80-100,,N,222.8,585,41.8812628,-87.7816396
419-W,ALLEY 419-W,00,ALLEYS::419-W::00,S Cuyler Ave,Alley 419,AC,16,0,0,2003-06-01,2003,,21,21,0,0-39,2027,N,221.8,586,41.8812485,-87.7824558
427-N,ALLEY 427-N,00,ALLEYS::427-N::00,S Elmwood Ave,S Ridgeland Ave,PCC,24,12,10,2005-06-01,2005,,92,92,0,80-100,,N,443.7,587,41.881162,-87.7853067
427,ALLEY 427,00,ALLEYS::427::00,Alley 427 N,Alley 427 S,PCC,24,12,6,2005-06-01,2005,,91,91,0,80-100,,N,261.7,588,41.880804,-87.785295
427-S,ALLEY 427-S,00,ALLEYS::427-S::00,S Elmwood Ave,S Ridgeland Ave,PCC,15,33,8,1900-01-01,1900,,52,57,5,40-59,,N,476.8,589,41.8804404,-87.7855965
428-S,ALLEY 428-S,00,ALLEYS::428-S::00,Alley 428,S Elmwood Ave,AC,15,0,0,1900-01-01,1900,,65,65,0,60-79,,N,186.2,590,41.8804251,-87.7865651
428,ALLEY 428,00,ALLEYS::428::00,Alley 428 N,Alley 428 S,PCC,17,33,17,1923-06-01,1923,,14,30,16,0-39,2028,N,262.1,591,41.8807784,-87.786915
428-N,ALLEY 428-N,00,ALLEYS::428-N::00,S Scoville Ave,S Elmwood Ave,PCC,15,33,15,1900-01-01,1900,,6,20,14,0-39,2028,N,445.7,592,41.8811378,-87.7869339
421-S,ALLEY 421-S,00,ALLEYS::421-S::00,S Ridgeland Ave,S Cuyler Ave,PCC,16,10,6,2004-06-01,2004,,98,98,0,80-100,,N,443.4,593,41.8822011,-87.7837071
421,ALLEY 421,00,ALLEYS::421::00,Randolph St,Alley 421 S,AC,18,0,0,1924-06-01,1924,,45,45,0,40-59,,N,469.2,594,41.8828448,-87.7837261
418-S,ALLEY 418-S,00,ALLEYS::418-S::00,S Cuyler Ave,S Harvey Ave,PCC,18,33,18,1900-01-01,1900,,15,33,18,0-39,,N,445.3,595,41.8822406,-87.7820765
418,ALLEY 418,00,ALLEYS::418::00,Randolph St,Alley 418 S,PCC,20,33,20,1922-06-01,1922,,16,33,17,0-39,,N,548.2,596,41.8829926,-87.7820987
426,ALLEY 426,00,ALLEYS::426::00,Randolph St,Alley 426 S,PCC,15,33,15,1922-06-01,1922,,15,33,18,0-39,,N,439.5,597,41.8828495,-87.785358
426-S,ALLEY 426-S,00,ALLEYS::426-S::00,S Elmwood Ave,S Ridgeland Ave,PCC,15,33,15,1900-01-01,1900,,14,30,16,0-39,,N,445.2,598,41.8822466,-87.7853405
429-S,ALLEY 429-S,00,ALLEYS::429-S::00,S Scoville Ave,S Elmwood Ave,PCC,18,10,6,2006-06-01,2006,,93,93,0,80-100,,N,444.1,599,41.8822119,-87.7869724
429,ALLEY 429,00,ALLEYS::429::00,Randolph St,Alley 429 S,PCC,20,12,6,2006-06-01,2006,,95,95,0,80-100,,N,441.7,600,41.8828176,-87.7869954
434,ALLEY 434,00,ALLEYS::434::00,Randolph St,Alley 434 S,PCC,20,33,20,2004-06-01,2004,,15,33,18,0-39,2025,N,440.8,601,41.8827901,-87.7886231
434-S,ALLEY 434-S,00,ALLEYS::434-S::00,S East Ave,S Scoville Ave,PCC,18,15,6,2004-06-01,2004,,77,80,3,80-100,,N,447.0,604,41.8821854,-87.7886081
437,ALLEY 437,00,ALLEYS::437::00,Randolph St,Washington Blvd,PCC,18,12,6,2008-06-01,2008,,94,94,0,80-100,,N,636.2,605,41.8824929,-87.7902532
436-N,ALLEY 436-N,00,ALLEYS::436-N::00,Alley 436,S East Ave,PCC,15,36,5,1900-01-01,1900,,30,44,14,40-59,2027,N,219.8,606,41.8811046,-87.7898034
436-S,ALLEY 436-S,00,ALLEYS::436-S::00,Wesley Ave,S East Ave,PCC,15,33,8,1900-01-01,1900,,22,39,17,0-39,2027,N,443.4,607,41.8803573,-87.7901869
436,ALLEY 436,00,ALLEYS::436::00,Washington Blvd,Alley 436 S,PCC,15,10,10,2018-06-01,2018,,40,57,17,40-59,2027,N,460.2,608,41.8810247,-87.7902037
532,ALLEY 532,00,ALLEYS::532::00,Adams St,Jackson Blvd,AC,16,0,0,1977-06-01,1977,,51,51,0,40-59,,N,665.7,609,41.8771863,-87.7849833
537,ALLEY 537,00,ALLEYS::537::00,Adams St,Jackson Blvd,AC,15,0,0,1971-06-01,1971,,8,100,92,80-100,,N,664.8,610,41.8771657,-87.7862077
554,ALLEY 554,00,ALLEYS::554::00,Alley 554 N,Adams St,AC,16,0,0,1977-06-01,1977,,58,58,0,40-59,,N,473.2,611,41.8786416,-87.7911659
425-E,ALLEY 425-E,00,ALLEYS::425-E::00,Alley 425,Randolph St,PCC,12,10,4,2022-05-01,2022,,100,100,0,80-100,,N,198.0,612,41.8837173,-87.7852529
366-W,ALLEY 366-W,05,ALLEYS::366-W::05,N Marion St,Alley 366,PCC,22,10,6,2003-06-01,2003,,93,80,-13,80-100,,N,228.5,614,41.8912488,-87.8015618
600,ALLEY 600,00,ALLEYS::600::00,S Elmwood Ave,S Ridgeland Ave,PCC,16,20,16,1900-01-01,1900,,41,55,14,40-59,,N,341.9,615,41.8722161,-87.7847642
403,ALLEY 403,00,ALLEYS::403::00,Alley 403 N,Alley 403 S,PCC,18,10,6,2007-06-01,2007,,92,92,0,80-100,,N,290.7,617,41.8810062,-87.7755081
407-N,ALLEY 407-N,00,ALLEYS::407-N::00,S Taylor Ave,S Humphrey Ave,PCC,16,33,6,1900-01-01,1900,,39,51,12,40-59,,N,441.8,618,41.8865507,-87.7773151
578,ALLEY 578,00,ALLEYS::578::00,Monroe Ave,Adams St,PCC,16,12,6,2011-06-01,2011,,92,92,0,80-100,,N,516.7,619,41.8775773,-87.7980336
350,ALLEY 350,00,ALLEYS::350::00,Superior St,Erie St,PCC,22,10,6,2007-06-01,2007,,90,91,1,80-100,,N,500.4,620,41.8922589,-87.7937114
115-N,ALLEY 115-N,00,ALLEYS::115-N::00,N Harvey St,N Lombard Ave,PCC,22,15,5,2013-06-01,2013,,91,91,0,80-100,,N,530.9,621,41.9086892,-87.7814518
109-N,ALLEY 109-N,00,ALLEYS::109-N::00,N Lombard Ave,N Hayes Ave,PCC,22,15,6,2011-06-01,2011,,92,92,0,80-100,,N,354.7,622,41.9069359,-87.7800967
467-N,ALLEY 467-N,00,ALLEYS::467-N::00,Pennysylvania Way,Chestnut Ln,PCC,24,12,12,2015-06-01,2015,,93,93,0,80-100,,N,220.0,623,41.8808495,-87.8011373
598,ALLEY 598,00,ALLEYS::598::00,Harlem Ave,Alley 598 S,PCC,16,45,9,1900-01-01,1900,,45,56,11,40-59,,N,477.5,624,41.8750008,-87.8044211
607-S,ALLEY 607-S,00,ALLEYS::607-S::00,Flournoy St,Alley 607,PCC,18,33,18,1900-01-01,1900,,48,63,15,60-79,,N,178.2,625,41.8714936,-87.7753663
604-S,ALLEY 604-S,00,ALLEYS::604-S::00,Alley 604,S Taylor Ave,PCC,20,24,20,1900-01-01,1900,,61,65,4,60-79,,N,164.1,626,41.8716722,-87.7783576
602-S,ALLEY 602-S,00,ALLEYS::602-S::00,Alley 602,Flournoy St,PCC,14,20,14,1900-01-01,1900,,41,57,16,40-59,,N,165.0,627,41.8719109,-87.7820375
373-W,ALLEY 373-W,00,ALLEYS::373-W::00,Erie St,Ontario St,PCC,22,24,10,1900-01-01,1900,,68,66,-2,60-79,,N,468.1,628,41.8911972,-87.8042954
373-S,ALLEY 373-S,00,ALLEYS::373-S::00,Harlem Ct,N Marion St,PCC,22,24,10,1900-01-01,1900,,74,77,3,60-79,,N,424.7,629,41.8912141,-87.8035133
366-N,ALLEY 366-N,00,ALLEYS::366-N::00,Erie St,Ontario St,PCC,18,24,18,1900-01-01,1900,,45,59,14,40-59,,N,468.0,630,41.8912417,-87.8019814
575,ALLEY 575,00,ALLEYS::575::00,Jackson Blvd,Harrison St,PCC,22,15,8,2017-06-01,2017,,98,98,0,80-100,,N,842.3,631,41.874334,-87.7964963
321,ALLEY 321,00,ALLEYS::321::00,North End,Ontario St,PCC,22,15,10,2018-06-01,2018,,87,86,-1,80-100,,N,115.5,632,41.8906152,-87.7823184
100,ALLEY 100,00,ALLEYS::100::00,Berksire St,Division St,AC,22,0,0,1900-01-01,1900,,24,24,0,0-39,,N,609.6,633,41.9029914,-87.7759718
415-N,ALLEY 415-N,00,ALLEYS::415-N::00,S Harvey Ave,Alley 415,PCC,16,33,16,2009-06-01,2009,,16,30,14,0-39,,N,220.1,636,41.8865051,-87.7809771
467-S,ALLEY 467-S,00,ALLEYS::467-S::00,West End,Chestnut Ln,PCC,20,10,6,1969-06-01,1969,,80,80,0,80-100,,N,109.7,637,41.8802455,-87.8009123
353,Alley 353,05,ALLEYS::353::05,Alley 353 S,North Blvd,PCC,12,10,9,2004-06-01,2004,,87,93,6,80-100,,N,232.0,638,41.887638,-87.7939686
688-N,ALLEY 688-N,00,ALLEYS::688-N::00,Harlem Ave,S Maple Ave,PCC,12,10,10,1900-01-01,1900,,,100,,80-100,,N,236.1,639,41.8718173,-87.8040242
538,ALLEY 538,00,ALLEYS::538::00,Madison St,Adams St,AC,8,0,0,2010-06-01,2010,,43,95,52,80-100,,N,196.9,641,41.8796322,-87.7862826
531,ALLEY 531,00,ALLEYS::531::00,North End,Adams St,AC,8,0,0,2013-06-01,2013,,41,98,57,80-100,,N,177.4,642,41.8796795,-87.7850675
603-N,ALLEY 603-N,05,ALLEYS::603-N::05,Harrison ASt,Alley 603 E,BR,18,0,0,2011-06-01,2011,FAIR,,91,,80-100,,N,77.2,643,41.8725912,-87.7799373
659,ALLEY 659,10,ALLEYS::659::10,Alley 659 N,Lexington St,AC,16,0,0,1977-06-01,1977,,27,100,73,80-100,,N,141.4,644,41.8713073,-87.7933555
659,ALLEY 659,05,ALLEYS::659::05,Alley 659 N,Lexington St,PCC,16,9,15,1977-06-01,1977,,99,100,1,80-100,,N,50.7,645,41.8710438,-87.7933453
365,ALLEY 365,05,ALLEYS::365::05,Superior Sr,South End,AC,15,0,0,1980-06-01,1980,,49,100,51,80-100,,N,123.2,646,41.8924539,-87.8009908
345,ALLEY 345,05,ALLEYS::345::05,Ontario St,Lake St,PCC,18,10,6,1924-06-01,1924,,76,46,-30,40-59,,N,183.9,648,41.889995,-87.7919686
354-N,ALLEY 354-N,05,ALLEYS::354-N::05,West End,N Oak Park Ave,BR,18,0,0,2017-06-01,2017,FAIR,,97,,80-100,,N,168.7,649,41.8879351,-87.7947946
408-E,ALLEY 408-E,00,ALLEYS::408-E::00,S Lombard Ave,S Taylor Ave,PCC,18,33,10,1900-01-01,1900,,8,51,43,40-59,,N,200.8,650,41.8865366,-87.7784925
408-E,ALLEY 408-E,05,ALLEYS::408-E::05,S Lombard Ave,S Taylor Ave,PCC,18,12,6,1900-01-01,1900,,65,51,-14,40-59,,N,97.9,651,41.8865297,-87.7790409
566,ALLEY 566,05,ALLEYS::566::05,Van Buren St,Harrison St,PCC,15,12,8,1924-06-01,1924,,96,100,4,80-100,,N,134.3,652,41.8740941,-87.794667
667,ALLEY 667,05,ALLEYS::667::05,Garfield St,Lexington St,PCC,18,10,6,2008-06-01,2008,,100,45,-55,40-59,,N,176.0,653,41.8719044,-87.7959512
641-S,ALLEY 641-S,05,ALLEYS::641-S::05,S East Ave,S Scoville Ave,PCC,16,10,6,1900-01-01,1900,,100,25,-75,0-39,2028,N,108.2,654,41.8657099,-87.7886805
366-W,ALLEY 366-W,00,ALLEYS::366-W::00,N Marion St,Alley 366,PCC,22,30,20,2003-06-01,2003,,63,80,17,80-100,,N,204.9,655,41.8912398,-87.8021695
470,ALLEY 470,05,ALLEYS::470::05,280 ft N of Randolph St,Randolph St,AC,18,0,0,1970-06-01,1970,,79,100,21,80-100,,N,279.2,656,41.8836353,-87.8032267
469,ALLEY 469,05,ALLEYS::469::05,Randolph St,175 ft S of Randolph St,AC,18,0,0,1970-06-01,1970,,65,38,-27,0-39,2028,N,175.8,657,41.8830112,-87.8032044
