objectid,icn,statistical_yearof_crash,contrib_cause_prim,contrib_cause_prim_grouping,contrib_cause_sec,type_of_first_crash,traf_control_device,traf_control_device_cond,weather_cond,lighting_cond,ts_crash_latitude,ts_crash_longitude,crash_report_city,crash_injury_severity,is_injury,is_fatal_injury,crash_injury_severity_sort,crash_time_hour,crash_time_mins,is_holiday,is_intersection,is_hit_and_run,is_work_zone_related,is_all_insured,is_any_citation,crash_report_district,crash_report_region,intersection_streets,total_fatals,total_injured,crash_day_of_week,is_teen_driver_crash,is_pedestrain,is_pedalcyclist,is_traffic_signal,is_light_support,is_culvert,is_curb,is_cable_median_barrier,a_injury_crash_ind,b_injury_crash_ind,c_injury_crash_ind,o_injury_crash_ind,ka_crash_ind,kab_crash_ind,dooring_with_pedalcyclist,did_crash_occur_in_work_zone,urban,located_by,latitude,longitude
29,202101289143,2021,Failing to Reduce Speed to Avoid Crash,Speed,Unable to Determine,Pedalcyclist,Pedestrian Crossing Sign,Functioning Properly,Clear,Daylight,41.894520048701764,-87.78812185046442,Oak Park,"C-Injury reported, not evident crash",Yes,No,3,17,31,No,Yes,No,Yes,Yes,Yes,District 1,Region 1,Chicago Ave/N Scoville Ave,0,1,Fri,No,No,Yes,No,No,No,No,No,0,0,1,0,0,0,No,No,Urban,Coordinate,41.89452,-87.7881218
87,202401078673,2024,Failing to Reduce Speed to Avoid Crash,Speed,(N/A),Pedestrian,No Controls,No Controls,Clear,Daylight,41.88005682914404,-87.78015679775557,Oak Park,0-Property damage crash,No,No,4,14,28,No,No,Yes,Yes,Yes,No,District 1,Region 1,(N/A),0,0,Sat,No,Yes,No,No,No,No,No,No,0,0,0,1,0,0,No,No,Urban,Coordinate,41.8800568,-87.7801568
684,202301128796,2023,Failing to Yield Right of Way,Other,Driving Skills/Knowledge/Experience,Pedalcyclist,Stop Sign,Functioning Properly,Clear,Daylight,41.876331964538025,-87.77945082900564,Oak Park,A-Incapacitating injury crash,Yes,No,1,08,06,No,No,No,Yes,Yes,No,District 1,Region 1,(N/A),0,1,Thu,No,No,Yes,No,No,No,No,No,1,0,0,0,1,1,No,No,Urban,Coordinate,41.876332,-87.7794508
804,202301321724,2023,Driving Skills/Knowledge/Experience,Other,(N/A),Pedalcyclist,Stop Sign,Functioning Properly,Clear,Daylight,41.87616439779484,-87.7904399595124,Oak Park,0-Property damage crash,No,No,4,13,18,No,Yes,No,Yes,Yes,Yes,District 1,Region 1,Clarence Ave/Jackson Blvd,0,0,Sat,No,No,Yes,No,No,No,No,No,0,0,0,1,0,0,No,No,Urban,Coordinate,41.8761644,-87.79044
843,202101294204,2021,Unable to Determine,Other,(N/A),Pedalcyclist,Stop Sign,No Controls,Clear,Daylight,41.886920139835425,-87.78954040735377,Oak Park,B-Non-incapacitating injury crash,Yes,No,2,18,28,No,Yes,No,Yes,Yes,No,District 1,Region 1,East Ave/South Bl,0,1,Thu,No,No,Yes,No,No,No,No,No,0,1,0,0,0,1,No,No,Urban,Coordinate,41.8869201,-87.7895404
1059,202301323199,2023,Disregarding Traffic Signals,Disregarding Traffic Control,Failing to Yield Right of Way,Pedalcyclist,Traffic Signal,Functioning Properly,Clear,Daylight,41.886975499482396,-87.78463991483024,Oak Park,B-Non-incapacitating injury crash,Yes,No,2,14,58,No,Yes,No,Yes,Yes,Yes,District 1,Region 1,S Ridgeland Ave/South Blvd,0,1,Mon,Yes,No,Yes,No,No,No,No,No,0,1,0,0,0,1,No,No,Urban,Coordinate,41.8869755,-87.7846399
1607,202101121532,2021,Failing to Yield Right of Way,Other,Unable to Determine,Pedalcyclist,No Controls,No Controls,Clear,Daylight,41.87925050523898,-87.78441303095795,Oak Park,B-Non-incapacitating injury crash,Yes,No,2,14,38,No,No,No,Yes,Yes,Yes,District 1,Region 1,(N/A),0,1,Mon,No,No,Yes,No,No,No,No,No,0,1,0,0,0,1,No,No,Urban,Coordinate,41.8792505,-87.784413
1752,202101299114,2021,Failing to Yield Right of Way,Other,Failing to Reduce Speed to Avoid Crash,Pedestrian,Traffic Signal,Functioning Properly,Cloudy/Overcast,Daylight,41.890553699391326,-87.80511001936628,Oak Park,"C-Injury reported, not evident crash",Yes,No,3,08,25,No,Yes,No,Yes,Yes,Yes,District 1,Region 1,N Harlem Ave/Ontario St,0,1,Mon,No,Yes,No,No,No,No,No,No,0,0,1,0,0,0,No,No,Urban,Coordinate,41.8905537,-87.80511
1837,202001183453,2020,Disregarding Traffic Signals,Disregarding Traffic Control,Unable to Determine,Pedestrian,No Controls,No Controls,Clear,Daylight,41.865362913279625,-87.80422039300733,Oak Park,"C-Injury reported, not evident crash",Yes,No,3,12,24,No,No,No,Yes,Yes,No,District 1,Region 1,(N/A),0,1,Wed,No,Yes,No,No,No,No,No,No,0,0,1,0,0,0,No,No,Urban,Coordinate,41.8653629,-87.8042204
1932,202301141008,2023,Failing to Yield Right of Way,Other,Failing to Reduce Speed to Avoid Crash,Pedalcyclist,No Controls,No Controls,Clear,Daylight,41.898031421312865,-87.79606141927954,Oak Park,B-Non-incapacitating injury crash,Yes,No,2,18,23,Yes,No,No,Yes,Yes,Yes,District 1,Region 1,(N/A),0,1,Fri,No,No,Yes,No,No,No,No,No,0,1,0,0,0,1,No,No,Urban,Coordinate,41.8980314,-87.7960614
1959,202401435758,2024,Failing to Reduce Speed to Avoid Crash,Speed,Improper Turning/No Signal,Pedestrian,Traffic Signal,Functioning Properly,Clear,"Darkness, Lighted Road",41.86896130590784,-87.7840900439966,Oak Park,0-Property damage crash,No,No,4,19,22,No,Yes,No,Yes,Yes,No,District 1,Region 1,Harvard/Ridgeland,0,0,Wed,No,Yes,No,No,No,No,No,No,0,0,0,1,0,0,No,No,Urban,Coordinate,41.8689613,-87.78409
2008,202101129673,2021,Improper Lane Usage,Other,(N/A),Pedalcyclist,No Controls,No Controls,Clear,Daylight,41.90175928677919,-87.80552813991989,Oak Park,K-Fatal crash,No,Yes,0,15,24,No,No,No,Yes,(UNK),Yes,District 1,Region 1,(N/A),1,0,Tue,No,No,Yes,No,No,No,No,No,0,0,0,0,1,1,No,No,Urban,Coordinate,41.9017593,-87.8055281
2255,202001190879,2020,Failing to Yield Right of Way,Other,Failing to Reduce Speed to Avoid Crash,Pedalcyclist,Traffic Signal,Functioning Properly,Clear,Dusk,41.87610946993327,-87.79410094981726,Oak Park,B-Non-incapacitating injury crash,Yes,No,2,19,30,No,Yes,No,Yes,Yes,Yes,District 1,Region 1,Jackson Blvd/S Oak Park Ave,0,1,Tue,No,No,Yes,No,No,No,No,No,0,1,0,0,0,1,No,No,Urban,Coordinate,41.8761095,-87.7941009
2400,202401023347,2024,Failing to Yield Right of Way,Other,(N/A),Pedestrian,Traffic Signal,Functioning Properly,Clear,Daylight,41.87970719666538,-87.79426951978947,Oak Park,A-Incapacitating injury crash,Yes,No,1,12,51,No,Yes,No,Yes,Yes,Yes,District 1,Region 1,Madison St/S Oak Park Ave,0,1,Wed,No,Yes,No,No,No,No,No,No,1,0,0,0,1,1,No,No,Urban,Coordinate,41.8797072,-87.7942695
2524,202401435906,2024,Failing to Yield Right of Way,Other,Unable to Determine,Pedalcyclist,Stop Sign,Functioning Properly,Unknown,"Darkness, Lighted Road",41.87675,-87.80221,Oak Park,B-Non-incapacitating injury crash,Yes,No,2,17,23,No,Yes,Yes,Yes,Yes,No,District 1,Region 1,Adams St/Wisconsin Ave,0,1,Sat,No,No,Yes,No,No,No,No,No,0,1,0,0,0,1,No,No,Urban,Coordinate,41.87675,-87.80221
2765,202301334754,2023,Improper Lane Usage,Other,Failing to Yield Right of Way,Pedalcyclist,Traffic Signal,Functioning Properly,Clear,Daylight,41.88866995675322,-87.80017124773568,Oak Park,B-Non-incapacitating injury crash,Yes,No,2,16,51,No,Yes,No,Yes,Yes,Yes,District 1,Region 1,Forest Ave/Lake St,0,1,Wed,No,No,Yes,No,No,No,No,No,0,1,0,0,0,1,No,No,Urban,Coordinate,41.88867,-87.8001712
2801,202001198657,2020,Failing to Yield Right of Way,Other,Driving Skills/Knowledge/Experience,Pedestrian,No Controls,No Controls,Clear,"Darkness, Lighted Road",41.880695888808624,-87.80474844912857,Oak Park,B-Non-incapacitating injury crash,Yes,No,2,00,08,No,No,Yes,Yes,Yes,No,District 1,Region 1,(N/A),0,1,Thu,No,Yes,No,No,No,No,No,No,0,1,0,0,0,1,No,No,Urban,Coordinate,41.8806959,-87.8047484
2918,202401024868,2024,Failing to Yield Right of Way,Other,(N/A),Pedestrian,Pedestrian Crossing Sign,Functioning Properly,Freezing Rain or Freezing Drizzle,"Darkness, Lighted Road",41.88675874674021,-87.80275119943255,Oak Park,"C-Injury reported, not evident crash",Yes,No,3,17,37,No,No,No,Yes,Yes,No,District 1,Region 1,(N/A),0,1,Fri,No,Yes,No,No,No,No,No,No,0,0,1,0,0,0,No,No,Urban,Coordinate,41.8867587,-87.8027512
3497,202301339603,2023,Failing to Yield Right of Way,Other,Unable to Determine,Pedestrian,Traffic Signal,Functioning Properly,Clear,Daylight,41.88859154241627,-87.79269162496816,Oak Park,A-Incapacitating injury crash,Yes,No,1,10,23,No,Yes,No,Yes,Yes,Yes,District 1,Region 1,Lake St/N Euclid Ave,0,1,Sat,No,Yes,No,No,No,No,No,No,1,0,0,0,1,1,No,No,Urban,Coordinate,41.8885915,-87.7926916
3876,202001213888,2020,Operating Vehicle In Reckless Manner,Other,Failing to Reduce Speed to Avoid Crash,Pedestrian,No Controls,No Controls,Clear,Darkness,41.88402281775475,-87.77622869749,Oak Park,B-Non-incapacitating injury crash,Yes,No,2,03,57,No,No,Yes,Yes,Yes,No,District 1,Region 1,(N/A),0,1,Sat,No,Yes,No,No,No,No,No,No,0,1,0,0,0,1,No,No,Urban,Coordinate,41.8840228,-87.7762287
3879,202001214031,2020,Unable to Determine,Other,Unable to Determine,Pedestrian,No Controls,No Controls,Clear,Daylight,41.87485296219523,-87.78429084436729,Oak Park,"C-Injury reported, not evident crash",Yes,No,3,14,44,No,No,Yes,Yes,Yes,No,District 1,Region 1,(N/A),0,1,Sun,Yes,Yes,No,No,No,No,No,No,0,0,1,0,0,0,No,No,Urban,Coordinate,41.874853,-87.7842908
3880,202001214033,2020,Improper Turning/No Signal,Other,Driving On Wrong Side/Wrong Way,Pedalcyclist,No Controls,No Controls,Clear,Daylight,41.90377710098686,-87.78490060587926,Oak Park,B-Non-incapacitating injury crash,Yes,No,2,19,00,No,No,Yes,Yes,Yes,Yes,District 1,Region 1,(N/A),0,1,Sun,No,No,Yes,No,No,No,No,No,0,1,0,0,0,1,No,No,Urban,Coordinate,41.9037771,-87.7849006
3882,202001214099,2020,Vision Obscured,Other,Unable to Determine,Pedestrian,Traffic Signal,Functioning Properly,Clear,Daylight,41.88670476534681,-87.80494854151017,Oak Park,B-Non-incapacitating injury crash,Yes,No,2,18,15,No,Yes,No,Yes,Yes,No,District 1,Region 1,(UNK)/Harlem,0,1,Tue,No,Yes,No,No,No,No,No,No,0,1,0,0,0,1,No,No,Urban,Coordinate,41.8867048,-87.8049485
3907,202101144109,2021,Improper Backing,Other,(N/A),Pedestrian,Traffic Signal,Functioning Properly,Clear,Daylight,41.88009633597208,-87.77953850409101,Oak Park,"C-Injury reported, not evident crash",Yes,No,3,12,50,No,No,Yes,Yes,Yes,Yes,District 1,Region 1,(N/A),0,1,Wed,Yes,Yes,No,No,No,No,No,No,0,0,1,0,0,0,No,No,Urban,Coordinate,41.8800963,-87.7795385
4121,202101310530,2021,Failing to Reduce Speed to Avoid Crash,Speed,(N/A),Pedalcyclist,Stop Sign,Functioning Properly,Clear,Daylight,41.89169598099209,-87.78643551526052,Oak Park,B-Non-incapacitating injury crash,Yes,No,2,08,00,No,No,No,Yes,Yes,No,District 1,Region 1,(N/A),0,1,Thu,Yes,No,Yes,No,No,No,No,No,0,1,0,0,0,1,No,No,Urban,Coordinate,41.891696,-87.7864355
4145,202001217914,2020,Failing to Yield Right of Way,Other,(N/A),Pedestrian,No Controls,No Controls,Clear,Daylight,41.87972377549921,-87.79463675998063,Oak Park,B-Non-incapacitating injury crash,Yes,No,2,15,11,No,No,No,Yes,Yes,Yes,District 1,Region 1,(N/A),0,1,Tue,No,Yes,No,No,No,No,No,No,0,1,0,0,0,1,No,No,Urban,Coordinate,41.8797238,-87.7946368
4167,202301343613,2023,Failing to Yield Right of Way,Other,Improper Lane Usage,Pedestrian,Stop Sign,Functioning Properly,Clear,Daylight,41.86503222905344,-87.80335728965163,Oak Park,A-Incapacitating injury crash,Yes,No,1,08,30,No,Yes,No,Yes,Yes,Yes,District 1,Region 1,Roosevelt Rd/S Maple Ave,0,2,Tue,No,Yes,No,No,No,No,No,No,1,0,0,0,1,1,No,No,Urban,Coordinate,41.8650322,-87.8033573
4207,202401158813,2024,Disregarding Other Traffic Signs,Disregarding Traffic Control,Disregarding Other Traffic Signs,Pedalcyclist,Traffic Signal,Functioning Properly,Clear,Daylight,41.88831,-87.78474,Oak Park,"C-Injury reported, not evident crash",Yes,No,3,15,27,No,Yes,No,Yes,Yes,No,District 1,Region 1,Lake St/N Ridgeland Ave,0,1,Sat,No,No,Yes,No,No,No,No,No,0,0,1,0,0,0,No,No,Urban,Coordinate,41.88831,-87.78474
4230,202101311710,2021,Driving Skills/Knowledge/Experience,Other,Driving Skills/Knowledge/Experience,Pedalcyclist,No Controls,No Controls,Clear,"Darkness, Lighted Road",41.89705508379811,-87.80534024006039,Oak Park,B-Non-incapacitating injury crash,Yes,No,2,23,07,No,No,Yes,Yes,Yes,No,District 1,Region 1,(N/A),0,1,Thu,No,No,Yes,No,No,No,No,No,0,1,0,0,0,1,No,No,Urban,Coordinate,41.8970551,-87.8053402
4573,202101430794,2021,Disregarding Traffic Signals,Disregarding Traffic Control,(N/A),Pedalcyclist,Traffic Signal,Functioning Properly,Clear,"Darkness, Lighted Road",41.88170999977678,-87.78451000142935,Oak Park,B-Non-incapacitating injury crash,Yes,No,2,19,05,No,Yes,No,Yes,Yes,No,District 1,Region 1,S Ridgeland Ave/Washington Blvd,0,1,Wed,No,No,Yes,No,No,No,No,No,0,1,0,0,0,1,No,No,Urban,Coordinate,41.88171,-87.78451
4574,202201033841,2022,Failing to Yield Right of Way,Other,Unable to Determine,Pedestrian,Stop Sign,Functioning Properly,Clear,Daylight,41.89309117097863,-87.78482978020148,Oak Park,B-Non-incapacitating injury crash,Yes,No,2,15,02,No,No,No,Yes,Yes,Yes,District 1,Region 1,(N/A),0,1,Sat,No,Yes,No,No,No,No,No,No,0,1,0,0,0,1,No,No,Urban,Coordinate,41.8930912,-87.7848298
4576,202101430804,2021,Failing to Yield Right of Way,Other,Driving Skills/Knowledge/Experience,Pedalcyclist,Stop Sign,Functioning Properly,Cloudy/Overcast,Daylight,41.89817361290129,-87.78825524268285,Oak Park,"C-Injury reported, not evident crash",Yes,No,3,07,40,No,Yes,No,Yes,Yes,No,District 1,Region 1,Augusta St/Fair Oaks Ave,0,1,Thu,No,No,Yes,No,No,No,No,No,0,0,1,0,0,0,No,No,Urban,Coordinate,41.8981736,-87.7882552
4768,202401030468,2024,Disregarding Traffic Signals,Disregarding Traffic Control,Failing to Reduce Speed to Avoid Crash,Pedestrian,Traffic Signal,Functioning Properly,Clear,"Darkness, Lighted Road",41.88800991933333,-87.77487545811393,Oak Park,"C-Injury reported, not evident crash",Yes,No,3,06,25,No,Yes,No,Yes,Yes,No,District 1,Region 1,Austin Blvd/Lake St,0,1,Sat,No,Yes,No,No,No,No,No,No,0,0,1,0,0,0,No,No,Urban,Coordinate,41.8880099,-87.7748755
5088,202401032398,2024,Failing to Yield Right of Way,Other,Failing to Reduce Speed to Avoid Crash,Pedestrian,No Controls,No Controls,Rain,Daylight,41.88857939204688,-87.8044498195417,Oak Park,"C-Injury reported, not evident crash",Yes,No,3,13,59,No,No,No,Yes,Yes,No,District 1,Region 1,(N/A),0,1,Tue,No,Yes,No,No,No,No,No,No,0,0,1,0,0,0,No,No,Urban,Coordinate,41.8885794,-87.8044498
5131,202001232316,2020,Failing to Yield Right of Way,Other,Unable to Determine,Pedestrian,Stop Sign,Functioning Properly,Clear,Daylight,41.88676529467582,-87.80248481021417,Oak Park,B-Non-incapacitating injury crash,Yes,No,2,14,52,Yes,Yes,No,Yes,Yes,Yes,District 1,Region 1,Marion St/South Blvd,0,1,Sat,No,Yes,No,No,No,No,No,No,0,1,0,0,0,1,No,No,Urban,Coordinate,41.8867653,-87.8024848
5171,202301173027,2023,Failing to Reduce Speed to Avoid Crash,Speed,Unable to Determine,Pedestrian,Pedestrian Crossing Sign,Functioning Properly,Clear,Daylight,41.89456000697097,-87.78485942916296,Oak Park,B-Non-incapacitating injury crash,Yes,No,2,09,45,No,Yes,No,Yes,Yes,No,District 1,Region 1,Chicago Ave/N Ridgeland Ave,0,2,Fri,No,Yes,No,No,No,No,No,No,0,1,0,0,0,1,No,No,Urban,Coordinate,41.89456,-87.7848594
5483,202101405346,2021,Improper Turning/No Signal,Other,Driving Skills/Knowledge/Experience,Pedestrian,No Controls,No Controls,Clear,Darkness,41.868357476500876,-87.80431817940055,Oak Park,0-Property damage crash,No,No,4,17,05,No,No,Yes,Yes,Yes,No,District 1,Region 1,(N/A),0,0,Mon,No,Yes,No,No,No,No,No,No,0,0,0,1,0,0,No,No,Urban,Coordinate,41.8683575,-87.8043182
5583,202101159764,2021,Failing to Reduce Speed to Avoid Crash,Speed,Unable to Determine,Pedestrian,Traffic Signal,Functioning Properly,Clear,"Darkness, Lighted Road",41.87374724356772,-87.80452297773734,Oak Park,B-Non-incapacitating injury crash,Yes,No,2,22,20,Yes,No,Yes,Yes,Yes,No,District 1,Region 1,(N/A),0,1,Sun,No,Yes,No,No,No,No,No,No,0,1,0,0,0,1,No,No,Urban,Coordinate,41.8737472,-87.804523
6229,202101165335,2021,Failing to Yield Right of Way,Other,Failing to Reduce Speed to Avoid Crash,Pedalcyclist,Traffic Signal,Functioning Properly,Clear,Daylight,41.87230217415038,-87.80446009898006,Oak Park,"C-Injury reported, not evident crash",Yes,No,3,18,38,No,Yes,No,Yes,Yes,Yes,District 1,Region 1,Garfield/S Harlem Ave,0,1,Wed,No,No,Yes,No,No,No,No,No,0,0,1,0,0,0,No,No,Urban,Coordinate,41.8723022,-87.8044601
6463,202301356370,2023,Failing to Yield Right of Way,Other,Unable to Determine,Pedestrian,Other,Functioning Properly,Clear,Daylight,41.888071507888405,-87.7765320433189,Oak Park,"C-Injury reported, not evident crash",Yes,No,3,14,52,No,Yes,Yes,Yes,Yes,No,District 1,Region 1,Lake St/N Humphrey Ave,0,1,Sat,No,Yes,No,No,No,No,No,No,0,0,1,0,0,0,No,No,Urban,Coordinate,41.8880715,-87.776532
6571,202001252982,2020,Under Influence of Alcohol/Drugs,Alcohol,Failing to Reduce Speed to Avoid Crash,Parked Motor Vehicle,No Controls,Functioning Properly,Clear,"Darkness, Lighted Road",41.870963555417,-87.7750855842463,Oak Park,A-Incapacitating injury crash,Yes,No,1,12,39,No,No,Yes,Yes,Yes,Yes,District 1,Region 1,(N/A),0,5,Thu,No,Yes,No,No,No,No,No,No,1,0,0,0,1,1,No,No,Urban,Coordinate,41.8709636,-87.7750856
6679,202101170583,2021,Failing to Yield Right of Way,Other,(N/A),Pedalcyclist,Traffic Signal,Functioning Properly,Clear,Daylight,41.88832002125631,-87.78468987924656,Oak Park,B-Non-incapacitating injury crash,Yes,No,2,16,26,No,Yes,No,Yes,Yes,No,District 1,Region 1,Lake St/N Ridgeland Ave,0,1,Sat,No,No,Yes,No,No,No,No,No,0,1,0,0,0,1,No,No,Urban,Coordinate,41.88832,-87.7846899
6681,202101170667,2021,Failing to Yield Right of Way,Other,Failing to Reduce Speed to Avoid Crash,Pedalcyclist,No Controls,No Controls,Clear,Daylight,41.87810213150868,-87.78244500975373,Oak Park,0-Property damage crash,No,No,4,12,28,No,No,Yes,Yes,Yes,No,District 1,Region 1,(N/A),0,0,Fri,No,No,Yes,No,No,No,No,No,0,0,0,1,0,0,No,No,Urban,Coordinate,41.8781021,-87.782445
6733,202101433505,2021,(N/A),Other,Unable to Determine,Pedestrian,Traffic Signal,Functioning Properly,Clear,"Darkness, Lighted Road",41.87368412918961,-87.80452132203766,Oak Park,K-Fatal crash,No,Yes,0,23,13,No,No,No,Yes,(UNK),No,District 1,Region 1,(N/A),1,0,Wed,No,Yes,No,No,No,No,No,No,0,0,0,0,1,1,No,No,Urban,Coordinate,41.8736841,-87.8045213
6936,202001258066,2020,Failing to Yield Right of Way,Other,Unable to Determine,Pedalcyclist,Stop Sign,Functioning Properly,Cloudy/Overcast,Daylight,41.87346173303725,-87.79963007771829,Oak Park,B-Non-incapacitating injury crash,Yes,No,2,17,09,No,Yes,No,Yes,Yes,Yes,District 1,Region 1,Harrison/Home,0,1,Thu,No,No,Yes,No,No,No,No,No,0,1,0,0,0,1,No,No,Urban,Coordinate,41.8734617,-87.7996301
6979,202401149927,2024,Failing to Yield Right of Way,Other,Failing to Reduce Speed to Avoid Crash,Pedestrian,No Controls,No Controls,Cloudy/Overcast,Daylight,41.8815,-87.79843,Oak Park,"C-Injury reported, not evident crash",Yes,No,3,08,05,No,No,Yes,No,Yes,No,District 1,Region 1,(N/A),0,1,Tue,No,Yes,No,No,No,No,No,No,0,0,1,0,0,0,No,No,Urban,Coordinate,41.8815,-87.79843
7120,202301189962,2023,Failing to Yield Right of Way,Other,(N/A),Pedalcyclist,Pedestrian Crossing Sign,Functioning Properly,Clear,Daylight,41.8885599917713,-87.80502039096567,Oak Park,B-Non-incapacitating injury crash,Yes,No,2,08,37,No,Yes,No,Yes,Yes,Yes,District 1,Region 1,Lake St/N Harlem Ave,0,1,Fri,No,No,Yes,No,No,No,No,No,0,1,0,0,0,1,No,No,Urban,Coordinate,41.88856,-87.8050204
7189,202101175283,2021,Improper Overtaking/Passing,Other,Unable to Determine,Pedalcyclist,No Controls,No Controls,Clear,Daylight,41.86646909619658,-87.78887701455993,Oak Park,B-Non-incapacitating injury crash,Yes,No,2,17,39,No,No,Yes,Yes,Yes,No,District 1,Region 1,(N/A),0,1,Tue,No,No,Yes,No,No,No,No,No,0,1,0,0,0,1,No,No,Urban,Coordinate,41.8664691,-87.788877
7190,202101175288,2021,Failing to Reduce Speed to Avoid Crash,Speed,Unable to Determine,Pedalcyclist,Stop Sign,Functioning Properly,Clear,Daylight,41.86697789727394,-87.79382136732345,Oak Park,B-Non-incapacitating injury crash,Yes,No,2,14,33,No,Yes,No,Yes,Yes,Yes,District 1,Region 1,Fillmore St/S Oak Park Ave,0,2,Wed,Yes,No,Yes,No,No,No,No,No,0,1,0,0,0,1,No,No,Urban,Coordinate,41.8669779,-87.7938214
7298,202101410477,2021,Failing to Yield Right of Way,Other,(N/A),Pedestrian,No Controls,No Controls,Clear,Daylight,41.87777975986125,-87.80464902575159,Oak Park,B-Non-incapacitating injury crash,Yes,No,2,11,15,No,Yes,No,Yes,Yes,No,District 1,Region 1,Adams/Harlem,0,1,Thu,No,Yes,No,No,No,No,No,No,0,1,0,0,0,1,No,No,Urban,Coordinate,41.8777798,-87.804649
7865,202101180194,2021,Failing to Reduce Speed to Avoid Crash,Speed,Unable to Determine,Pedalcyclist,Stop Sign,Functioning Properly,Cloudy/Overcast,Daylight,41.88676529467582,-87.80248481021417,Oak Park,"C-Injury reported, not evident crash",Yes,No,3,18,50,No,Yes,No,Yes,Yes,Yes,District 1,Region 1,Marion St/South Blvd,0,1,Thu,No,No,Yes,No,No,No,No,No,0,0,1,0,0,0,No,No,Urban,Coordinate,41.8867653,-87.8024848
8142,202101181943,2021,Failing to Yield Right of Way,Other,"Evasive Action Due to Animal, Object, Non-Motorist",Pedestrian,No Controls,No Controls,Clear,Daylight,41.87027704603854,-87.80438616683357,Oak Park,B-Non-incapacitating injury crash,Yes,No,2,18,12,No,No,No,Yes,Yes,No,District 1,Region 1,(N/A),0,1,Wed,No,Yes,No,No,No,No,No,No,0,1,0,0,0,1,No,No,Urban,Coordinate,41.870277,-87.8043862
8359,202101182853,2021,Following Too Closely,Other,Unable to Determine,Pedalcyclist,Traffic Signal,Functioning Properly,Clear,Daylight,41.88162993770305,-87.78939994775905,Oak Park,"C-Injury reported, not evident crash",Yes,No,3,17,58,No,Yes,No,Yes,Yes,No,District 1,Region 1,S East Ave/Washington Blvd,0,1,Mon,No,No,Yes,No,No,No,No,No,0,0,1,0,0,0,No,No,Urban,Coordinate,41.8816299,-87.7893999
8646,202301200319,2023,(N/A),Other,(N/A),Pedestrian,No Controls,No Controls,Clear,Daylight,41.88401979737155,-87.77640915188348,Oak Park,B-Non-incapacitating injury crash,Yes,No,2,09,43,No,Yes,Yes,Yes,Yes,No,District 1,Region 1,Randolph St/S Humphrey Ave,0,1,Wed,No,Yes,No,No,No,No,No,No,0,1,0,0,0,1,No,No,Urban,Coordinate,41.8840198,-87.7764092
8648,202201369109,2022,Failing to Yield Right of Way,Other,Failing to Reduce Speed to Avoid Crash,Pedestrian,Traffic Signal,Functioning Properly,Clear,"Darkness, Lighted Road",41.898366327346686,-87.78500468131394,Oak Park,B-Non-incapacitating injury crash,Yes,No,2,17,15,No,No,Yes,Yes,Yes,No,District 1,Region 1,(N/A),0,1,Thu,No,Yes,No,No,No,No,No,No,0,1,0,0,0,1,No,No,Urban,Coordinate,41.8983663,-87.7850047
8765,202401338065,2024,(N/A),Other,Unable to Determine,Pedestrian,No Controls,No Controls,Clear,"Darkness, Lighted Road",41.89089,-87.79455,Oak Park,B-Non-incapacitating injury crash,Yes,No,2,21,11,No,No,No,Yes,Yes,No,District 1,Region 1,(N/A),0,2,Thu,No,Yes,No,No,No,No,No,No,0,1,0,0,0,1,No,No,Urban,Coordinate,41.89089,-87.79455
8995,202201093411,2022,Failing to Reduce Speed to Avoid Crash,Speed,Improper Lane Usage,Pedalcyclist,Traffic Signal,Functioning Properly,Clear,Daylight,41.88832002125631,-87.78468987924656,Oak Park,B-Non-incapacitating injury crash,Yes,No,2,08,40,No,Yes,Yes,Yes,Yes,No,District 1,Region 1,Lake St/N Ridgeland Ave,0,1,Mon,No,No,Yes,No,No,No,No,No,0,1,0,0,0,1,No,No,Urban,Coordinate,41.88832,-87.7846899
9038,202101187817,2021,Failing to Yield Right of Way,Other,Failing to Reduce Speed to Avoid Crash,Pedalcyclist,Traffic Signal,Functioning Properly,Cloudy/Overcast,Daylight,41.88864915675507,-87.80093344917846,Oak Park,B-Non-incapacitating injury crash,Yes,No,2,17,24,No,No,No,Yes,Yes,Yes,District 1,Region 1,(N/A),0,1,Sat,Yes,No,Yes,No,No,No,No,No,0,1,0,0,0,1,No,No,Urban,Coordinate,41.8886492,-87.8009334
9169,202201371577,2022,Failing to Yield Right of Way,Other,Unable to Determine,Pedestrian,Stop Sign,Functioning Properly,Rain,"Darkness, Lighted Road",41.88683421376922,-87.78138447789688,Oak Park,A-Incapacitating injury crash,Yes,No,1,16,56,No,No,Yes,Yes,Yes,No,District 1,Region 1,(N/A),0,1,Tue,No,Yes,No,No,No,No,No,No,1,0,0,0,1,1,No,No,Urban,Coordinate,41.8868342,-87.7813845
9340,202201372940,2022,Failing to Yield Right of Way,Other,Failing to Reduce Speed to Avoid Crash,Pedestrian,Traffic Signal,Functioning Properly,Rain,Daylight,41.894231564091534,-87.80323005496602,Oak Park,"C-Injury reported, not evident crash",Yes,No,3,15,00,No,No,Yes,Yes,Yes,No,District 1,Region 1,(N/A),0,2,Wed,No,Yes,No,No,No,No,No,No,0,0,1,0,0,0,No,No,Urban,Coordinate,41.8942316,-87.8032301
9444,202301206842,2023,Failing to Yield Right of Way,Other,Unable to Determine,Pedestrian,Traffic Signal,Functioning Properly,Clear,Daylight,41.88697707110877,-87.784639944881,Oak Park,B-Non-incapacitating injury crash,Yes,No,2,15,40,No,No,No,Yes,Yes,Yes,District 1,Region 1,(N/A),0,1,Fri,No,Yes,No,No,No,No,No,No,0,1,0,0,0,1,No,No,Urban,Coordinate,41.8869771,-87.7846399
9627,202401344942,2024,Failing to Yield Right of Way,Other,Unable to Determine,Pedestrian,Pedestrian Crossing Sign,Functioning Properly,Clear,Daylight,41.88792,-87.79446,Oak Park,"C-Injury reported, not evident crash",Yes,No,3,13,36,No,No,No,Yes,Yes,Yes,District 1,Region 1,(N/A),0,1,Mon,No,Yes,No,No,No,No,No,No,0,0,1,0,0,0,No,No,Urban,Coordinate,41.88792,-87.79446
9670,202301208525,2023,Failing to Yield Right of Way,Other,Failing to Reduce Speed to Avoid Crash,Pedalcyclist,No Controls,No Controls,Cloudy/Overcast,Daylight,41.89427005603974,-87.80191747016556,Oak Park,"C-Injury reported, not evident crash",Yes,No,3,18,30,No,Yes,No,Yes,Yes,No,District 1,Region 1,Belleforte/Chicago Ave,0,1,Wed,No,No,Yes,No,No,No,No,No,0,0,1,0,0,0,No,No,Urban,Coordinate,41.8942701,-87.8019175
9821,202301371451,2023,Unable to Determine,Other,Unable to Determine,Pedestrian,No Controls,No Controls,Cloudy/Overcast,Dusk,41.88628406695105,-87.80493247592506,Oak Park,"C-Injury reported, not evident crash",Yes,No,3,18,00,No,No,No,Yes,Yes,No,District 1,Region 1,(N/A),0,1,Thu,No,Yes,No,No,No,No,No,No,0,0,1,0,0,0,No,No,Urban,Coordinate,41.8862841,-87.8049325
9833,202101193064,2021,Driving Skills/Knowledge/Experience,Other,Failing to Yield Right of Way,Pedestrian,No Controls,No Controls,Clear,"Darkness, Lighted Road",41.886719744090804,-87.80432707863429,Oak Park,B-Non-incapacitating injury crash,Yes,No,2,21,57,No,No,Yes,Yes,Yes,No,District 1,Region 1,(N/A),0,1,Thu,No,Yes,No,No,No,No,No,No,0,1,0,0,0,1,No,No,Urban,Coordinate,41.8867197,-87.8043271
9834,202101193070,2021,Failing to Yield Right of Way,Other,Failing to Reduce Speed to Avoid Crash,Pedalcyclist,Stop Sign,Functioning Properly,Clear,Darkness,41.89158258306126,-87.79275482142819,Oak Park,B-Non-incapacitating injury crash,Yes,No,2,22,45,No,Yes,No,Yes,Yes,Yes,District 1,Region 1,Erie/Euclid,0,1,Tue,Yes,No,Yes,No,No,No,No,No,0,1,0,0,0,1,No,No,Urban,Coordinate,41.8915826,-87.7927548
9836,202101193396,2021,Failing to Yield Right of Way,Other,Failing to Reduce Speed to Avoid Crash,Pedalcyclist,Stop Sign,Functioning Properly,Clear,Daylight,41.901760248261596,-87.79120239920599,Oak Park,"C-Injury reported, not evident crash",Yes,No,3,17,09,No,Yes,No,Yes,Yes,No,District 1,Region 1,Columbian Ave/Division St,0,1,Wed,No,No,Yes,No,No,No,No,No,0,0,1,0,0,0,No,No,Urban,Coordinate,41.9017602,-87.7912024
9979,202001290419,2020,Failing to Yield Right of Way,Other,Failing to Reduce Speed to Avoid Crash,Pedalcyclist,Stop Sign,Functioning Properly,Clear,Dusk,41.88165994877118,-87.78776104390829,Oak Park,"C-Injury reported, not evident crash",Yes,No,3,17,39,No,Yes,No,Yes,Yes,No,District 1,Region 1,S Scoville Ave/Washington Blvd,0,1,Wed,No,No,Yes,No,No,No,No,No,0,0,1,0,0,0,No,No,Urban,Coordinate,41.8816599,-87.787761
10247,202401045456,2024,Improper Backing,Other,Failing to Reduce Speed to Avoid Crash,Pedestrian,No Controls,No Controls,Clear,Daylight,41.8947062866023,-87.77544343085889,Oak Park,"C-Injury reported, not evident crash",Yes,No,3,12,25,No,No,No,Yes,Yes,Yes,District 1,Region 1,(N/A),0,1,Mon,No,Yes,No,No,No,No,No,No,0,0,1,0,0,0,No,No,Urban,Coordinate,41.8947063,-87.7754434
10423,202001295740,2020,Unable to Determine,Other,(N/A),Pedestrian,No Controls,No Controls,Clear,"Darkness, Lighted Road",41.881628440080455,-87.79992214551127,Oak Park,"C-Injury reported, not evident crash",Yes,No,3,17,44,No,No,No,Yes,Yes,Yes,District 1,Region 1,(N/A),0,1,Fri,Yes,Yes,No,No,No,No,No,No,0,0,1,0,0,0,No,No,Urban,Coordinate,41.8816284,-87.7999221
10446,202401123686,2024,Failing to Yield Right of Way,Other,(N/A),Pedalcyclist,Traffic Signal,Functioning Properly,Clear,"Darkness, Lighted Road",41.90188622225269,-87.7838737430883,Oak Park,"C-Injury reported, not evident crash",Yes,No,3,20,10,No,Yes,Yes,Yes,Yes,No,District 1,Region 1,Division St/N Ridgeland Ave,0,1,Mon,No,No,Yes,No,No,No,No,No,0,0,1,0,0,0,No,No,Urban,Coordinate,41.9018862,-87.7838737
10516,202201386682,2022,Failing to Yield Right of Way,Other,(N/A),Pedestrian,Stop Sign,Functioning Properly,Clear,Daylight,41.87970073587147,-87.79836023729439,Oak Park,"C-Injury reported, not evident crash",Yes,No,3,11,56,No,Yes,No,Yes,Yes,Yes,District 1,Region 1,Clinton Ave/Madison St,0,1,Tue,No,Yes,No,No,No,No,No,No,0,0,1,0,0,0,No,No,Urban,Coordinate,41.8797007,-87.7983602
10858,202401354067,2024,Failing to Yield Right of Way,Other,Failing to Reduce Speed to Avoid Crash,Pedestrian,Traffic Signal,Functioning Properly,Clear,Daylight,41.8814,-87.80237,Oak Park,0-Property damage crash,No,No,4,11,13,No,Yes,No,Yes,Yes,Yes,District 1,Region 1,Washington Blvd/Wisconsin Ave,0,0,Wed,No,Yes,No,No,No,No,No,No,0,0,0,1,0,0,No,No,Urban,Coordinate,41.8814,-87.80237
10878,202301376164,2023,Disregarding Stop Sign,Disregarding Traffic Control,Failing to Yield Right of Way,Pedalcyclist,Stop Sign,Functioning Properly,Clear,Daylight,41.8916179794214,-87.79122121136474,Oak Park,B-Non-incapacitating injury crash,Yes,No,2,14,28,No,Yes,Yes,Yes,Yes,No,District 1,Region 1,Erie St/Linden Ave,0,1,Sun,No,No,Yes,No,No,No,No,No,0,1,0,0,0,1,No,No,Urban,Coordinate,41.891618,-87.7912212
10999,202201392243,2022,Failing to Yield Right of Way,Other,Turning Right On Red,Pedestrian,Traffic Signal,Functioning Properly,Clear,Daylight,41.88171000918653,-87.784509613383,Oak Park,"C-Injury reported, not evident crash",Yes,No,3,11,30,No,Yes,No,Yes,Yes,Yes,District 1,Region 1,S Ridgeland Ave/Washington Blvd,0,1,Thu,No,Yes,No,No,No,No,No,No,0,0,1,0,0,0,No,No,Urban,Coordinate,41.88171,-87.7845096
11002,202201392362,2022,Failing to Yield Right of Way,Other,(N/A),Pedestrian,Stop Sign,Functioning Properly,Cloudy/Overcast,Daylight,41.88655424987344,-87.80494032712302,Oak Park,B-Non-incapacitating injury crash,Yes,No,2,08,30,No,Yes,No,Yes,Yes,No,District 1,Region 1,Circle Avenue/Harlem Avenue,0,1,Mon,No,Yes,No,No,No,No,No,No,0,1,0,0,0,1,No,No,Urban,Coordinate,41.8865543,-87.8049403
11086,202401356047,2024,Failing to Yield Right of Way,Other,Failing to Reduce Speed to Avoid Crash,Pedestrian,Stop Sign,Functioning Properly,Clear,Daylight,41.86899774974613,-87.78161881658772,Oak Park,"C-Injury reported, not evident crash",Yes,No,3,16,48,Yes,Yes,No,Yes,Yes,No,District 1,Region 1,Harvard St/Highland Ave,0,1,Thu,No,Yes,No,No,No,No,No,No,0,0,1,0,0,0,No,No,Urban,Coordinate,41.8689978,-87.7816188
11136,202001303579,2020,Disregarding Road Markings,Other,Failing to Reduce Speed to Avoid Crash,Pedestrian,Other Warning Sign,Functioning Properly,Cloudy/Overcast,Daylight,41.88840553456356,-87.77817472114461,Oak Park,B-Non-incapacitating injury crash,Yes,No,2,11,26,No,No,Yes,Yes,Yes,No,District 1,Region 1,(N/A),0,1,Mon,No,Yes,No,No,No,No,No,No,0,1,0,0,0,1,No,No,Urban,Coordinate,41.8884055,-87.7781747
11365,202301378237,2023,Failing to Reduce Speed to Avoid Crash,Speed,Unable to Determine,Pedalcyclist,Stop Sign,Functioning Properly,Rain,Darkness,41.89827946814715,-87.78010949389287,Oak Park,B-Non-incapacitating injury crash,Yes,No,2,17,04,No,Yes,No,Yes,Yes,No,District 1,Region 1,Augusta St/N Lombard Ave,0,1,Mon,No,No,Yes,No,No,No,No,No,0,1,0,0,0,1,No,No,Urban,Coordinate,41.8982795,-87.7801095
11441,202201397850,2022,Failing to Yield Right of Way,Other,Unable to Determine,Pedestrian,Stop Sign,Functioning Properly,Clear,"Darkness, Lighted Road",41.890192140933216,-87.79604188073796,Oak Park,"C-Injury reported, not evident crash",Yes,No,3,17,38,No,Yes,No,Yes,Yes,Yes,District 1,Region 1,N Grove Ave/Ontario,0,1,Wed,No,Yes,No,No,No,No,No,No,0,0,1,0,0,0,No,No,Urban,Coordinate,41.8901921,-87.7960419
11595,202401360538,2024,Failing to Yield Right of Way,Other,Unable to Determine,Pedestrian,Stop Sign,Functioning Properly,Clear,Daylight,41.869,-87.7816,Oak Park,"C-Injury reported, not evident crash",Yes,No,3,15,14,No,Yes,No,Yes,Yes,Yes,District 1,Region 1,Harvard St/Highland Ave,0,1,Fri,No,Yes,No,No,No,No,No,No,0,0,1,0,0,0,No,No,Urban,Coordinate,41.869,-87.7816
11623,202001309941,2020,Failing to Reduce Speed to Avoid Crash,Speed,Failing to Yield Right of Way,Pedestrian,Traffic Signal,Not Functioning,Clear,Daylight,41.88192307170689,-87.77957732014562,Oak Park,"C-Injury reported, not evident crash",Yes,No,3,10,21,No,Yes,No,Yes,Yes,Yes,District 1,Region 1,S Lombard Ave/Washington Blvd,0,1,Mon,No,Yes,No,No,No,No,No,No,0,0,1,0,0,0,No,No,Urban,Coordinate,41.8819231,-87.7795773
11673,202201401070,2022,Failing to Yield Right of Way,Other,(N/A),Pedalcyclist,Traffic Signal,Functioning Properly,Rain,"Darkness, Lighted Road",41.87261999991732,-87.78422000061072,Oak Park,B-Non-incapacitating injury crash,Yes,No,2,20,35,No,Yes,No,Yes,Yes,Yes,District 1,Region 1,Harrison St/Ridgeland Ave,0,1,Sun,No,No,Yes,No,No,No,No,No,0,1,0,0,0,1,No,No,Urban,Coordinate,41.87262,-87.78422
11805,202301222652,2023,Unable to Determine,Other,(N/A),Pedalcyclist,No Controls,No Controls,Clear,Daylight,41.8754129934183,-87.79952660041297,Oak Park,B-Non-incapacitating injury crash,Yes,No,2,18,12,No,No,No,Yes,Yes,No,District 1,Region 1,(N/A),0,1,Fri,No,No,Yes,No,No,No,No,No,0,1,0,0,0,1,No,No,Urban,Coordinate,41.875413,-87.7995266
11931,202101421973,2021,"Evasive Action Due to Animal, Object, Non-Motorist",Other,(N/A),Pedestrian,Traffic Signal,Functioning Properly,Cloudy/Overcast,Darkness,41.88000598226661,-87.78398784210822,Oak Park,A-Incapacitating injury crash,Yes,No,1,17,08,Yes,No,No,Yes,Yes,No,District 1,Region 1,(N/A),0,1,Fri,Yes,Yes,No,No,No,No,No,No,1,0,0,0,1,1,No,No,Urban,Coordinate,41.880006,-87.7839878
11992,202101208254,2021,Failing to Yield Right of Way,Other,Unable to Determine,Pedestrian,No Controls,No Controls,Clear,"Darkness, Lighted Road",41.872220110332336,-87.80445695838006,Oak Park,B-Non-incapacitating injury crash,Yes,No,2,21,00,No,No,Yes,Yes,Yes,No,District 1,Region 1,(N/A),0,1,Tue,No,Yes,No,No,No,No,No,No,0,1,0,0,0,1,No,No,Urban,Coordinate,41.8722201,-87.804457
11993,202101208273,2021,Driving Skills/Knowledge/Experience,Other,Unable to Determine,Pedalcyclist,Stop Sign,No Controls,Clear,"Darkness, Lighted Road",41.88332999102185,-87.79109044243863,Oak Park,B-Non-incapacitating injury crash,Yes,No,2,21,12,No,Yes,No,Yes,Yes,Yes,District 1,Region 1,Randolph/Wesley Ave,0,1,Wed,No,No,Yes,No,No,No,No,No,0,1,0,0,0,1,No,No,Urban,Coordinate,41.88333,-87.7910904
11994,202101208287,2021,Improper Turning/No Signal,Other,Failing to Yield Right of Way,Pedestrian,Stop Sign,Functioning Properly,Clear,Daylight,41.883246143464966,-87.80395435638737,Oak Park,B-Non-incapacitating injury crash,Yes,No,2,14,48,No,Yes,Yes,Yes,Yes,No,District 1,Region 1,Randolph St/S Maple Ave,0,1,Thu,No,Yes,No,No,No,No,No,No,0,1,0,0,0,1,No,No,Urban,Coordinate,41.8832461,-87.8039544
12144,202301225028,2023,Failing to Yield Right of Way,Other,Failing to Reduce Speed to Avoid Crash,Pedalcyclist,Stop Sign,Functioning Properly,Clear,Daylight,41.865132817271,-87.79632653804475,Oak Park,B-Non-incapacitating injury crash,Yes,No,2,08,57,No,Yes,No,Yes,Yes,No,District 1,Region 1,Roosevelt Rd/S Kenilworth Ave,0,1,Mon,No,No,Yes,No,No,No,No,No,0,1,0,0,0,1,No,No,Urban,Coordinate,41.8651328,-87.7963265
12182,202101208335,2021,Disregarding Yield Sign,Disregarding Traffic Control,Failing to Yield Right of Way,Pedestrian,Pedestrian Crossing Sign,Functioning Properly,Clear,Darkness,41.890611636278855,-87.8002623915602,Oak Park,B-Non-incapacitating injury crash,Yes,No,2,00,36,No,No,Yes,Yes,Yes,No,District 1,Region 1,(N/A),0,1,Wed,No,Yes,No,No,No,No,No,No,0,1,0,0,0,1,No,No,Urban,Coordinate,41.8906116,-87.8002624
12250,202401050555,2024,Vision Obscured,Other,Failing to Yield Right of Way,Pedestrian,Stop Sign,Functioning Properly,Clear,Daylight,41.903500866972365,-87.79638903364408,Oak Park,A-Incapacitating injury crash,Yes,No,1,07,41,No,Yes,No,Yes,Yes,Yes,District 1,Region 1,Berkshire St/N Grove Ave,0,1,Mon,Yes,Yes,No,No,No,No,No,No,1,0,0,0,1,1,No,No,Urban,Coordinate,41.9035009,-87.796389
12537,202301383474,2023,Improper Lane Usage,Other,(N/A),Pedalcyclist,No Controls,No Controls,Clear,Daylight,41.908926531036315,-87.7993156323179,Oak Park,B-Non-incapacitating injury crash,Yes,No,2,15,12,Yes,No,No,Yes,Yes,Yes,District 1,Region 1,(N/A),0,1,Fri,No,No,Yes,No,No,No,No,No,0,1,0,0,0,1,No,No,Urban,Coordinate,41.9089265,-87.7993156
12538,202301383516,2023,Failing to Yield Right of Way,Other,(N/A),Pedestrian,Pedestrian Crossing Sign,Functioning Properly,Clear,"Darkness, Lighted Road",41.891717265669925,-87.78480165949404,Oak Park,A-Incapacitating injury crash,Yes,No,1,16,39,Yes,Yes,No,Yes,Yes,Yes,District 1,Region 1,Erie St/N Ridgeland Ave,0,1,Sun,Yes,Yes,No,No,No,No,No,No,1,0,0,0,1,1,No,No,Urban,Coordinate,41.8917173,-87.7848017
12748,202401368246,2024,Failing to Yield Right of Way,Other,Failing to Yield Right of Way,Pedestrian,Traffic Signal,Functioning Properly,Clear,Daylight,41.87626661458353,-87.78436080035313,Oak Park,B-Non-incapacitating injury crash,Yes,No,2,09,07,No,Yes,No,Yes,Yes,Yes,District 1,Region 1,Jackson Blvd/Ridgeland Ave,0,1,Mon,No,Yes,No,No,No,No,No,No,0,1,0,0,0,1,No,No,Urban,Coordinate,41.8762666,-87.7843608
13109,202401372173,2024,Unable to Determine,Other,(N/A),Pedestrian,No Controls,No Controls,Clear,Daylight,41.87612758599116,-87.792895678759,Oak Park,"C-Injury reported, not evident crash",Yes,No,3,08,12,No,Yes,No,No,Yes,No,District 1,Region 1,Jackson Blvd/S Euclid Ave,0,1,Tue,No,Yes,No,No,No,No,No,No,0,0,1,0,0,0,No,No,Urban,Coordinate,41.8761276,-87.7928957
13381,202401373746,2024,Failing to Yield Right of Way,Other,(N/A),Pedestrian,Stop Sign,Functioning Properly,Rain,Darkness,41.88335254993055,-87.79850868634632,Oak Park,B-Non-incapacitating injury crash,Yes,No,2,18,46,No,Yes,No,No,Yes,Yes,District 1,Region 1,Clinton/Randolph,0,1,Wed,No,Yes,No,No,No,No,No,No,0,1,0,0,0,1,No,No,Urban,Coordinate,41.8833526,-87.7985087
14106,202301239253,2023,Failing to Reduce Speed to Avoid Crash,Speed,(N/A),Pedalcyclist,Traffic Signal,Functioning Properly,Clear,Daylight,41.87977188879313,-87.78933590794001,Oak Park,0-Property damage crash,No,No,4,14,35,No,Yes,No,Yes,Yes,No,District 1,Region 1,Madison St/S East Ave,0,0,Sun,No,No,Yes,No,No,No,No,No,0,0,0,1,0,0,No,No,Urban,Coordinate,41.8797719,-87.7893359
14147,202401126998,2024,Unable to Determine,Other,(N/A),Pedestrian,Traffic Signal,Functioning Properly,Clear,"Darkness, Lighted Road",41.87363349689895,-87.80451772921467,Oak Park,B-Non-incapacitating injury crash,Yes,No,2,00,24,No,Yes,Yes,Yes,Yes,No,District 1,Region 1,I290 W/S Harlem Ave,0,1,Fri,No,Yes,No,No,No,No,No,No,0,1,0,0,0,1,No,No,Urban,Coordinate,41.8736335,-87.8045177
14317,202401101819,2024,Failing to Reduce Speed to Avoid Crash,Speed,(N/A),Pedalcyclist,Traffic Signal,Functioning Properly,Clear,Daylight,41.881379999600746,-87.80478000168537,Oak Park,B-Non-incapacitating injury crash,Yes,No,2,12,56,No,Yes,No,Yes,Yes,No,District 1,Region 1,N Harlem Ave/Washington Blvd,0,1,Sat,No,No,Yes,No,No,No,No,No,0,1,0,0,0,1,No,No,Urban,Coordinate,41.88138,-87.80478
14442,202301242199,2023,Distraction - From Outside Vehicle,Other,Failing to Yield Right of Way,Pedestrian,Stop Sign,Functioning Properly,Clear,Daylight,41.87817363007068,-87.80379083434487,Oak Park,"C-Injury reported, not evident crash",Yes,No,3,08,20,No,Yes,No,Yes,Yes,Yes,District 1,Region 1,Monroe St/S Maple Ave,0,1,Thu,No,Yes,No,No,No,No,No,No,0,0,1,0,0,0,No,No,Urban,Coordinate,41.8781736,-87.8037908
14659,202001350166,2020,Unable to Determine,Other,Unable to Determine,Pedestrian,No Controls,No Controls,Clear,"Darkness, Lighted Road",41.88807116165695,-87.77655119041377,Oak Park,A-Incapacitating injury crash,Yes,No,1,21,00,No,No,Yes,Yes,Yes,No,District 1,Region 1,(N/A),0,1,Wed,No,Yes,No,No,No,No,No,No,1,0,0,0,1,1,No,No,Urban,Coordinate,41.8880712,-87.7765512
14774,202301393376,2023,Failing to Yield Right of Way,Other,Unable to Determine,Pedestrian,Traffic Signal,Functioning Properly,Clear,Daylight,41.87230217415038,-87.80446009898006,Oak Park,"C-Injury reported, not evident crash",Yes,No,3,07,55,No,Yes,Yes,Yes,Yes,No,District 1,Region 1,Harlem/Harrison,0,1,Mon,No,Yes,No,No,No,No,No,No,0,0,1,0,0,0,No,No,Urban,Coordinate,41.8723022,-87.8044601
14814,202301245493,2023,Disregarding Stop Sign,Disregarding Traffic Control,Failing to Yield Right of Way,Pedalcyclist,Stop Sign,Functioning Properly,Clear,Dusk,41.894520018502924,-87.78812017523424,Oak Park,B-Non-incapacitating injury crash,Yes,No,2,19,44,No,Yes,No,Yes,Yes,Yes,District 1,Region 1,Chicago Ave/N Scoville Ave,0,1,Sat,No,No,Yes,No,No,No,No,No,0,1,0,0,0,1,No,No,Urban,Coordinate,41.89452,-87.7881202
15074,202001354556,2020,Following Too Closely,Other,(N/A),Pedestrian,No Controls,No Controls,Clear,Darkness,41.90841372808908,-87.79651619842672,Oak Park,B-Non-incapacitating injury crash,Yes,No,2,17,16,No,No,No,Yes,Yes,Yes,District 1,Region 1,(N/A),0,1,Sun,No,Yes,No,No,No,No,No,No,0,1,0,0,0,1,No,No,Urban,Coordinate,41.9084137,-87.7965162
15075,202001354623,2020,Failing to Yield Right of Way,Other,Failing to Reduce Speed to Avoid Crash,Pedestrian,Traffic Signal,Functioning Properly,Clear,"Darkness, Lighted Road",41.87971105534198,-87.79426973470996,Oak Park,"C-Injury reported, not evident crash",Yes,No,3,20,00,No,Yes,No,Yes,Yes,Yes,District 1,Region 1,Madison St/S Oak Park Ave,0,1,Sat,No,Yes,No,No,No,No,No,No,0,0,1,0,0,0,No,No,Urban,Coordinate,41.8797111,-87.7942697
15076,202001354638,2020,Disregarding Stop Sign,Disregarding Traffic Control,Vision Obscured,Pedestrian,Stop Sign,Functioning Properly,Cloudy/Overcast,Daylight,41.88156018792099,-87.79562769800229,Oak Park,B-Non-incapacitating injury crash,Yes,No,2,11,37,No,Yes,No,Yes,Yes,Yes,District 1,Region 1,S Grove/Washington,0,1,Fri,No,Yes,No,No,No,No,No,No,0,1,0,0,0,1,No,No,Urban,Coordinate,41.8815602,-87.7956277
15077,202001354646,2020,Failing to Yield Right of Way,Other,Unable to Determine,Pedestrian,No Controls,No Controls,Clear,Daylight,41.86697788630741,-87.79382202514887,Oak Park,B-Non-incapacitating injury crash,Yes,No,2,09,52,No,Yes,No,Yes,Yes,Yes,District 1,Region 1,Fillmore St/S Oak Park Ave,0,1,Fri,No,Yes,No,No,No,No,No,No,0,1,0,0,0,1,No,No,Urban,Coordinate,41.8669779,-87.793822
15090,202301248078,2023,Failing to Yield Right of Way,Other,Failing to Reduce Speed to Avoid Crash,Pedalcyclist,Pedestrian Crossing Sign,Functioning Properly,Clear,Daylight,41.89435002230605,-87.7976599287598,Oak Park,B-Non-incapacitating injury crash,Yes,No,2,17,21,No,Yes,No,Yes,Yes,Yes,District 1,Region 1,Chicago Ave/N Kenilworth Ave,0,1,Mon,No,No,Yes,No,No,No,No,No,0,1,0,0,0,1,No,No,Urban,Coordinate,41.89435,-87.7976599
15300,202401388692,2024,Failing to Yield Right of Way,Other,Failing to Reduce Speed to Avoid Crash,Pedalcyclist,Stop Sign,Functioning Properly,Clear,Darkness,41.86540853462435,-87.77778065055192,Oak Park,B-Non-incapacitating injury crash,Yes,No,2,16,05,No,Yes,No,Yes,Yes,Yes,District 1,Region 1,Roosevelt Rd/S Taylor Ave,0,1,Mon,No,No,Yes,No,No,No,No,No,0,1,0,0,0,1,No,No,Urban,Coordinate,41.8654085,-87.7777807
15358,202301023758,2023,Failing to Yield Right of Way,Other,Unable to Determine,Pedestrian,Traffic Signal,Functioning Properly,Clear,Daylight,41.868959831688564,-87.78408999382242,Oak Park,A-Incapacitating injury crash,Yes,No,1,14,59,No,Yes,No,Yes,Yes,Yes,District 1,Region 1,Harvard St/S Ridgeland Ave,0,1,Mon,No,Yes,No,No,No,No,No,No,1,0,0,0,1,1,No,No,Urban,Coordinate,41.8689598,-87.78409
15623,202101014358,2021,Unable to Determine,Other,Unable to Determine,Pedestrian,Traffic Signal,Functioning Properly,Clear,Daylight,41.873633772562904,-87.80452000101653,Oak Park,"C-Injury reported, not evident crash",Yes,No,3,10,04,No,Yes,Yes,Yes,Yes,No,District 1,Region 1,Harlem/I-290,0,1,Fri,No,Yes,No,No,No,No,No,No,0,0,1,0,0,0,No,No,Urban,Coordinate,41.8736338,-87.80452
15666,202401058885,2024,Failing to Reduce Speed to Avoid Crash,Speed,Improper Lane Usage,Pedalcyclist,Traffic Signal,Functioning Properly,Clear,Daylight,41.8800047464253,-87.78409979063929,Oak Park,"C-Injury reported, not evident crash",Yes,No,3,15,12,No,No,No,Yes,Yes,Yes,District 1,Region 1,(N/A),0,1,Mon,No,No,Yes,No,No,No,No,No,0,0,1,0,0,0,No,No,Urban,Coordinate,41.8800047,-87.7840998
15722,202301253813,2023,Unable to Determine,Other,(N/A),Pedalcyclist,No Controls,No Controls,Rain,"Darkness, Lighted Road",41.90919640807334,-87.77969526228638,Oak Park,B-Non-incapacitating injury crash,Yes,No,2,22,11,No,No,Yes,Yes,Yes,No,District 1,Region 1,(N/A),0,1,Mon,No,No,Yes,No,No,No,No,No,0,1,0,0,0,1,No,No,Urban,Coordinate,41.9091964,-87.7796953
15766,202101015940,2021,Failing to Reduce Speed to Avoid Crash,Speed,Following Too Closely,Pedalcyclist,No Controls,No Controls,Clear,Daylight,41.894668599734025,-87.77788572151167,Oak Park,B-Non-incapacitating injury crash,Yes,No,2,14,50,No,No,No,Yes,Yes,Yes,District 1,Region 1,(N/A),0,1,Tue,No,No,Yes,No,No,No,No,No,0,1,0,0,0,1,No,No,Urban,Coordinate,41.8946686,-87.7778857
15953,202301029950,2023,Failing to Yield Right of Way,Other,Failing to Reduce Speed to Avoid Crash,Pedestrian,Pedestrian Crossing Sign,Functioning Properly,Snow,"Darkness, Lighted Road",41.888645427925674,-87.80163992161516,Oak Park,A-Incapacitating injury crash,Yes,No,1,18,13,No,No,No,Yes,Yes,Yes,District 1,Region 1,(N/A),0,1,Wed,No,Yes,No,No,No,No,No,No,1,0,0,0,1,1,No,No,Urban,Coordinate,41.8886454,-87.8016399
16013,202401394351,2024,Failing to Yield Right of Way,Other,Failing to Reduce Speed to Avoid Crash,Pedestrian,Traffic Signal,Functioning Properly,Clear,Daylight,41.8688,-87.79385,Oak Park,B-Non-incapacitating injury crash,Yes,No,2,14,23,Yes,Yes,No,Yes,Yes,Yes,District 1,Region 1,Harvard St/S Oak Park Ave,0,1,Sun,Yes,Yes,No,No,No,No,No,No,0,1,0,0,0,1,No,No,Urban,Coordinate,41.8688,-87.79385
16124,202301031157,2023,Failing to Yield Right of Way,Other,Failing to Reduce Speed to Avoid Crash,Pedestrian,Traffic Signal,Functioning Properly,Snow,"Darkness, Lighted Road",41.87966695206294,-87.80473009244747,Oak Park,B-Non-incapacitating injury crash,Yes,No,2,17,42,No,Yes,No,Yes,Yes,No,District 1,Region 1,Harlem Ave/Madison St,0,1,Thu,No,Yes,No,No,No,No,No,No,0,1,0,0,0,1,No,No,Urban,Coordinate,41.879667,-87.8047301
16241,202001019124,2020,"Distraction – Other Electronic Device (Navigation Device, DVD Player, etc.)",Other,Unable to Determine,Pedestrian,No Controls,No Controls,Cloudy/Overcast,Daylight,41.89422441463011,-87.80362659800977,Oak Park,B-Non-incapacitating injury crash,Yes,No,2,15,31,No,No,No,Yes,Yes,No,District 1,Region 1,(N/A),0,1,Fri,No,Yes,No,No,No,No,No,No,0,1,0,0,0,1,No,No,Urban,Coordinate,41.8942244,-87.8036266
16315,202101361271,2021,Failing to Yield Right of Way,Other,(N/A),Pedalcyclist,No Controls,No Controls,Clear,Daylight,41.90361860447106,-87.79489085675733,Oak Park,A-Incapacitating injury crash,Yes,No,1,07,47,No,Yes,No,Yes,Yes,Yes,District 1,Region 1,Berkshire St/N Oak Park Ave,0,1,Mon,Yes,No,Yes,No,No,No,No,No,1,0,0,0,1,1,No,No,Urban,Coordinate,41.9036186,-87.7948909
16316,202101361273,2021,Failing to Yield Right of Way,Other,Failing to Reduce Speed to Avoid Crash,Pedestrian,Pedestrian Crossing Sign,Functioning Properly,Clear,Daylight,41.87628905372902,-87.78309974060963,Oak Park,"C-Injury reported, not evident crash",Yes,No,3,15,11,No,No,No,Yes,Yes,Yes,District 1,Region 1,(N/A),0,1,Mon,Yes,Yes,No,No,No,No,No,No,0,0,1,0,0,0,No,No,Urban,Coordinate,41.8762891,-87.7830997
16841,202101362502,2021,Failing to Yield Right of Way,Other,(N/A),Pedestrian,No Controls,No Controls,Clear,"Darkness, Lighted Road",41.87634905640175,-87.77799467304851,Oak Park,"C-Injury reported, not evident crash",Yes,No,3,18,18,No,No,No,Yes,Yes,Yes,District 1,Region 1,(N/A),0,1,Mon,Yes,Yes,No,No,No,No,No,No,0,0,1,0,0,0,No,No,Urban,Coordinate,41.8763491,-87.7779947
16858,202401061176,2024,Failing to Reduce Speed to Avoid Crash,Speed,(N/A),Pedalcyclist,Stop Sign,Functioning Properly,Clear,Daylight,41.9038046981747,-87.78277471449904,Oak Park,B-Non-incapacitating injury crash,Yes,No,2,15,59,No,Yes,No,Yes,Yes,Yes,District 1,Region 1,Berkshire St/N Harvey Ave,0,1,Sun,No,No,Yes,No,No,No,No,No,0,1,0,0,0,1,No,No,Urban,Coordinate,41.9038047,-87.7827747
16962,202301262241,2023,Failing to Yield Right of Way,Other,Unable to Determine,Pedalcyclist,Stop Sign,Functioning Properly,Clear,"Darkness, Lighted Road",41.88000171554198,-87.77587652868947,Oak Park,B-Non-incapacitating injury crash,Yes,No,2,21,09,No,Yes,No,Yes,Yes,Yes,District 1,Region 1,Madison/S Humphrey Ave,0,1,Fri,No,No,Yes,No,No,No,No,No,0,1,0,0,0,1,No,No,Urban,Coordinate,41.8800017,-87.7758765
17194,202401401827,2024,Unable to Determine,Other,(N/A),Pedestrian,Traffic Signal,Functioning Properly,Clear,"Darkness, Lighted Road",41.88655326488193,-87.80493955984932,Oak Park,"C-Injury reported, not evident crash",Yes,No,3,20,34,No,Yes,No,Yes,Yes,No,District 1,Region 1,Circle Ave/Harlem Ave,0,1,Sun,No,Yes,No,No,No,No,No,No,0,0,1,0,0,0,No,No,Urban,Coordinate,41.8865533,-87.8049396
17197,202401401938,2024,Failing to Yield Right of Way,Other,Failing to Reduce Speed to Avoid Crash,Pedestrian,Traffic Signal,Functioning Properly,Clear,Daylight,41.86893,-87.78409,Oak Park,"C-Injury reported, not evident crash",Yes,No,3,14,01,No,Yes,No,Yes,Yes,Yes,District 1,Region 1,Harvard St/S Ridgeland Ave,0,1,Sun,No,Yes,No,No,No,No,No,No,0,0,1,0,0,0,No,No,Urban,Coordinate,41.86893,-87.78409
17430,202301265788,2023,Improper Backing,Other,Vision Obscured,Pedestrian,No Controls,No Controls,Clear,Daylight,41.883226300628344,-87.80242041061621,Oak Park,B-Non-incapacitating injury crash,Yes,No,2,09,58,No,No,No,Yes,Yes,Yes,District 1,Region 1,(N/A),0,1,Wed,No,Yes,No,No,No,No,No,No,0,1,0,0,0,1,No,No,Urban,Coordinate,41.8832263,-87.8024204
17647,202101245017,2021,Failing to Reduce Speed to Avoid Crash,Speed,(N/A),Pedalcyclist,Stop Sign,No Controls,Clear,Daylight,41.90890986452419,-87.805780677066,Oak Park,"C-Injury reported, not evident crash",Yes,No,3,14,15,No,Yes,No,Yes,Yes,Yes,District 1,Region 1,Harlem Ave/Le Moyne Pkwy,0,1,Thu,No,No,Yes,No,No,No,No,No,0,0,1,0,0,0,No,No,Urban,Coordinate,41.9089099,-87.8057807
17896,202301406344,2023,Failing to Yield Right of Way,Other,Unable to Determine,Pedestrian,Traffic Signal,Functioning Properly,Clear,Daylight,41.88655423105706,-87.80494096722799,Oak Park,B-Non-incapacitating injury crash,Yes,No,2,14,59,No,Yes,No,Yes,Yes,Yes,District 1,Region 1,(UNK)/Harlem,0,1,Sun,No,Yes,No,No,No,No,No,No,0,1,0,0,0,1,No,No,Urban,Coordinate,41.8865542,-87.804941
17914,202001044092,2020,Failing to Yield Right of Way,Other,Unable to Determine,Pedestrian,No Controls,No Controls,Snow,"Darkness, Lighted Road",41.88325666618082,-87.80242033468554,Oak Park,B-Non-incapacitating injury crash,Yes,No,2,18,39,No,Yes,No,Yes,Yes,Yes,District 1,Region 1,Randolph St/Wisconsin Ave,0,1,Wed,No,Yes,No,No,No,No,No,No,0,1,0,0,0,1,No,No,Urban,Coordinate,41.8832567,-87.8024203
18043,202001046399,2020,Failing to Yield Right of Way,Other,Unable to Determine,Pedestrian,Traffic Signal,Functioning Properly,Clear,"Darkness, Lighted Road",41.873633751662524,-87.80451982877211,Oak Park,B-Non-incapacitating injury crash,Yes,No,2,23,30,No,Yes,No,Yes,Yes,No,District 1,Region 1,Expressway/Harlem Ave,0,1,Sat,No,Yes,No,No,No,No,No,No,0,1,0,0,0,1,No,No,Urban,Coordinate,41.8736338,-87.8045198
18057,202301270290,2023,Failing to Yield Right of Way,Other,(N/A),Pedestrian,No Controls,No Controls,Clear,Daylight,41.88865816217111,-87.79607742000918,Oak Park,"C-Injury reported, not evident crash",Yes,No,3,15,53,No,No,No,Yes,Yes,Yes,District 1,Region 1,(N/A),0,1,Fri,Yes,Yes,No,No,No,No,No,No,0,0,1,0,0,0,No,No,Urban,Coordinate,41.8886582,-87.7960774
18097,202401159730,2024,Failing to Yield Right of Way,Other,Failing to Reduce Speed to Avoid Crash,Pedestrian,Traffic Signal,Functioning Properly,Clear,"Darkness, Lighted Road",41.88685,-87.79446,Oak Park,B-Non-incapacitating injury crash,Yes,No,2,19,53,No,No,Yes,Yes,Yes,No,District 1,Region 1,(N/A),0,1,Sat,No,Yes,No,No,No,No,No,No,0,1,0,0,0,1,No,No,Urban,Coordinate,41.88685,-87.79446
18306,202301271662,2023,Failing to Yield Right of Way,Other,(N/A),Pedestrian,Traffic Signal,Functioning Properly,Clear,"Darkness, Lighted Road",41.88158075393913,-87.79433000129464,Oak Park,B-Non-incapacitating injury crash,Yes,No,2,23,09,No,Yes,No,Yes,Yes,Yes,District 1,Region 1,S Oak Park Ave/Washington Blvd,0,1,Mon,No,Yes,No,No,No,No,No,No,0,1,0,0,0,1,No,No,Urban,Coordinate,41.8815808,-87.79433
18527,202001052652,2020,Unable to Determine,Other,Unable to Determine,Pedestrian,No Controls,No Controls,Cloudy/Overcast,Daylight,41.8798159589496,-87.78765511779874,Oak Park,0-Property damage crash,No,No,4,18,54,No,No,No,Yes,Yes,No,District 1,Region 1,(N/A),0,0,Thu,No,Yes,No,No,No,No,No,No,0,0,0,1,0,0,No,No,Urban,Coordinate,41.879816,-87.7876551
18575,202301274013,2023,Failing to Reduce Speed to Avoid Crash,Speed,Unable to Determine,Pedestrian,Other,No Controls,Clear,Daylight,41.877621131591916,-87.7745718501733,Oak Park,A-Incapacitating injury crash,Yes,No,1,15,12,No,Yes,Yes,Yes,Yes,No,District 1,Region 1,S Austin Blvd/W Adams Blvd,0,1,Wed,No,Yes,No,No,No,No,No,No,1,0,0,0,1,1,No,No,Urban,Coordinate,41.8776211,-87.7745718
18779,202001057277,2020,Failing to Yield Right of Way,Other,Failing to Reduce Speed to Avoid Crash,Pedestrian,Stop Sign,Functioning Properly,Rain,Daylight,41.88169013157336,-87.78613921450679,Oak Park,B-Non-incapacitating injury crash,Yes,No,2,14,56,No,Yes,No,Yes,Yes,Yes,District 1,Region 1,S Elmwood Ave/Washington Blvd,0,1,Mon,Yes,Yes,No,No,No,No,No,No,0,1,0,0,0,1,No,No,Urban,Coordinate,41.8816901,-87.7861392
19026,202201018770,2022,Failing to Yield Right of Way,Other,Unable to Determine,Pedestrian,No Controls,No Controls,Clear,Daylight,41.90865290490181,-87.77948725929262,Oak Park,"C-Injury reported, not evident crash",Yes,No,3,10,09,No,No,No,Yes,Yes,Yes,District 1,Region 1,(N/A),0,1,Mon,No,Yes,No,No,No,No,No,No,0,0,1,0,0,0,No,No,Urban,Coordinate,41.9086529,-87.7794873
19168,202301060652,2023,Failing to Yield Right of Way,Other,Improper Turning/No Signal,Pedestrian,Stop Sign,Functioning Properly,Rain,Daylight,41.86723796811758,-87.77784946119671,Oak Park,A-Incapacitating injury crash,Yes,No,1,17,39,No,Yes,Yes,Yes,Yes,No,District 1,Region 1,Fillmore St/Taylor Ave,0,1,Wed,No,Yes,No,No,No,No,No,No,1,0,0,0,1,1,No,No,Urban,Coordinate,41.867238,-87.7778495
19483,202101253857,2021,Improper Overtaking/Passing,Other,Failing to Reduce Speed to Avoid Crash,Pedalcyclist,No Controls,No Controls,Clear,Dusk,41.90728367380268,-87.79257951098454,Oak Park,B-Non-incapacitating injury crash,Yes,No,2,18,47,No,No,No,Yes,Yes,No,District 1,Region 1,(N/A),0,1,Mon,No,No,Yes,No,No,No,No,No,0,1,0,0,0,1,No,No,Urban,Coordinate,41.9072837,-87.7925795
19578,202301080189,2023,(N/A),Other,(N/A),Pedestrian,Traffic Signal,Functioning Properly,Snow,"Darkness, Lighted Road",41.87965960274406,-87.80472998210415,Oak Park,K-Fatal crash,No,Yes,0,23,17,No,Yes,Yes,Yes,Yes,No,District 1,Region 1,Harlem Ave/Madison St,1,0,Fri,No,Yes,No,No,No,No,No,No,0,0,0,0,1,1,No,No,Urban,Coordinate,41.8796596,-87.80473
19579,202301065571,2023,Failing to Yield Right of Way,Other,Unable to Determine,Pedestrian,Stop Sign,Functioning Properly,Rain,Daylight,41.890582022516014,-87.8026665580371,Oak Park,"C-Injury reported, not evident crash",Yes,No,3,07,47,No,Yes,No,Yes,Yes,Yes,District 1,Region 1,N Marion St/Ontario St,0,1,Mon,No,Yes,No,No,No,No,No,No,0,0,1,0,0,0,No,No,Urban,Coordinate,41.890582,-87.8026666
19596,202001069645,2020,Failing to Reduce Speed to Avoid Crash,Speed,(N/A),Pedestrian,Stop Sign,Functioning Properly,Clear,Daylight,41.8810425615988,-87.78448127094643,Oak Park,0-Property damage crash,No,No,4,08,30,No,No,No,Yes,Yes,No,District 1,Region 1,(N/A),0,0,Tue,No,Yes,No,No,No,No,No,No,0,0,0,1,0,0,No,No,Urban,Coordinate,41.8810426,-87.7844813
19744,202301413084,2023,Improper Overtaking/Passing,Other,Failing to Reduce Speed to Avoid Crash,Pedalcyclist,Stop Sign,Functioning Properly,Clear,"Darkness, Lighted Road",41.891717331178256,-87.78479662806477,Oak Park,"C-Injury reported, not evident crash",Yes,No,3,17,10,No,Yes,Yes,Yes,Yes,No,District 1,Region 1,Erie St/N Ridgeland Ave,0,1,Wed,Yes,No,Yes,No,No,No,No,No,0,0,1,0,0,0,No,No,Urban,Coordinate,41.8917173,-87.7847966
19956,202301284143,2023,Failing to Yield Right of Way,Other,(N/A),Pedalcyclist,Traffic Signal,Functioning Properly,Cloudy/Overcast,Daylight,41.90154996348814,-87.80552145803365,Oak Park,B-Non-incapacitating injury crash,Yes,No,2,10,51,No,Yes,No,Yes,Yes,Yes,District 1,Region 1,Division/Harlem,0,1,Fri,No,No,Yes,No,No,No,No,No,0,1,0,0,0,1,No,No,Urban,Coordinate,41.90155,-87.8055215
20157,202101257818,2021,Failing to Yield Right of Way,Other,Improper Turning/No Signal,Pedalcyclist,Traffic Signal,Functioning Properly,Clear,Darkness,41.87993050622189,-87.77953196662871,Oak Park,B-Non-incapacitating injury crash,Yes,No,2,20,14,No,Yes,No,Yes,Yes,Yes,District 1,Region 1,Madison St/S Lombard Ave,0,1,Thu,No,No,Yes,No,No,No,No,No,0,1,0,0,0,1,No,No,Urban,Coordinate,41.8799305,-87.779532
20185,202101258487,2021,Failing to Yield Right of Way,Other,Failing to Reduce Speed to Avoid Crash,Pedalcyclist,Traffic Signal,Functioning Properly,Clear,"Darkness, Lighted Road",41.87261940538152,-87.78421997214868,Oak Park,B-Non-incapacitating injury crash,Yes,No,2,22,03,No,Yes,No,Yes,Yes,Yes,District 1,Region 1,Harrison St/S Ridgeland Ave,0,1,Fri,No,No,Yes,No,No,No,No,No,0,1,0,0,0,1,No,No,Urban,Coordinate,41.8726194,-87.78422
20186,202201020277,2022,Disregarding Traffic Signals,Disregarding Traffic Control,Failing to Yield Right of Way,Pedestrian,Traffic Signal,Functioning Properly,Clear,Darkness,41.87947159403628,-87.80472108967214,Oak Park,B-Non-incapacitating injury crash,Yes,No,2,18,28,No,No,No,Yes,Yes,No,District 1,Region 1,(N/A),0,1,Thu,No,Yes,No,No,No,No,No,No,0,1,0,0,0,1,No,No,Urban,Coordinate,41.8794716,-87.8047211
20357,202301286709,2023,Failing to Yield Right of Way,Other,Failing to Reduce Speed to Avoid Crash,Pedalcyclist,Traffic Signal,Functioning Properly,Cloudy/Overcast,Dusk,41.88323996995332,-87.80485176054204,Oak Park,B-Non-incapacitating injury crash,Yes,No,2,18,20,No,Yes,Yes,Yes,Yes,No,District 1,Region 1,Harlem/Randolph St,0,1,Thu,Yes,No,Yes,No,No,No,No,No,0,1,0,0,0,1,No,No,Urban,Coordinate,41.88324,-87.8048518
20786,202301289950,2023,Unable to Determine,Other,Unable to Determine,Pedestrian,No Controls,No Controls,Rain,Daylight,41.88174920223682,-87.7828928842926,Oak Park,B-Non-incapacitating injury crash,Yes,No,2,14,07,No,Yes,No,Yes,Yes,No,District 1,Region 1,Cuyler/Washington,0,1,Mon,No,Yes,No,No,No,No,No,No,0,1,0,0,0,1,No,No,Urban,Coordinate,41.8817492,-87.7828929
20787,202301290128,2023,Failing to Yield Right of Way,Other,Failing to Reduce Speed to Avoid Crash,Pedestrian,Traffic Signal,Functioning Properly,Rain,Daylight,41.909157365696885,-87.78334746207523,Oak Park,A-Incapacitating injury crash,Yes,No,1,17,16,No,Yes,Yes,Yes,Yes,No,District 1,Region 1,North Ave/Ridgeland Ave,0,1,Mon,No,Yes,No,No,No,No,No,No,1,0,0,0,1,1,No,No,Urban,Coordinate,41.9091574,-87.7833475
20932,202401131738,2024,Failing to Reduce Speed to Avoid Crash,Speed,Unable to Determine,Pedestrian,Traffic Signal,Functioning Properly,Clear,Daylight,41.88831996180035,-87.78468792960233,Oak Park,B-Non-incapacitating injury crash,Yes,No,2,09,55,No,Yes,No,Yes,Yes,No,District 1,Region 1,Lake St/N Ridgeland Ave,0,2,Mon,No,Yes,No,No,No,No,No,No,0,1,0,0,0,1,No,No,Urban,Coordinate,41.88832,-87.7846879
21003,202301081276,2023,Failing to Yield Right of Way,Other,Failing to Reduce Speed to Avoid Crash,Pedestrian,No Controls,No Controls,Rain,"Darkness, Lighted Road",41.89829060867833,-87.78500241434433,Oak Park,B-Non-incapacitating injury crash,Yes,No,2,20,08,No,No,No,Yes,Yes,Yes,District 1,Region 1,(N/A),0,1,Sat,No,Yes,No,No,No,No,No,No,0,1,0,0,0,1,No,No,Urban,Coordinate,41.8982906,-87.7850024
21012,202301083624,2023,Disregarding Traffic Signals,Disregarding Traffic Control,Failing to Reduce Speed to Avoid Crash,Pedestrian,Traffic Signal,Functioning Properly,Clear,"Darkness, Lighted Road",41.90902848057632,-87.79494830507251,Oak Park,K-Fatal crash,No,Yes,0,21,01,No,Yes,No,Yes,(UNK),Yes,District 1,Region 1,(UNK)/W North Ave,1,0,Mon,No,Yes,No,No,No,No,No,No,0,0,0,0,1,1,No,No,Urban,Coordinate,41.9090285,-87.7949483
21063,202001092608,2020,Under Influence of Alcohol/Drugs,Alcohol,Driving On Wrong Side/Wrong Way,Pedalcyclist,No Controls,Functioning Properly,Rain,Daylight,41.90007919399977,-87.80545463169496,Oak Park,A-Incapacitating injury crash,Yes,No,1,17,53,No,No,No,Yes,Yes,No,District 1,Region 1,(N/A),0,1,Sat,No,No,Yes,No,No,No,No,No,1,0,0,0,1,1,No,No,Urban,Coordinate,41.9000792,-87.8054546
21100,202301082394,2023,Failing to Yield Right of Way,Other,(N/A),Pedalcyclist,No Controls,No Controls,Clear,Daylight,41.88840255901374,-87.78795521853475,Oak Park,B-Non-incapacitating injury crash,Yes,No,2,07,49,No,No,No,Yes,Yes,No,District 1,Region 1,(N/A),0,1,Tue,No,No,Yes,No,No,No,No,No,0,1,0,0,0,1,No,No,Urban,Coordinate,41.8884026,-87.7879552
21226,202301419865,2023,Failing to Yield Right of Way,Other,(N/A),Pedestrian,Traffic Signal,Functioning Properly,Clear,Daylight,41.87971193683113,-87.79426976567007,Oak Park,B-Non-incapacitating injury crash,Yes,No,2,12,41,No,Yes,No,Yes,Yes,Yes,District 1,Region 1,Madison/Oak Park,0,1,Tue,No,Yes,No,No,No,No,No,No,0,1,0,0,0,1,No,No,Urban,Coordinate,41.8797119,-87.7942698
21402,202101067564,2021,Failing to Yield Right of Way,Other,(N/A),Pedestrian,Traffic Signal,Functioning Properly,Clear,Daylight,41.886600059774196,-87.80494231084114,Oak Park,"C-Injury reported, not evident crash",Yes,No,3,10,44,No,No,No,Yes,Yes,No,District 1,Region 1,(N/A),0,1,Wed,No,Yes,No,No,No,No,No,No,0,0,1,0,0,0,No,No,Urban,Coordinate,41.8866001,-87.8049423
21796,202101377143,2021,Failing to Yield Right of Way,Other,(N/A),Pedestrian,Traffic Signal,Functioning Properly,Clear,Daylight,41.88148971825291,-87.79991694012854,Oak Park,B-Non-incapacitating injury crash,Yes,No,2,08,57,No,Yes,No,Yes,Yes,Yes,District 1,Region 1,Home Ave/Washington Blvd,0,1,Mon,No,Yes,No,No,No,No,No,No,0,1,0,0,0,1,No,No,Urban,Coordinate,41.8814897,-87.7999169
21797,202101404588,2021,Improper Lane Usage,Other,Failing to Reduce Speed to Avoid Crash,Parked Motor Vehicle,No Controls,No Controls,Clear,"Darkness, Lighted Road",41.86742257073074,-87.77418545482388,Oak Park,K-Fatal crash,No,Yes,0,06,12,No,No,No,Yes,Yes,No,District 1,Region 1,(N/A),1,0,Sun,No,Yes,No,No,No,No,No,No,0,0,0,0,1,1,No,No,Urban,Coordinate,41.8674226,-87.7741855
21873,202101072565,2021,Disregarding Traffic Signals,Disregarding Traffic Control,Failing to Reduce Speed to Avoid Crash,Pedestrian,Traffic Signal,Functioning Properly,Clear,Darkness,41.87363287949182,-87.80451264104067,Oak Park,A-Incapacitating injury crash,Yes,No,1,21,22,No,Yes,No,Yes,Yes,Yes,District 1,Region 1,Harlem/I290,0,1,Mon,No,Yes,No,No,No,No,No,No,1,0,0,0,1,1,No,No,Urban,Coordinate,41.8736329,-87.8045126
21959,202301422896,2023,Failing to Yield Right of Way,Other,Failing to Reduce Speed to Avoid Crash,Pedestrian,Stop Sign,Functioning Properly,Rain,"Darkness, Lighted Road",41.88817089680445,-87.77980001724309,Oak Park,"C-Injury reported, not evident crash",Yes,No,3,18,19,No,Yes,No,Yes,Yes,Yes,District 1,Region 1,Lake St/N Lombard Ave,0,1,Thu,No,Yes,No,No,No,No,No,No,0,0,1,0,0,0,No,No,Urban,Coordinate,41.8881709,-87.7798
22050,202101073813,2021,Failing to Yield Right of Way,Other,Unable to Determine,Pedalcyclist,No Controls,No Controls,Clear,Daylight,41.908950695034065,-87.7833524803822,Oak Park,A-Incapacitating injury crash,Yes,No,1,10,57,No,No,No,Yes,Yes,Yes,District 1,Region 1,(N/A),0,1,Sat,No,No,Yes,No,No,No,No,No,1,0,0,0,1,1,No,No,Urban,Coordinate,41.9089507,-87.7833525
22211,202101075821,2021,Driving Skills/Knowledge/Experience,Other,Unable to Determine,Pedalcyclist,Traffic Signal,Functioning Properly,Clear,Daylight,41.901699999058955,-87.79485000057127,Oak Park,B-Non-incapacitating injury crash,Yes,No,2,16,15,No,Yes,No,Yes,Yes,No,District 1,Region 1,Division St/N Oak Park Ave,0,1,Mon,No,No,Yes,No,No,No,No,No,0,1,0,0,0,1,No,No,Urban,Coordinate,41.9017,-87.79485
22614,202101274392,2021,Failing to Yield Right of Way,Other,Failing to Reduce Speed to Avoid Crash,Pedalcyclist,Stop Sign,Functioning Properly,Cloudy/Overcast,Daylight,41.87618011978495,-87.78921593247792,Oak Park,B-Non-incapacitating injury crash,Yes,No,2,17,44,No,Yes,No,Yes,Yes,Yes,District 1,Region 1,Jackson Blvd/S East Ave,0,1,Tue,No,No,Yes,No,No,No,No,No,0,1,0,0,0,1,No,No,Urban,Coordinate,41.8761801,-87.7892159
22625,202101079723,2021,Failing to Yield Right of Way,Other,Driving Skills/Knowledge/Experience,Pedestrian,Traffic Signal,Functioning Properly,Blowing Snow,Daylight,41.89078442046736,-87.80511118811214,Oak Park,B-Non-incapacitating injury crash,Yes,No,2,13,00,No,Yes,No,Yes,Yes,No,District 1,Region 1,N Harlem Ave/Quick Ave,0,1,Mon,No,Yes,No,No,No,No,No,No,0,1,0,0,0,1,No,No,Urban,Coordinate,41.8907844,-87.8051112
22818,202301303359,2023,Failing to Yield Right of Way,Other,(N/A),Pedestrian,No Controls,Functioning Properly,Clear,Daylight,41.887333854367355,-87.79268318734898,Oak Park,B-Non-incapacitating injury crash,Yes,No,2,08,20,No,Yes,No,Yes,Yes,Yes,District 1,Region 1,N Euclid Ave/North Blvd,0,1,Thu,No,Yes,No,No,No,No,No,No,0,1,0,0,0,1,No,No,Urban,Coordinate,41.8873339,-87.7926832
23333,202001130246,2020,Disregarding Stop Sign,Disregarding Traffic Control,(N/A),Pedalcyclist,Stop Sign,Functioning Properly,Clear,Daylight,41.89802867844456,-87.79624117746238,Oak Park,A-Incapacitating injury crash,Yes,No,1,15,02,No,Yes,No,Yes,Yes,No,District 1,Region 1,Augusta St/N Grove Ave,0,1,Tue,No,No,Yes,No,No,No,No,No,1,0,0,0,1,1,No,No,Urban,Coordinate,41.8980287,-87.7962412
23408,202301306522,2023,Failing to Yield Right of Way,Other,Failing to Reduce Speed to Avoid Crash,Pedestrian,Stop Sign,Functioning Properly,Clear,Daylight,41.88338724568052,-87.79702497952864,Oak Park,B-Non-incapacitating injury crash,Yes,No,2,14,16,No,Yes,Yes,Yes,Yes,No,District 1,Region 1,Kenilworth/Randolph,0,1,Sat,No,Yes,No,No,No,No,No,No,0,1,0,0,0,1,No,No,Urban,Coordinate,41.8833872,-87.797025
23520,202101087884,2021,Driving Skills/Knowledge/Experience,Other,Unable to Determine,Pedalcyclist,No Controls,No Controls,Clear,Daylight,41.88818164215278,-87.78016669582198,Oak Park,B-Non-incapacitating injury crash,Yes,No,2,17,10,No,No,No,Yes,Yes,No,District 1,Region 1,(N/A),0,1,Wed,No,No,Yes,No,No,No,No,No,0,1,0,0,0,1,No,No,Urban,Coordinate,41.8881816,-87.7801667
23696,202101384153,2021,Failing to Yield Right of Way,Other,Failing to Reduce Speed to Avoid Crash,Pedestrian,Traffic Signal,Functioning Properly,Rain,Daylight,41.86532937889084,-87.7839699734481,Oak Park,0-Property damage crash,No,No,4,13,52,No,Yes,No,Yes,Yes,Yes,District 1,Region 1,Ridgeland Ave/Roosevelt Rd,0,0,Wed,Yes,Yes,No,No,No,No,No,No,0,0,0,1,0,0,No,No,Urban,Coordinate,41.8653294,-87.78397
23808,202301109317,2023,Failing to Yield Right of Way,Other,(N/A),Pedestrian,No Controls,No Controls,Clear,Daylight,41.880029061256934,-87.78283229454946,Oak Park,B-Non-incapacitating injury crash,Yes,No,2,17,24,No,Yes,No,Yes,Yes,No,District 1,Region 1,Cuyler Ave/Madison St,0,2,Mon,No,Yes,No,No,No,No,No,No,0,1,0,0,0,1,No,No,Urban,Coordinate,41.8800291,-87.7828323
23839,202101384239,2021,Failing to Yield Right of Way,Other,Failing to Reduce Speed to Avoid Crash,Pedestrian,Traffic Signal,Functioning Properly,Clear,Daylight,41.87993047994878,-87.7795319660184,Oak Park,B-Non-incapacitating injury crash,Yes,No,2,10,50,Yes,Yes,No,Yes,Yes,Yes,District 1,Region 1,Madison St/S Lombard Ave,0,1,Sun,No,Yes,No,No,No,No,No,No,0,1,0,0,0,1,No,No,Urban,Coordinate,41.8799305,-87.779532
23932,202101282083,2021,Failing to Yield Right of Way,Other,Unable to Determine,Pedestrian,Traffic Signal,Functioning Properly,Rain,Daylight,41.888639999236155,-87.79451000154629,Oak Park,B-Non-incapacitating injury crash,Yes,No,2,14,57,No,Yes,No,Yes,Yes,No,District 1,Region 1,Lake St/N Oak Park Ave,0,1,Tue,No,Yes,No,No,No,No,No,No,0,1,0,0,0,1,No,No,Urban,Coordinate,41.88864,-87.79451
24075,202101385457,2021,Failing to Yield Right of Way,Other,Unable to Determine,Pedestrian,Pedestrian Crossing Sign,Functioning Properly,Cloudy/Overcast,"Darkness, Lighted Road",41.894709999284366,-87.77515000066613,Oak Park,B-Non-incapacitating injury crash,Yes,No,2,19,10,No,Yes,Yes,Yes,Yes,No,District 1,Region 1,Chicago Ave/N Austin Blvd,0,1,Mon,No,Yes,No,No,No,No,No,No,0,1,0,0,0,1,No,No,Urban,Coordinate,41.89471,-87.77515
24467,202101097774,2021,"Evasive Action Due to Animal, Object, Non-Motorist",Other,(N/A),Front to Rear,Other,Functioning Properly,Clear,"Darkness, Lighted Road",41.8721692466743,-87.7901671514295,Oak Park,B-Non-incapacitating injury crash,Yes,No,2,04,58,No,No,No,Yes,Yes,No,District 1,Region 1,(N/A),0,3,Sun,No,Yes,No,No,No,No,No,No,0,1,0,0,0,1,No,No,Urban,Coordinate,41.8721692,-87.7901672
24473,202301312958,2023,Failing to Yield Right of Way,Other,Failing to Reduce Speed to Avoid Crash,Pedestrian,Stop Sign,Functioning Properly,Cloudy/Overcast,Daylight,41.8706299684003,-87.793927131743,Oak Park,B-Non-incapacitating injury crash,Yes,No,2,15,37,No,No,No,Yes,Yes,Yes,District 1,Region 1,(N/A),0,1,Fri,No,Yes,No,No,No,No,No,No,0,1,0,0,0,1,No,No,Urban,Coordinate,41.87063,-87.7939271
24476,202301313084,2023,Failing to Yield Right of Way,Other,Failing to Reduce Speed to Avoid Crash,Pedestrian,Other Warning Sign,Functioning Properly,Clear,Daylight,41.87974764981838,-87.79533161771143,Oak Park,B-Non-incapacitating injury crash,Yes,No,2,18,06,No,No,Yes,Yes,Yes,No,District 1,Region 1,(N/A),0,1,Sat,Yes,Yes,No,No,No,No,No,No,0,1,0,0,0,1,No,No,Urban,Coordinate,41.8797477,-87.7953316
24491,202001148259,2020,Unable to Determine,Other,Unable to Determine,Pedalcyclist,No Controls,No Controls,Clear,Daylight,41.8865542498171,-87.80494032903913,Oak Park,B-Non-incapacitating injury crash,Yes,No,2,16,19,No,Yes,No,Yes,Yes,No,District 1,Region 1,(UNK)/Circle,0,1,Tue,Yes,No,Yes,No,No,No,No,No,0,1,0,0,0,1,No,No,Urban,Coordinate,41.8865543,-87.8049403
24590,202101386930,2021,Failing to Reduce Speed to Avoid Crash,Speed,Disregarding Stop Sign,Pedestrian,No Controls,No Controls,Clear,Darkness,41.90919954553265,-87.7795022575747,Oak Park,A-Incapacitating injury crash,Yes,No,1,06,29,No,No,Yes,Yes,Yes,No,District 1,Region 1,(N/A),0,1,Tue,No,Yes,No,No,No,No,No,No,1,0,0,0,1,1,No,No,Urban,Coordinate,41.9091995,-87.7795023
24591,202101386933,2021,Failing to Yield Right of Way,Other,Unable to Determine,Pedalcyclist,Stop Sign,Functioning Properly,Clear,"Darkness, Lighted Road",41.88331982047393,-87.79997873542165,Oak Park,"C-Injury reported, not evident crash",Yes,No,3,16,35,No,Yes,No,Yes,Yes,Yes,District 1,Region 1,Home Ave/Randolph St,0,1,Tue,No,No,Yes,No,No,No,No,No,0,0,1,0,0,0,No,No,Urban,Coordinate,41.8833198,-87.7999787
24614,202001149845,2020,Disregarding Stop Sign,Disregarding Traffic Control,Unable to Determine,Pedalcyclist,Stop Sign,Functioning Properly,Clear,Daylight,41.89800897221623,-87.79778110004513,Oak Park,A-Incapacitating injury crash,Yes,No,1,17,56,No,Yes,No,Yes,Yes,No,District 1,Region 1,Augusta St/N Kenilworth Ave,0,1,Sun,Yes,No,Yes,No,No,No,No,No,1,0,0,0,1,1,No,No,Urban,Coordinate,41.898009,-87.7977811
24769,202001152295,2020,Failing to Reduce Speed to Avoid Crash,Speed,(N/A),Pedalcyclist,Other Regualtory Sig,Functioning Properly,Clear,Daylight,41.8983129592308,-87.77769318321856,Oak Park,B-Non-incapacitating injury crash,Yes,No,2,17,35,No,Yes,No,Yes,Yes,Yes,District 1,Region 1,Augusta Blvd/Taylor,0,1,Fri,No,No,Yes,No,No,No,No,No,0,1,0,0,0,1,No,No,Urban,Coordinate,41.898313,-87.7776932
24870,202101102243,2021,Failing to Reduce Speed to Avoid Crash,Speed,Unable to Determine,Pedestrian,Traffic Signal,Functioning Properly,Clear,"Darkness, Lighted Road",41.873633716387154,-87.80451953806083,Oak Park,B-Non-incapacitating injury crash,Yes,No,2,03,22,No,Yes,Yes,Yes,Yes,No,District 1,Region 1,Expressway/Harlem Ave,0,1,Sat,No,Yes,No,No,No,No,No,No,0,1,0,0,0,1,No,No,Urban,Coordinate,41.8736337,-87.8045195
24938,202001155519,2020,Driving Skills/Knowledge/Experience,Other,Driving Skills/Knowledge/Experience,Pedestrian,Pedestrian Crossing Sign,Functioning Properly,Rain,"Darkness, Lighted Road",41.88153978337433,-87.79696705300636,Oak Park,B-Non-incapacitating injury crash,Yes,No,2,21,13,No,Yes,No,Yes,Yes,Yes,District 1,Region 1,S Kenilworth Ave/Washington Blvd,0,1,Mon,No,Yes,No,No,No,No,No,No,0,1,0,0,0,1,No,No,Urban,Coordinate,41.8815398,-87.7969671
25005,202301120303,2023,Failing to Reduce Speed to Avoid Crash,Speed,(N/A),Pedalcyclist,Stop Sign,Functioning Properly,Clear,Daylight,41.89452003719023,-87.78812017571695,Oak Park,B-Non-incapacitating injury crash,Yes,No,2,08,05,No,Yes,Yes,Yes,Yes,No,District 1,Region 1,Chicago Ave/Fair Oaks,0,1,Thu,Yes,No,Yes,No,No,No,No,No,0,1,0,0,0,1,No,No,Urban,Coordinate,41.89452,-87.7881202
25111,202001157618,2020,Improper Turning/No Signal,Other,Driving Skills/Knowledge/Experience,Pedalcyclist,Traffic Signal,Functioning Properly,Clear,Daylight,41.88503064124446,-87.79441000098105,Oak Park,B-Non-incapacitating injury crash,Yes,No,2,12,36,No,Yes,No,Yes,Yes,Yes,District 1,Region 1,Pleasant St/S Oak Park Ave,0,1,Wed,No,No,Yes,No,No,No,No,No,0,1,0,0,0,1,No,No,Urban,Coordinate,41.8850306,-87.79441
25420,202201112543,2022,Failing to Yield Right of Way,Other,Failing to Reduce Speed to Avoid Crash,Pedestrian,No Controls,No Controls,Cloudy/Overcast,Daylight,41.879855884555276,-87.79180702979475,Oak Park,B-Non-incapacitating injury crash,Yes,No,2,15,17,No,Yes,No,Yes,Yes,Yes,District 1,Region 1,Madison St/Wesley Ave,0,1,Thu,Yes,Yes,No,No,No,No,No,No,0,1,0,0,0,1,No,No,Urban,Coordinate,41.8798559,-87.791807
25421,202201112545,2022,Failing to Yield Right of Way,Other,Unable to Determine,Pedestrian,Pedestrian Crossing Sign,Functioning Properly,Freezing Rain or Freezing Drizzle,Daylight,41.908911463096985,-87.80053399592427,Oak Park,B-Non-incapacitating injury crash,Yes,No,2,17,02,No,Yes,Yes,Yes,Yes,No,District 1,Region 1,North Av/Woodbine,0,2,Thu,No,Yes,No,No,No,No,No,No,0,1,0,0,0,1,No,No,Urban,Coordinate,41.9089115,-87.800534
25475,202401172617,2024,Failing to Yield Right of Way,Other,(N/A),Pedestrian,No Controls,No Controls,Clear,Daylight,41.87470170457898,-87.79968480679871,Oak Park,"C-Injury reported, not evident crash",Yes,No,3,15,56,No,No,No,Yes,Yes,No,District 1,Region 1,(N/A),0,1,Fri,No,Yes,No,No,No,No,No,No,0,0,1,0,0,0,No,No,Urban,Coordinate,41.8747017,-87.7996848
25476,202401172626,2024,Failing to Yield Right of Way,Other,Failing to Reduce Speed to Avoid Crash,Pedestrian,Stop Sign,Functioning Properly,Rain,Daylight,41.89017005133746,-87.79753855424487,Oak Park,B-Non-incapacitating injury crash,Yes,No,2,15,04,No,Yes,No,Yes,Yes,Yes,District 1,Region 1,N Kenilworth Ave/Ontario St,0,1,Sat,No,Yes,No,No,No,No,No,No,0,1,0,0,0,1,No,No,Urban,Coordinate,41.8901701,-87.7975386
25722,202201123464,2022,Driving Skills/Knowledge/Experience,Other,Unable to Determine,Pedalcyclist,No Controls,No Controls,Rain,"Darkness, Lighted Road",41.86881240676743,-87.79387059261217,Oak Park,B-Non-incapacitating injury crash,Yes,No,2,21,14,No,No,Yes,Yes,Yes,No,District 1,Region 1,(N/A),0,1,Wed,No,No,Yes,No,No,No,No,No,0,1,0,0,0,1,No,No,Urban,Coordinate,41.8688124,-87.7938706
25894,202201128855,2022,Failing to Reduce Speed to Avoid Crash,Speed,(N/A),Pedestrian,No Controls,No Controls,Rain,Daylight,41.86705099493389,-87.7766239558886,Oak Park,A-Incapacitating injury crash,Yes,No,1,12,10,No,No,No,Yes,Yes,Yes,District 1,Region 1,(N/A),0,1,Sun,No,Yes,No,No,No,No,No,No,1,0,0,0,1,1,No,No,Urban,Coordinate,41.867051,-87.776624
26229,202401191512,2024,Failing to Yield Right of Way,Other,Improper Lane Usage,Pedalcyclist,Traffic Signal,Functioning Properly,Clear,Dusk,41.86502046851911,-87.8042100158194,Oak Park,B-Non-incapacitating injury crash,Yes,No,2,19,46,No,Yes,No,Yes,Yes,Yes,District 1,Region 1,Roosevelt Rd/S Harlem Ave,0,1,Fri,No,No,Yes,No,No,No,No,No,0,1,0,0,0,1,No,No,Urban,Coordinate,41.8650205,-87.80421
26321,202201144769,2022,(N/A),Other,(N/A),Pedestrian,No Controls,No Controls,Rain,Daylight,41.88328399646644,-87.798507106214,Oak Park,B-Non-incapacitating injury crash,Yes,No,2,15,34,No,No,No,Yes,Yes,No,District 1,Region 1,(N/A),0,1,Fri,No,Yes,No,No,No,No,No,No,0,1,0,0,0,1,No,No,Urban,Coordinate,41.883284,-87.7985071
26442,202201149153,2022,Improper Lane Usage,Other,Failing to Reduce Speed to Avoid Crash,Parked Motor Vehicle,Other,Functioning Properly,Clear,"Darkness, Lighted Road",41.87094680188171,-87.77447175809225,Oak Park,A-Incapacitating injury crash,Yes,No,1,00,26,No,No,Yes,Yes,Yes,Yes,District 1,Region 1,(N/A),0,1,Sun,No,Yes,No,No,No,No,No,No,1,0,0,0,1,1,No,No,Urban,Coordinate,41.8709468,-87.7744718
26600,202201155913,2022,Failing to Reduce Speed to Avoid Crash,Speed,(N/A),Pedalcyclist,Stop Sign,Functioning Properly,Clear,Daylight,41.875409872237,-87.79972867139907,Oak Park,B-Non-incapacitating injury crash,Yes,No,2,07,44,No,Yes,Yes,Yes,Yes,Yes,District 1,Region 1,Home Ave/Jackson Blvd,0,1,Mon,No,No,Yes,No,No,No,No,No,0,1,0,0,0,1,No,No,Urban,Coordinate,41.8754099,-87.7997287
26601,202201155919,2022,Failing to Yield Right of Way,Other,Disregarding Other Traffic Signs,Pedalcyclist,Traffic Signal,Functioning Properly,Clear,Daylight,41.888559999096806,-87.80502000068114,Oak Park,B-Non-incapacitating injury crash,Yes,No,2,16,44,No,Yes,No,No,Yes,Yes,District 1,Region 1,Lake St/N Harlem Ave,0,1,Mon,Yes,No,Yes,No,No,No,No,No,0,1,0,0,0,1,No,No,Urban,Coordinate,41.88856,-87.80502
26618,202401200812,2024,Failing to Yield Right of Way,Other,(N/A),Pedestrian,Flashing Control Signal,Functioning Properly,Clear,Daylight,41.888559999096806,-87.80502000068114,Oak Park,A-Incapacitating injury crash,Yes,No,1,18,45,No,Yes,No,Yes,Yes,Yes,District 1,Region 1,Lake St/N Harlem Ave,0,1,Mon,No,Yes,No,No,No,No,No,No,1,0,0,0,1,1,No,No,Urban,Coordinate,41.88856,-87.80502
26996,202201170738,2022,Disregarding Stop Sign,Disregarding Traffic Control,Unable to Determine,Pedalcyclist,Stop Sign,Functioning Properly,Clear,Daylight,41.88842012229782,-87.78795503042845,Oak Park,B-Non-incapacitating injury crash,Yes,No,2,13,50,No,Yes,No,Yes,Yes,Yes,District 1,Region 1,Lake St/N Scoville Ave,0,1,Tue,Yes,No,Yes,No,No,No,No,No,0,1,0,0,0,1,No,No,Urban,Coordinate,41.8884201,-87.787955
27084,202201173269,2022,Turning Right On Red,Other,Failing to Yield Right of Way,Pedestrian,Traffic Signal,Functioning Properly,Clear,Daylight,41.87961941345,-87.8023222782763,Oak Park,A-Incapacitating injury crash,Yes,No,1,09,50,No,Yes,Yes,Yes,Yes,No,District 1,Region 1,Madison St/Wisconsin Ave,0,1,Tue,No,Yes,No,No,No,No,No,No,1,0,0,0,1,1,No,No,Urban,Coordinate,41.8796194,-87.8023223
27178,202201175899,2022,Failing to Reduce Speed to Avoid Crash,Speed,Failing to Yield Right of Way,Pedestrian,Traffic Signal,Functioning Properly,Clear,"Darkness, Lighted Road",41.87366192802351,-87.80321763603025,Oak Park,A-Incapacitating injury crash,Yes,No,1,20,49,Yes,No,Yes,Yes,Yes,No,District 1,Region 1,(N/A),0,1,Sun,No,Yes,No,No,No,No,No,No,1,0,0,0,1,1,No,No,Urban,Coordinate,41.8736619,-87.8032176
27362,202201181517,2022,Failing to Reduce Speed to Avoid Crash,Speed,Improper Lane Usage,Pedalcyclist,No Controls,No Controls,Clear,Daylight,41.87612679420639,-87.79294837426048,Oak Park,A-Incapacitating injury crash,Yes,No,1,12,42,Yes,No,Yes,Yes,Yes,Yes,District 1,Region 1,(N/A),0,1,Sat,No,No,Yes,No,No,No,No,No,1,0,0,0,1,1,No,No,Urban,Coordinate,41.8761268,-87.7929484
27365,202201181581,2022,Unable to Determine,Other,Unable to Determine,Parked Motor Vehicle,No Controls,No Controls,Clear,Daylight,41.879894172662574,-87.7895293166942,Oak Park,"C-Injury reported, not evident crash",Yes,No,3,17,24,No,No,Yes,Yes,Yes,No,District 1,Region 1,(N/A),0,1,Fri,No,Yes,No,No,No,No,No,No,0,0,1,0,0,0,No,No,Urban,Coordinate,41.8798942,-87.7895293
27830,202401225441,2024,Improper Lane Usage,Other,Driving Skills/Knowledge/Experience,Pedalcyclist,No Controls,No Controls,Clear,Daylight,41.89791666413566,-87.80201507176878,Oak Park,B-Non-incapacitating injury crash,Yes,No,2,14,42,No,Yes,No,Yes,Yes,No,District 1,Region 1,Augusta St/Belleforte Ave,0,1,Mon,Yes,No,Yes,No,No,No,No,No,0,1,0,0,0,1,No,No,Urban,Coordinate,41.8979167,-87.8020151
27963,202201199148,2022,Failing to Yield Right of Way,Other,Failing to Yield Right of Way,Pedalcyclist,Stop Sign,Not Functioning,Clear,Daylight,41.87618019675591,-87.7892100233182,Oak Park,"C-Injury reported, not evident crash",Yes,No,3,08,22,No,Yes,No,Yes,Yes,No,District 1,Region 1,East Ave/Jackson Blvd,0,1,Thu,No,No,Yes,No,No,No,No,No,0,0,1,0,0,0,No,No,Urban,Coordinate,41.8761802,-87.78921
28102,202201204293,2022,Vision Obscured,Other,(N/A),Pedestrian,Traffic Signal,Unknown,Clear,Daylight,41.908775715474604,-87.80577698114948,Oak Park,B-Non-incapacitating injury crash,Yes,No,2,19,35,No,Yes,No,Yes,Yes,No,District 1,Region 1,N Harlem/North Ave,0,1,Fri,Yes,Yes,No,No,No,No,No,No,0,1,0,0,0,1,No,No,Urban,Coordinate,41.9087757,-87.805777
28115,202401231293,2024,Failing to Reduce Speed to Avoid Crash,Speed,Unable to Determine,Pedalcyclist,No Controls,No Controls,Clear,Daylight,41.88,-87.80173,Oak Park,0-Property damage crash,No,No,4,14,09,No,No,No,Yes,Yes,No,District 1,Region 1,(N/A),0,0,Thu,No,No,Yes,No,No,No,No,No,0,0,0,1,0,0,No,No,Rural,Coordinate,41.88,-87.80173
28170,202401232011,2024,Failing to Yield Right of Way,Other,(N/A),Pedestrian,Traffic Signal,Functioning Properly,Clear,Daylight,41.89424,-87.80286,Oak Park,B-Non-incapacitating injury crash,Yes,No,2,17,54,No,Yes,No,Yes,Yes,Yes,District 1,Region 1,Chicago Ave/N Marion St,0,1,Thu,No,Yes,No,No,No,No,No,No,0,1,0,0,0,1,No,No,Urban,Coordinate,41.89424,-87.80286
28339,202401235890,2024,Failing to Yield Right of Way,Other,Failing to Reduce Speed to Avoid Crash,Pedalcyclist,Stop Sign,Functioning Properly,Clear,Daylight,41.87637,-87.77573,Oak Park,0-Property damage crash,No,No,4,08,03,No,Yes,No,Yes,Yes,No,District 1,Region 1,Jackson Blvd/S Humphrey Ave,0,0,Thu,No,No,Yes,No,No,No,No,No,0,0,0,1,0,0,No,No,Urban,Coordinate,41.87637,-87.77573
28525,202401239883,2024,Improper Lane Usage,Other,Failing to Reduce Speed to Avoid Crash,Pedalcyclist,No Controls,No Controls,Clear,Daylight,41.88718,-87.80244,Oak Park,0-Property damage crash,No,No,4,14,12,No,Yes,No,Yes,Yes,No,District 1,Region 1,N Marion St/North Blvd,0,0,Fri,No,No,Yes,No,No,No,No,No,0,0,0,1,0,0,No,No,Urban,Coordinate,41.88718,-87.80244
28526,202401239927,2024,Improper Lane Usage,Other,Failing to Reduce Speed to Avoid Crash,Pedalcyclist,No Controls,No Controls,Clear,"Darkness, Lighted Road",41.8781673785665,-87.80465965973595,Oak Park,A-Incapacitating injury crash,Yes,No,1,21,48,No,No,No,Yes,Yes,Yes,District 1,Region 1,(N/A),0,1,Sat,No,No,Yes,No,No,No,No,No,1,0,0,0,1,1,No,No,Urban,Coordinate,41.8781674,-87.8046597
28602,202201220129,2022,Failing to Yield Right of Way,Other,Failing to Reduce Speed to Avoid Crash,Pedestrian,No Controls,No Controls,Clear,Daylight,41.87984866787233,-87.78600710247774,Oak Park,B-Non-incapacitating injury crash,Yes,No,2,13,04,No,No,No,Yes,Yes,No,District 1,Region 1,(N/A),0,1,Mon,No,Yes,No,No,No,No,No,No,0,1,0,0,0,1,No,No,Urban,Coordinate,41.8798487,-87.7860071
28845,202201227729,2022,Failing to Yield Right of Way,Other,Failing to Reduce Speed to Avoid Crash,Pedalcyclist,Stop Sign,Functioning Properly,Cloudy/Overcast,Daylight,41.89800733211457,-87.79778105041771,Oak Park,B-Non-incapacitating injury crash,Yes,No,2,12,07,No,Yes,No,Yes,Yes,Yes,District 1,Region 1,Augusta St/N Kenilworth Ave,0,1,Thu,No,No,Yes,No,No,No,No,No,0,1,0,0,0,1,No,No,Urban,Coordinate,41.8980073,-87.797781
29103,202201235136,2022,Failing to Reduce Speed to Avoid Crash,Speed,Failing to Yield Right of Way,Pedestrian,No Controls,No Controls,Clear,"Darkness, Lighted Road",41.87035913689186,-87.77919339770814,Oak Park,A-Incapacitating injury crash,Yes,No,1,22,49,No,No,No,Yes,Yes,Yes,District 1,Region 1,(N/A),0,1,Tue,No,Yes,No,No,No,No,No,No,1,0,0,0,1,1,No,No,Urban,Coordinate,41.8703591,-87.7791934
29419,202401257650,2024,Failing to Yield Right of Way,Other,Failing to Reduce Speed to Avoid Crash,Pedalcyclist,No Controls,Functioning Properly,Clear,Daylight,41.90722,-87.78871,Oak Park,B-Non-incapacitating injury crash,Yes,No,2,08,48,No,Yes,No,Yes,Yes,No,District 1,Region 1,Fair Oaks Ave/Le Moyne Pkwy,0,1,Tue,No,No,Yes,No,No,No,No,No,0,1,0,0,0,1,No,No,Urban,Coordinate,41.90722,-87.78871
29634,202401260791,2024,Failing to Yield Right of Way,Other,Unable to Determine,Pedalcyclist,No Controls,No Controls,Unknown,Unknown,41.89465774639204,-87.77844186853815,Oak Park,B-Non-incapacitating injury crash,Yes,No,2,17,30,No,No,Yes,Yes,Yes,No,District 1,Region 1,(N/A),0,1,Thu,Yes,No,Yes,No,No,No,No,No,0,1,0,0,0,1,No,No,Urban,Coordinate,41.8946577,-87.7784419
30035,202401267814,2024,Unable to Determine,Other,Unable to Determine,Pedestrian,No Controls,No Controls,Clear,"Darkness, Lighted Road",41.88715,-87.80238,Oak Park,B-Non-incapacitating injury crash,Yes,No,2,20,37,No,No,No,Yes,Yes,Yes,District 1,Region 1,(N/A),0,1,Thu,No,Yes,No,No,No,No,No,No,0,1,0,0,0,1,No,No,Urban,Coordinate,41.88715,-87.80238
30143,202201264942,2022,Failing to Reduce Speed to Avoid Crash,Speed,(N/A),Pedalcyclist,Traffic Signal,Functioning Properly,Clear,"Darkness, Lighted Road",41.86881239883796,-87.79387102066818,Oak Park,B-Non-incapacitating injury crash,Yes,No,2,20,34,No,Yes,No,Yes,Yes,Yes,District 1,Region 1,Harvard St/S Oak Park Ave,0,1,Fri,No,No,Yes,No,No,No,No,No,0,1,0,0,0,1,No,No,Urban,Coordinate,41.8688124,-87.793871
30501,202401277793,2024,(N/A),Other,(N/A),Pedalcyclist,Traffic Signal,Functioning Properly,Clear,Daylight,41.909170008333284,-87.78190322746191,Oak Park,B-Non-incapacitating injury crash,Yes,No,2,21,43,No,No,Yes,Yes,Yes,No,District 1,Region 1,(N/A),0,1,Thu,No,No,Yes,No,No,No,No,No,0,1,0,0,0,1,No,No,Urban,Coordinate,41.90917,-87.7819032
30533,202201275915,2022,Failing to Yield Right of Way,Other,Unable to Determine,Pedalcyclist,No Controls,No Controls,Clear,Daylight,41.90378658444084,-87.78417042267202,Oak Park,B-Non-incapacitating injury crash,Yes,No,2,09,31,No,Yes,No,Yes,Yes,Yes,District 1,Region 1,Berkshire St/N Ridgeland Ave,0,1,Mon,Yes,No,Yes,No,No,No,No,No,0,1,0,0,0,1,No,No,Urban,Coordinate,41.9037866,-87.7841704
30534,202201275949,2022,Failing to Yield Right of Way,Other,Unable to Determine,Pedalcyclist,No Controls,No Controls,Clear,Dusk,41.88692245172246,-87.78138707095286,Oak Park,B-Non-incapacitating injury crash,Yes,No,2,18,57,No,No,No,Yes,Yes,No,District 1,Region 1,(N/A),0,1,Mon,No,No,Yes,No,No,No,No,No,0,1,0,0,0,1,No,No,Urban,Coordinate,41.8869225,-87.7813871
31098,202201291640,2022,Failing to Yield Right of Way,Other,Failing to Reduce Speed to Avoid Crash,Pedestrian,Traffic Signal,Functioning Properly,Cloudy/Overcast,"Darkness, Lighted Road",41.888590862046925,-87.79269191374756,Oak Park,B-Non-incapacitating injury crash,Yes,No,2,19,25,No,Yes,Yes,Yes,Yes,No,District 1,Region 1,Lake St/N Euclid Ave,0,1,Fri,No,Yes,No,No,No,No,No,No,0,1,0,0,0,1,No,No,Urban,Coordinate,41.8885909,-87.7926919
31254,202201295522,2022,Failing to Yield Right of Way,Other,(N/A),Pedestrian,No Controls,No Controls,Clear,Dusk,41.89808223503069,-87.79282350148712,Oak Park,B-Non-incapacitating injury crash,Yes,No,2,18,31,No,No,No,Yes,Yes,No,District 1,Region 1,(N/A),0,1,Thu,No,Yes,No,No,No,No,No,No,0,1,0,0,0,1,No,No,Urban,Coordinate,41.8980822,-87.7928235
31534,202201302957,2022,Failing to Yield Right of Way,Other,Unable to Determine,Pedalcyclist,No Controls,No Controls,Clear,Daylight,41.90191189105324,-87.78135264423156,Oak Park,B-Non-incapacitating injury crash,Yes,No,2,08,59,No,Yes,No,Yes,Yes,Yes,District 1,Region 1,Division St/Mapleton Ave,0,1,Wed,No,No,Yes,No,No,No,No,No,0,1,0,0,0,1,No,No,Urban,Coordinate,41.9019119,-87.7813526
31574,202201304140,2022,Improper Overtaking/Passing,Other,Failing to Reduce Speed to Avoid Crash,Pedalcyclist,Stop Sign,Functioning Properly,Clear,Daylight,41.87618019386425,-87.7892102192197,Oak Park,B-Non-incapacitating injury crash,Yes,No,2,15,18,No,Yes,Yes,Yes,Yes,No,District 1,Region 1,Jackson Blvd/S East Ave,0,1,Mon,No,No,Yes,No,No,No,No,No,0,1,0,0,0,1,No,No,Urban,Coordinate,41.8761802,-87.7892102
31650,202401304084,2024,Failing to Yield Right of Way,Other,Failing to Reduce Speed to Avoid Crash,Pedalcyclist,Pedestrian Crossing Sign,Functioning Properly,Clear,Daylight,41.89452006235924,-87.78812110110555,Oak Park,"C-Injury reported, not evident crash",Yes,No,3,15,29,No,No,Yes,No,Yes,No,District 1,Region 1,(N/A),0,1,Mon,No,No,Yes,No,No,No,No,No,0,0,1,0,0,0,No,No,Urban,Coordinate,41.8945201,-87.7881211
31675,202201307145,2022,Driving Skills/Knowledge/Experience,Other,Driving Skills/Knowledge/Experience,Pedalcyclist,Stop Sign,Functioning Properly,Rain,"Darkness, Lighted Road",41.899711577019424,-87.80391826133716,Oak Park,B-Non-incapacitating injury crash,Yes,No,2,20,42,No,Yes,No,Yes,Yes,Yes,District 1,Region 1,N Marion St/Thomas St,0,1,Sun,Yes,No,Yes,No,No,No,No,No,0,1,0,0,0,1,No,No,Urban,Coordinate,41.8997116,-87.8039183
31982,202401303146,2024,Failing to Yield Right of Way,Other,Disregarding Stop Sign,Pedalcyclist,Stop Sign,Functioning Properly,Clear,"Darkness, Lighted Road",41.899749838158996,-87.79237089485179,Oak Park,A-Incapacitating injury crash,Yes,No,1,21,13,No,Yes,No,Yes,Yes,No,District 1,Region 1,Linden Ave/Thomas St,0,3,Fri,Yes,No,Yes,No,No,No,No,No,1,0,0,0,1,1,No,No,Urban,Coordinate,41.8997498,-87.7923709
32239,202401308089,2024,Failing to Reduce Speed to Avoid Crash,Speed,Failing to Yield Right of Way,Pedestrian,Stop Sign,Functioning Properly,Cloudy/Overcast,"Darkness, Lighted Road",41.87056,-87.79784,Oak Park,A-Incapacitating injury crash,Yes,No,1,19,31,No,Yes,No,Yes,Yes,Yes,District 1,Region 1,Clinton Ave/Lexington St,0,1,Tue,No,Yes,No,No,No,No,No,No,1,0,0,0,1,1,No,No,Urban,Coordinate,41.87056,-87.79784
32240,202401308158,2024,Unable to Determine,Other,Unable to Determine,Pedestrian,Traffic Signal,Functioning Properly,Rain,Dawn,41.88155,-87.79427,Oak Park,"C-Injury reported, not evident crash",Yes,No,3,06,39,No,Yes,No,Yes,Yes,Yes,District 1,Region 1,S Oak Park Ave/Washington Blvd,0,1,Tue,No,Yes,No,No,No,No,No,No,0,0,1,0,0,0,No,No,Urban,Coordinate,41.88155,-87.79427
32290,202201324053,2022,Failing to Yield Right of Way,Other,(N/A),Pedalcyclist,Stop Sign,Functioning Properly,Clear,Daylight,41.88676529467582,-87.80248481021417,Oak Park,A-Incapacitating injury crash,Yes,No,1,16,20,No,Yes,No,Yes,Yes,No,District 1,Region 1,S Marion St/South Blvd,0,1,Fri,No,No,Yes,No,No,No,No,No,1,0,0,0,1,1,No,No,Urban,Coordinate,41.8867653,-87.8024848
32359,202201325661,2022,Failing to Yield Right of Way,Other,Driving Skills/Knowledge/Experience,Pedalcyclist,Stop Sign,Functioning Properly,Clear,Daylight,41.89817362626566,-87.78825445768253,Oak Park,B-Non-incapacitating injury crash,Yes,No,2,15,32,No,Yes,No,Yes,Yes,No,District 1,Region 1,Augusta St/Fair Oaks Ave,0,2,Thu,No,No,Yes,No,No,No,No,No,0,1,0,0,0,1,No,No,Urban,Coordinate,41.8981736,-87.7882545
32473,202401312250,2024,Failing to Yield Right of Way,Other,(N/A),Pedalcyclist,Traffic Signal,Functioning Properly,Clear,Daylight,41.89055001440769,-87.80510884505141,Oak Park,"C-Injury reported, not evident crash",Yes,No,3,08,04,No,Yes,No,Yes,Yes,Yes,District 1,Region 1,Harlem Ave/Ontario St,0,1,Thu,No,No,Yes,No,No,No,No,No,0,0,1,0,0,0,No,No,Urban,Coordinate,41.89055,-87.8051088
32533,202201330448,2022,Failing to Yield Right of Way,Other,(N/A),Pedestrian,Traffic Signal,Functioning Properly,Clear,"Darkness, Lighted Road",41.88157924430205,-87.79432997694069,Oak Park,B-Non-incapacitating injury crash,Yes,No,2,20,35,No,Yes,No,Yes,Yes,Yes,District 1,Region 1,(UNK)/S Oak Park Ave,0,1,Thu,No,Yes,No,No,No,No,No,No,0,1,0,0,0,1,No,No,Urban,Coordinate,41.8815792,-87.79433
32592,202401315313,2024,Unable to Determine,Other,Unable to Determine,Pedalcyclist,No Controls,No Controls,Cloudy/Overcast,Daylight,41.879749984929205,-87.79539958728228,Oak Park,"C-Injury reported, not evident crash",Yes,No,3,16,35,No,Yes,No,Yes,Yes,Yes,District 1,Region 1,Madison St/S Grove Ave,0,1,Fri,No,No,Yes,No,No,No,No,No,0,0,1,0,0,0,No,No,Urban,Coordinate,41.87975,-87.7953996
32914,202401322956,2024,Unable to Determine,Other,(N/A),Pedestrian,Traffic Signal,Functioning Properly,Clear,"Darkness, Lighted Road",41.87104997419413,-87.77428959936309,Oak Park,B-Non-incapacitating injury crash,Yes,No,2,23,30,No,Yes,No,Yes,Yes,No,District 1,Region 1,(UNK)/S Austin Blvd,0,1,Wed,No,Yes,No,No,No,No,No,No,0,1,0,0,0,1,No,No,Urban,Coordinate,41.87105,-87.7742896
32980,202201345504,2022,Failing to Reduce Speed to Avoid Crash,Speed,Unable to Determine,Pedestrian,No Controls,No Controls,Clear,"Darkness, Lighted Road",41.865040791742686,-87.8027599162765,Oak Park,"C-Injury reported, not evident crash",Yes,No,3,19,16,No,No,Yes,Yes,Yes,No,District 1,Region 1,(N/A),0,1,Wed,No,Yes,No,No,No,No,No,No,0,0,1,0,0,0,No,No,Urban,Coordinate,41.8650408,-87.8027599
32994,202401323977,2024,Failing to Yield Right of Way,Other,Failing to Yield Right of Way,Pedalcyclist,No Controls,No Controls,Clear,Daylight,41.89453,-87.78488,Oak Park,B-Non-incapacitating injury crash,Yes,No,2,15,35,No,No,No,Yes,Yes,No,District 1,Region 1,(N/A),0,1,Fri,Yes,No,Yes,No,No,No,No,No,0,1,0,0,0,1,No,No,Urban,Coordinate,41.89453,-87.78488
33058,202401325222,2024,Vision Obscured,Other,(N/A),Pedestrian,No Controls,No Controls,Clear,Daylight,41.86891,-87.78899,Oak Park,B-Non-incapacitating injury crash,Yes,No,2,11,06,No,No,No,Yes,Yes,No,District 1,Region 1,(N/A),0,1,Sun,No,Yes,No,No,No,No,No,No,0,1,0,0,0,1,No,No,Urban,Coordinate,41.86891,-87.78899
33059,202401325238,2024,Failing to Reduce Speed to Avoid Crash,Speed,Distraction - From Inside Vehicle,Pedestrian,No Controls,No Controls,Clear,Darkness,41.88078,-87.79262,Oak Park,"C-Injury reported, not evident crash",Yes,No,3,01,55,No,No,No,Yes,Yes,Yes,District 1,Region 1,(N/A),0,1,Mon,No,Yes,No,No,No,No,No,No,0,0,1,0,0,0,No,No,Urban,Coordinate,41.88078,-87.79262
33225,202201351126,2022,Failing to Yield Right of Way,Other,Failing to Reduce Speed to Avoid Crash,Pedalcyclist,Stop Sign,Functioning Properly,Clear,"Darkness, Lighted Road",41.88512759998009,-87.78949956762592,Oak Park,A-Incapacitating injury crash,Yes,No,1,18,19,No,Yes,No,Yes,Yes,No,District 1,Region 1,Pleasant St/S East Ave,0,1,Thu,Yes,No,Yes,No,No,No,No,No,1,0,0,0,1,1,No,No,Urban,Coordinate,41.8851276,-87.7894996
33226,202201351128,2022,Failing to Yield Right of Way,Other,(N/A),Pedestrian,Traffic Signal,Functioning Properly,Clear,Daylight,41.887843639504815,-87.77487613204806,Oak Park,B-Non-incapacitating injury crash,Yes,No,2,11,04,No,No,No,Yes,Yes,Yes,District 1,Region 1,(N/A),0,1,Fri,No,Yes,No,No,No,No,No,No,0,1,0,0,0,1,No,No,Urban,Coordinate,41.8878436,-87.7748761
33317,202201038987,2022,Failing to Yield Right of Way,Other,Failing to Reduce Speed to Avoid Crash,Pedestrian,Pedestrian Crossing Sign,Functioning Properly,Clear,Darkness,,,Oak Park,B-Non-incapacitating injury crash,Yes,No,2,18,53,No,No,Yes,Yes,Yes,No,District 1,Region 1,(N/A),0,2,Fri,No,Yes,No,No,No,No,No,No,0,1,0,0,0,1,No,No,(UNK),CrashCity,41.88865,-87.794492
