tax_year,agency_id,agency_code,agency_name,agency_label,agency_type,eav,total_levy,final_rate,extension,oak_park_eav_share,oak_park_extension,report_format,source_pdf,note
2006,020180000,02-0180-000,TOWN OAK PARK,Oak Park Township,Township,1461989313,1908552,0.126,1842106.53,1.0,1842106.53,legacy,020180000_2006.pdf,
2006,020180002,02-0180-002,GENERAL ASSISTANCE,Oak Park Township General Assistance,Township,1461989313,415090,0.028,409357.01,1.0,409357.01,legacy,020180002_2006.pdf,
2006,020180004,02-0180-004,OAK PARK MENTAL HEALTH DISTRICT,Oak Park Township Mental Health Board,Township,1461989313,1309529,0.087,1271930.70,1.0,1271930.70,legacy,020180004_2006.pdf,
2006,030920000,03-0920-000,VILLAGE OF,Village of Oak Park,Municipality,1461989313,16350345,1.119,16359660.41,1.0,16359660.41,legacy,030920000_2006.pdf,
2006,030920001,03-0920-001,VILLAGE OF OAK PARK LIBRARY FUND,Oak Park Public Library,Library,1461989313,7613544,0.521,7616964.32,1.0,7616964.32,legacy,030920001_2006.pdf,
2006,040580000,04-0580-000,SCHOOL DISTRICT 97,Oak Park Elementary School District 97,Grade School,1461989313,47447058,3.136,45847984.86,1.0,45847984.86,legacy,040580000_2006.pdf,
2006,042020000,04-2020-000,CONSOLIDATED HIGH SCHOOL 200,Oak Park and River Forest High School District 200,High School,1953712946,58765851,2.905,56755361.08,0.748313,42470789.54,legacy,042020000_2006.pdf,"District 200 also serves River Forest; eav/extension are the full district, oak_park_extension is prorated by Oak Park's share of District 200 EAV"
2006,050760000,05-0760-000,OAK PARK PARK DISTRICT,Park District of Oak Park,Parks,1461989313,6348104,0.435,6359653.51,1.0,6359653.51,legacy,050760000_2006.pdf,
2007,020180000,02-0180-000,TOWN OAK PARK,Oak Park Township,Township,1537939260,1993926,0.124,1907044.68,1.0,1907044.68,legacy,020180000_2007.pdf,
2007,020180002,02-0180-002,GENERAL ASSISTANCE,Oak Park Township General Assistance,Township,1537939260,473800,0.03,461381.78,1.0,461381.78,legacy,020180002_2007.pdf,
2007,020180004,02-0180-004,OAK PARK MENTAL HEALTH DISTRICT,Oak Park Township Mental Health Board,Township,1537939260,1342841,0.084,1291868.98,1.0,1291868.98,legacy,020180004_2007.pdf,
2007,030920000,03-0920-000,VILLAGE OF,Village of Oak Park,Municipality,1537939260,17377715,1.13,17378713.64,1.0,17378713.64,legacy,030920000_2007.pdf,
2007,030920001,03-0920-001,VILLAGE OF OAK PARK LIBRARY FUND,Oak Park Public Library,Library,1537939260,7843875,0.51,7843490.23,1.0,7843490.23,legacy,030920001_2007.pdf,
2007,040580000,04-0580-000,SCHOOL DISTRICT 97,Oak Park Elementary School District 97,Grade School,1537939260,48923897,3.059,47045561.96,1.0,47045561.96,legacy,040580000_2007.pdf,
2007,042020000,04-2020-000,CONSOLIDATED HIGH SCHOOL 200,Oak Park and River Forest High School District 200,High School,2053605186,60890442,2.848,58486675.70,0.748897,43800510.13,legacy,042020000_2007.pdf,"District 200 also serves River Forest; eav/extension are the full district, oak_park_extension is prorated by Oak Park's share of District 200 EAV"
2007,050760000,05-0760-000,OAK PARK PARK DISTRICT,Park District of Oak Park,Parks,1537939260,6865795,0.447,6874588.49,1.0,6874588.49,legacy,050760000_2007.pdf,
2008,020180000,02-0180-000,TOWN OAK PARK,Oak Park Township,Township,1740601475,2157619,0.12,2088721.77,1.0,2088721.77,legacy,020180000_2008.pdf,
2008,020180002,02-0180-002,GENERAL ASSISTANCE,Oak Park Township General Assistance,Township,1740601475,434660,0.025,435150.37,1.0,435150.37,legacy,020180002_2008.pdf,
2008,020180004,02-0180-004,OAK PARK MENTAL HEALTH DISTRICT,Oak Park Township Mental Health Board,Township,1740601475,1385180,0.077,1340263.14,1.0,1340263.14,legacy,020180004_2008.pdf,
2008,030920000,03-0920-000,VILLAGE OF,Village of Oak Park,Municipality,1740601475,19270178,1.107,19268458.33,1.0,19268458.33,legacy,030920000_2008.pdf,
2008,030920001,03-0920-001,VILLAGE OF OAK PARK LIBRARY FUND,Oak Park Public Library,Library,1740601475,7936450,0.456,7937142.73,1.0,7937142.73,legacy,030920001_2008.pdf,
2008,040580000,04-0580-000,SCHOOL DISTRICT 97,Oak Park Elementary School District 97,Grade School,1740601475,49860645,2.809,48893495.43,1.0,48893495.43,legacy,040580000_2008.pdf,
2008,042020000,04-2020-000,CONSOLIDATED HIGH SCHOOL 200,Oak Park and River Forest High School District 200,High School,2337528355,63514824,2.617,61173117.05,0.744633,45551540.60,legacy,042020000_2008.pdf,"District 200 also serves River Forest; eav/extension are the full district, oak_park_extension is prorated by Oak Park's share of District 200 EAV"
2008,050760000,05-0760-000,OAK PARK PARK DISTRICT,Park District of Oak Park,Parks,1740601475,7170860,0.412,7171278.08,1.0,7171278.08,legacy,050760000_2008.pdf,
2009,020180000,02-0180-000,TOWN OAK PARK,Oak Park Township,Township,1844102316,2194411,0.115,2120717.66,1.0,2120717.66,legacy,020180000_2009.pdf,
2009,020180002,02-0180-002,GENERAL ASSISTANCE,Oak Park Township General Assistance,Township,1844102316,457169,0.024,442584.56,1.0,442584.56,legacy,020180002_2009.pdf,
2009,020180004,02-0180-004,OAK PARK MENTAL HEALTH DISTRICT,Oak Park Township Mental Health Board,Township,1844102316,1408080,0.074,1364635.71,1.0,1364635.71,legacy,020180004_2009.pdf,
2009,030920000,03-0920-000,VILLAGE OF,Village of Oak Park,Municipality,1844102316,20703295,1.123,20709269.01,1.0,20709269.01,legacy,030920000_2009.pdf,
2009,030920001,03-0920-001,VILLAGE OF OAK PARK LIBRARY FUND,Oak Park Public Library,Library,1844102316,8174143,0.444,8187814.28,1.0,8187814.28,legacy,030920001_2009.pdf,
2009,040580000,04-0580-000,SCHOOL DISTRICT 97,Oak Park Elementary School District 97,Grade School,1844102316,50160534,2.655,48960916.49,1.0,48960916.49,legacy,040580000_2009.pdf,
2009,042020000,04-2020-000,CONSOLIDATED HIGH SCHOOL 200,Oak Park and River Forest High School District 200,High School,2485435195,64529473,2.469,61365394.96,0.741964,45530886.18,legacy,042020000_2009.pdf,"District 200 also serves River Forest; eav/extension are the full district, oak_park_extension is prorated by Oak Park's share of District 200 EAV"
2009,050760000,05-0760-000,OAK PARK PARK DISTRICT,Park District of Oak Park,Parks,1844102316,7814610,0.424,7818993.82,1.0,7818993.82,legacy,050760000_2009.pdf,
2010,020180000,02-0180-000,TOWN OAK PARK,Oak Park Township,Township,1850649808,2249471,0.119,2202273.27,1.0,2202273.27,legacy,020180000_2010.pdf,
2010,020180002,02-0180-002,GENERAL ASSISTANCE,Oak Park Township General Assistance,Township,1850649808,455863,0.024,444155.95,1.0,444155.95,legacy,020180002_2010.pdf,
2010,020180004,02-0180-004,OAK PARK MENTAL HEALTH DISTRICT,Oak Park Township Mental Health Board,Township,1850649808,1449680,0.077,1425000.35,1.0,1425000.35,legacy,020180004_2010.pdf,
2010,030920000,03-0920-000,VILLAGE OF,Village of Oak Park,Municipality,1850649808,22004258,1.189,22004226.22,1.0,22004226.22,legacy,030920000_2010.pdf,
2010,030920001,03-0920-001,VILLAGE OF OAK PARK LIBRARY FUND,Oak Park Public Library,Library,1850649808,8343254,0.451,8346430.63,1.0,8346430.63,legacy,030920001_2010.pdf,
2010,040580000,04-0580-000,SCHOOL DISTRICT 97,Oak Park Elementary School District 97,Grade School,1850649808,57390453,3.032,56111702.18,1.0,56111702.18,legacy,040580000_2010.pdf,
2010,042020000,04-2020-000,CONSOLIDATED HIGH SCHOOL 200,Oak Park and River Forest High School District 200,High School,2554919343,67215609,2.529,64613910.18,0.724348,46802933.64,legacy,042020000_2010.pdf,"District 200 also serves River Forest; eav/extension are the full district, oak_park_extension is prorated by Oak Park's share of District 200 EAV"
2010,050760000,05-0760-000,OAK PARK PARK DISTRICT,Park District of Oak Park,Parks,1850649808,8266372,0.436,8068833.16,1.0,8068833.16,legacy,050760000_2010.pdf,
2011,020180000,02-0180-000,TOWN OAK PARK,Oak Park Township,Township,1596903799,2313708,0.142,2267603.39,1.0,2267603.39,legacy,020180000_2011.pdf,
2011,020180002,02-0180-002,GENERAL ASSISTANCE,Oak Park Township General Assistance,Township,1596903799,457481,0.029,463102.10,1.0,463102.10,legacy,020180002_2011.pdf,
2011,020180004,02-0180-004,OAK PARK MENTAL HEALTH DISTRICT,Oak Park Township Mental Health Board,Township,1596903799,1506254,0.093,1485120.53,1.0,1485120.53,legacy,020180004_2011.pdf,
2011,030920000,03-0920-000,VILLAGE OF,Village of Oak Park,Municipality,1596903799,22694817,1.422,22707972.02,1.0,22707972.02,legacy,030920000_2011.pdf,
2011,030920001,03-0920-001,VILLAGE OF OAK PARK LIBRARY FUND,Oak Park Public Library,Library,1596903799,8888864,0.557,8894754.16,1.0,8894754.16,legacy,030920001_2011.pdf,
2011,040580000,04-0580-000,SCHOOL DISTRICT 97,Oak Park Elementary School District 97,Grade School,1596903799,58852975,3.596,57424660.61,1.0,57424660.61,legacy,040580000_2011.pdf,
2011,042020000,04-2020-000,CONSOLIDATED HIGH SCHOOL 200,Oak Park and River Forest High School District 200,High School,2170008263,68484389,3.048,66141851.86,0.735898,48673627.80,legacy,042020000_2011.pdf,"District 200 also serves River Forest; eav/extension are the full district, oak_park_extension is prorated by Oak Park's share of District 200 EAV"
2011,050760000,05-0760-000,OAK PARK PARK DISTRICT,Park District of Oak Park,Parks,1596903799,8527167,0.518,8271961.68,1.0,8271961.68,legacy,050760000_2011.pdf,
2012,020180000,02-0180-000,TOWN OAK PARK,Oak Park Township,Township,1470162652,2487612,0.164,2411066.75,1.0,2411066.75,legacy,020180000_2012.pdf,
2012,020180002,02-0180-002,GENERAL ASSISTANCE,Oak Park Township General Assistance,Township,1470162652,476995,0.032,470452.05,1.0,470452.05,legacy,020180002_2012.pdf,
2012,020180004,02-0180-004,OAK PARK MENTAL HEALTH DISTRICT,Oak Park Township Mental Health Board,Township,1470162652,1529674,0.101,1484864.28,1.0,1484864.28,legacy,020180004_2012.pdf,
2012,030920000,03-0920-000,VILLAGE OF,Village of Oak Park,Municipality,1470162652,22974294,1.563,22978642.25,1.0,22978642.25,legacy,030920000_2012.pdf,
2012,030920001,03-0920-001,VILLAGE OF OAK PARK LIBRARY FUND,Oak Park Public Library,Library,1470162652,9413130,0.641,9423742.60,1.0,9423742.60,legacy,030920001_2012.pdf,
2012,040580000,04-0580-000,SCHOOL DISTRICT 97,Oak Park Elementary School District 97,Grade School,1470162652,60512611,4.016,59041732.10,1.0,59041732.10,legacy,040580000_2012.pdf,
2012,042020000,04-2020-000,CONSOLIDATED HIGH SCHOOL 200,Oak Park and River Forest High School District 200,High School,1999613608,67194218,3.252,65027434.53,0.735223,47809689.44,legacy,042020000_2012.pdf,"District 200 also serves River Forest; eav/extension are the full district, oak_park_extension is prorated by Oak Park's share of District 200 EAV"
2012,050760000,05-0760-000,OAK PARK PARK DISTRICT,Park District of Oak Park,Parks,1470162652,8861727,0.579,8512241.76,1.0,8512241.76,legacy,050760000_2012.pdf,
2013,020180000,02-0180-000,TOWN OAK PARK,Oak Park Township,Township,1369216060,2573347,0.183,2505665.39,1.0,2505665.39,legacy,020180000_2013.pdf,
2013,020180002,02-0180-002,GENERAL ASSISTANCE,Oak Park Township General Assistance,Township,1369216060,484566,0.035,479225.62,1.0,479225.62,legacy,020180002_2013.pdf,
2013,020180004,02-0180-004,OAK PARK MENTAL HEALTH DISTRICT,Oak Park Township Mental Health Board,Township,1369216060,1529410,0.109,1492445.51,1.0,1492445.51,legacy,020180004_2013.pdf,
2013,030920000,03-0920-000,VILLAGE OF,Village of Oak Park,Municipality,1369216060,24624892,1.799,24632196.92,1.0,24632196.92,legacy,030920000_2013.pdf,
2013,030920001,03-0920-001,VILLAGE OF OAK PARK LIBRARY FUND,Oak Park Public Library,Library,1369216060,9788734,0.715,9789894.83,1.0,9789894.83,legacy,030920001_2013.pdf,
2013,040580000,04-0580-000,SCHOOL DISTRICT 97,Oak Park Elementary School District 97,Grade School,1369216060,61501320,4.382,59999047.75,1.0,59999047.75,legacy,040580000_2013.pdf,
2013,042020000,04-2020-000,CONSOLIDATED HIGH SCHOOL 200,Oak Park and River Forest High School District 200,High School,1862402353,55019413,2.951,54959493.44,0.735188,40405565.93,legacy,042020000_2013.pdf,"District 200 also serves River Forest; eav/extension are the full district, oak_park_extension is prorated by Oak Park's share of District 200 EAV"
2013,050760000,05-0760-000,OAK PARK PARK DISTRICT,Park District of Oak Park,Parks,1369216060,9028779,0.633,8667137.66,1.0,8667137.66,legacy,050760000_2013.pdf,
2014,020180000,02-0180-000,TOWN OAK PARK,Oak Park Township,Township,1383005873,2673067,0.188,2600051.04,1.0,2600051.04,legacy,020180000_2014.pdf,
2014,020180002,02-0180-002,GENERAL ASSISTANCE,Oak Park Township General Assistance,Township,1383005873,493603,0.035,484052.06,1.0,484052.06,legacy,020180002_2014.pdf,
2014,020180004,02-0180-004,OAK PARK MENTAL HEALTH DISTRICT,Oak Park Township Mental Health Board,Township,1383005873,1537219,0.108,1493646.34,1.0,1493646.34,legacy,020180004_2014.pdf,
2014,030920000,03-0920-000,VILLAGE OF,Village of Oak Park,Municipality,1383005873,25459926,1.841,25461138.12,1.0,25461138.12,legacy,030920000_2014.pdf,
2014,030920001,03-0920-001,VILLAGE OF OAK PARK LIBRARY FUND,Oak Park Public Library,Library,1383005873,10208349,0.739,10220413.40,1.0,10220413.40,legacy,030920001_2014.pdf,
2014,040580000,04-0580-000,SCHOOL DISTRICT 97,Oak Park Elementary School District 97,Grade School,1383005873,63397348,4.403,60893748.59,1.0,60893748.59,legacy,040580000_2014.pdf,
2014,042020000,04-2020-000,CONSOLIDATED HIGH SCHOOL 200,Oak Park and River Forest High School District 200,High School,1871396812,54700807,2.924,54719642.78,0.739023,40439091.72,legacy,042020000_2014.pdf,"District 200 also serves River Forest; eav/extension are the full district, oak_park_extension is prorated by Oak Park's share of District 200 EAV"
2014,050760000,05-0760-000,OAK PARK PARK DISTRICT,Park District of Oak Park,Parks,1383005873,9174838,0.639,8837407.53,1.0,8837407.53,legacy,050760000_2014.pdf,
2015,020180000,02-0180-000,TOWN OAK PARK,Oak Park Township,Township,1334441513,2748780,0.199,2655538.61,1.0,2655538.61,legacy,020180000_2015.pdf,
2015,020180002,02-0180-002,GENERAL ASSISTANCE,Oak Park Township General Assistance,Township,1334441513,498574,0.036,480398.94,1.0,480398.94,legacy,020180002_2015.pdf,
2015,020180004,02-0180-004,OAK PARK MENTAL HEALTH DISTRICT,Oak Park Township Mental Health Board,Township,1334441513,1538455,0.112,1494574.49,1.0,1494574.49,legacy,020180004_2015.pdf,
2015,030920000,03-0920-000,VILLAGE OF,Village of Oak Park,Municipality,1334441513,27516631,2.062,27516184.00,1.0,27516184.00,legacy,030920000_2015.pdf,
2015,030920001,03-0920-001,VILLAGE OF OAK PARK LIBRARY FUND,Oak Park Public Library,Library,1334441513,10002196,0.75,10008311.35,1.0,10008311.35,legacy,030920001_2015.pdf,
2015,040580000,04-0580-000,SCHOOL DISTRICT 97,Oak Park Elementary School District 97,Grade School,1334441513,63195812,4.597,61344276.35,1.0,61344276.35,legacy,040580000_2015.pdf,
2015,042020000,04-2020-000,CONSOLIDATED HIGH SCHOOL 200,Oak Park and River Forest High School District 200,High School,1804789911,66969995,3.634,65586065.37,0.739389,48493604.59,legacy,042020000_2015.pdf,"District 200 also serves River Forest; eav/extension are the full district, oak_park_extension is prorated by Oak Park's share of District 200 EAV"
2015,050760000,05-0760-000,OAK PARK PARK DISTRICT,Park District of Oak Park,Parks,1334441513,9350800,0.674,8994135.80,1.0,8994135.80,legacy,050760000_2015.pdf,
2016,020180000,02-0180-000,TOWN OAK PARK,Oak Park Township,Township,1386653517,2799325,0.195,2703974.36,1.0,2703974.36,legacy,020180000_2016.pdf,
2016,020180002,02-0180-002,GENERAL ASSISTANCE,Oak Park Township General Assistance,Township,1386653517,502233,0.035,485328.73,1.0,485328.73,legacy,020180002_2016.pdf,
2016,020180004,02-0180-004,OAK PARK MENTAL HEALTH DISTRICT,Oak Park Township Mental Health Board,Township,1386653517,1539411,0.108,1497585.80,1.0,1497585.80,legacy,020180004_2016.pdf,
2016,030920000,03-0920-000,VILLAGE OF,Village of Oak Park,Municipality,1386653517,31283206,2.257,31296769.88,1.0,31296769.88,legacy,030920000_2016.pdf,
2016,030920001,03-0920-001,VILLAGE OF OAK PARK LIBRARY FUND,Oak Park Public Library,Library,1386653517,8966171,0.647,8971648.25,1.0,8971648.25,legacy,030920001_2016.pdf,
2016,040580000,04-0580-000,SCHOOL DISTRICT 97,Oak Park Elementary School District 97,Grade School,1386653517,80423706,5.582,77402999.32,1.0,77402999.32,legacy,040580000_2016.pdf,
2016,042020000,04-2020-000,CONSOLIDATED HIGH SCHOOL 200,Oak Park and River Forest High School District 200,High School,1872238027,68618600,3.531,66108724.73,0.74064,48962735.68,legacy,042020000_2016.pdf,"District 200 also serves River Forest; eav/extension are the full district, oak_park_extension is prorated by Oak Park's share of District 200 EAV"
2016,050760000,05-0760-000,OAK PARK PARK DISTRICT,Park District of Oak Park,Parks,1386653517,9463943,0.654,9068714.00,1.0,9068714.00,legacy,050760000_2016.pdf,
2017,020180000,02-0180-000,TOWN OAK PARK,Oak Park Township,Township,1655776153,2905780,0.171,2831377.22,1.0,2831377.22,legacy,020180000_2017.pdf,
2017,020180002,02-0180-002,GENERAL ASSISTANCE OAK PARK,Oak Park Township General Assistance,Township,1655776153,499889,0.03,496732.85,1.0,496732.85,legacy,020180002_2017.pdf,
2017,020180004,02-0180-004,OAK PARK MENTAL HEALTH DISTRICT,Oak Park Township Mental Health Board,Township,1655776153,1542514,0.091,1506756.30,1.0,1506756.30,legacy,020180004_2017.pdf,
2017,030920000,03-0920-000,VILLAGE OF,Village of Oak Park,Municipality,1655776153,33038847,1.996,33049292.01,1.0,33049292.01,legacy,030920000_2017.pdf,
2017,030920001,03-0920-001,VILLAGE OF OAK PARK LIBRARY FUND,Oak Park Public Library,Library,1655776153,9354458,0.565,9355135.26,1.0,9355135.26,legacy,030920001_2017.pdf,
2017,040580000,04-0580-000,SCHOOL DISTRICT 97,Oak Park Elementary School District 97,Grade School,1655776153,76727904,4.489,74327791.51,1.0,74327791.51,legacy,040580000_2017.pdf,
2017,042020000,04-2020-000,CONSOLIDATED HIGH SCHOOL 200,Oak Park and River Forest High School District 200,High School,2242079026,66637218,2.973,66657009.44,0.7385,49226225.03,legacy,042020000_2017.pdf,"District 200 also serves River Forest; eav/extension are the full district, oak_park_extension is prorated by Oak Park's share of District 200 EAV"
2017,050760000,05-0760-000,OAK PARK PARK DISTRICT,Park District of Oak Park,Parks,1655776153,9668579,0.564,9338577.50,1.0,9338577.50,legacy,050760000_2017.pdf,
2018,020180000,02-0180-000,TOWN OAK PARK,Oak Park Township,Township,1592506276,2991567,0.185,2946136.61,1.0,2946136.61,legacy,020180000_2018.pdf,
2018,020180002,02-0180-002,GENERAL ASSISTANCE OAK PARK,Oak Park Township General Assistance,Township,1592506276,506668,0.032,509602.01,1.0,509602.01,legacy,020180002_2018.pdf,
2018,020180004,02-0180-004,OAK PARK MENTAL HEALTH DISTRICT,Oak Park Township Mental Health Board,Township,1592506276,1536891,0.095,1512880.96,1.0,1512880.96,legacy,020180004_2018.pdf,
2018,030920000,03-0920-000,VILLAGE OF,Village of Oak Park,Municipality,1592506276,34030865,2.137,34031859.12,1.0,34031859.12,legacy,030920000_2018.pdf,
2018,030920001,03-0920-001,VILLAGE OF OAK PARK LIBRARY FUND,Oak Park Public Library,Library,1592506276,9686101,0.609,9698363.22,1.0,9698363.22,legacy,030920001_2018.pdf,
2018,040580000,04-0580-000,SCHOOL DISTRICT 97,Oak Park Elementary School District 97,Grade School,1592506276,79820862,4.861,77411730.08,1.0,77411730.08,legacy,040580000_2018.pdf,
2018,042020000,04-2020-000,CONSOLIDATED HIGH SCHOOL 200,Oak Park and River Forest High School District 200,High School,2157498955,68036000,2.879,62114394.91,0.738126,45848255.68,legacy,042020000_2018.pdf,"District 200 also serves River Forest; eav/extension are the full district, oak_park_extension is prorated by Oak Park's share of District 200 EAV"
2018,050760000,05-0760-000,OAK PARK PARK DISTRICT,Park District of Oak Park,Parks,1592506276,9954680,0.604,9618737.91,1.0,9618737.91,legacy,050760000_2018.pdf,
2019,020180000,02-0180-000,TOWN OAK PARK,Oak Park Township,Township,1692471417,3518499,0.208,3520340.55,1.0,3520340.55,legacy,020180000_2019.pdf,
2019,020180002,02-0180-002,GENERAL ASSISTANCE OAK PARK,Oak Park Township General Assistance,Township,1692471417,139141,0.009,152322.43,1.0,152322.43,legacy,020180002_2019.pdf,
2019,020180004,02-0180-004,OAK PARK MENTAL HEALTH DISTRICT,Oak Park Township Mental Health Board,Township,1692471417,1564530,0.093,1573998.42,1.0,1573998.42,legacy,020180004_2019.pdf,
2019,030920000,03-0920-000,VILLAGE OF,Village of Oak Park,Municipality,1692471417,35051897,2.071,35051083.05,1.0,35051083.05,legacy,030920000_2019.pdf,
2019,030920001,03-0920-001,VILLAGE OF OAK PARK LIBRARY FUND,Oak Park Public Library,Library,1692471417,10652307,0.63,10662569.93,1.0,10662569.93,legacy,030920001_2019.pdf,
2019,040580000,04-0580-000,SCHOOL DISTRICT 97,Oak Park Elementary School District 97,Grade School,1692471417,86536195,5.016,84894366.28,1.0,84894366.28,legacy,040580000_2019.pdf,
2019,042020000,04-2020-000,CONSOLIDATED HIGH SCHOOL 200,Oak Park and River Forest High School District 200,High School,2249568733,73602368,3.25,73110983.82,0.752354,55005321.05,legacy,042020000_2019.pdf,"District 200 also serves River Forest; eav/extension are the full district, oak_park_extension is prorated by Oak Park's share of District 200 EAV"
2019,050760000,05-0760-000,OAK PARK PARK DISTRICT,Park District of Oak Park,Parks,1692471417,10802940,0.628,10628720.50,1.0,10628720.50,legacy,050760000_2019.pdf,
2020,020180000,02-0180-000,TOWN OAK PARK,Oak Park Township,Township,2028681978,3692774,0.183,3712488.02,1.0,3712488.02,legacy,020180000_2020.pdf,
2020,020180002,02-0180-002,GENERAL ASSISTANCE OAK PARK,Oak Park Township General Assistance,Township,2028681978,141924,0.007,142007.74,1.0,142007.74,legacy,020180002_2020.pdf,
2020,020180004,02-0180-004,OAK PARK MENTAL HEALTH DISTRICT,Oak Park Township Mental Health Board,Township,2028681978,1640184,0.081,1643232.40,1.0,1643232.40,legacy,020180004_2020.pdf,
2020,030920000,03-0920-000,VILLAGE OF,Village of Oak Park,Municipality,2028681978,36102975,1.78,36110539.21,1.0,36110539.21,legacy,030920000_2020.pdf,
2020,030920001,03-0920-001,VILLAGE OF OAK PARK LIBRARY FUND,Oak Park Public Library,Library,2028681978,9740364,0.481,9757960.31,1.0,9757960.31,legacy,030920001_2020.pdf,
2020,040580000,04-0580-000,SCHOOL DISTRICT 97,Oak Park Elementary School District 97,Grade School,2028681978,89213119,4.327,87781069.19,1.0,87781069.19,legacy,040580000_2020.pdf,
2020,042020000,04-2020-000,CONSOLIDATED HIGH SCHOOL 200,Oak Park and River Forest High School District 200,High School,2669065662,73409473,2.751,73425996.36,0.760072,55809041.21,legacy,042020000_2020.pdf,"District 200 also serves River Forest; eav/extension are the full district, oak_park_extension is prorated by Oak Park's share of District 200 EAV"
2020,050760000,05-0760-000,OAK PARK PARK DISTRICT,Park District of Oak Park,Parks,2028681978,11098947,0.532,10792588.12,1.0,10792588.12,legacy,050760000_2020.pdf,
2021,020180000,02-0180-000,TOWN OAK PARK,Oak Park Township,Township,1870149740,3754184,0.201,3759000.98,1.0,3759000.98,legacy,020180000_2021.pdf,
2021,020180002,02-0180-002,GENERAL ASSISTANCE OAK PARK,Oak Park Township General Assistance,Township,1870149740,146576,0.008,149611.98,1.0,149611.98,legacy,020180002_2021.pdf,
2021,020180004,02-0180-004,OAK PARK MENTAL HEALTH DISTRICT,Oak Park Township Mental Health Board,Township,1870149740,1664017,0.089,1664433.27,1.0,1664433.27,legacy,020180004_2021.pdf,
2021,030920000,03-0920-000,VILLAGE OF,Village of Oak Park,Municipality,1870149740,37184573,1.989,37197278.33,1.0,37197278.33,legacy,030920000_2021.pdf,
2021,030920001,03-0920-001,VILLAGE OF OAK PARK LIBRARY FUND,Oak Park Public Library,Library,1870149740,10032575,0.537,10042704.10,1.0,10042704.10,legacy,030920001_2021.pdf,
2021,040580000,04-0580-000,SCHOOL DISTRICT 97,Oak Park Elementary School District 97,Grade School,1870149740,91482669,4.777,89337053.08,1.0,89337053.08,legacy,040580000_2021.pdf,
2021,042020000,04-2020-000,CONSOLIDATED HIGH SCHOOL 200,Oak Park and River Forest High School District 200,High School,2464469279,74842073,3.037,74845932.00,0.758845,56796447.60,legacy,042020000_2021.pdf,"District 200 also serves River Forest; eav/extension are the full district, oak_park_extension is prorated by Oak Park's share of District 200 EAV"
2021,050760000,05-0760-000,OAK PARK PARK DISTRICT,Park District of Oak Park,Parks,1870149740,11419433,0.59,11033883.47,1.0,11033883.47,legacy,050760000_2021.pdf,
2022,020180000,02-0180-000,TOWN OAK PARK,Oak Park Township,Township,1830646053,3729195,0.204,3734517.95,1.0,3734517.95,legacy,020180000_2022.pdf,
2022,020180002,02-0180-002,GENERAL ASSISTANCE OAK PARK,Oak Park Township General Assistance,Township,1830646053,377557,0.021,384435.67,1.0,384435.67,legacy,020180002_2022.pdf,
2022,020180004,02-0180-004,OAK PARK MENTAL HEALTH DISTRICT,Oak Park Township Mental Health Board,Township,1830646053,1751400,0.096,1757420.21,1.0,1757420.21,legacy,020180004_2022.pdf,
2022,030920000,03-0920-000,VILLAGE OF,Village of Oak Park,Municipality,1830646053,37186863,2.032,37198727.80,1.0,37198727.80,legacy,030920000_2022.pdf,
2022,030920001,03-0920-001,VILLAGE OF OAK PARK LIBRARY FUND,Oak Park Public Library,Library,1830646053,10534203,0.576,10544521.27,1.0,10544521.27,legacy,030920001_2022.pdf,
2022,040580000,04-0580-000,SCHOOL DISTRICT 97,Oak Park Elementary School District 97,Grade School,1830646053,96255459,5.135,94003674.82,1.0,94003674.82,legacy,040580000_2022.pdf,
2022,042020000,04-2020-000,CONSOLIDATED HIGH SCHOOL 200,Oak Park and River Forest High School District 200,High School,2409559537,77805794,3.23,77828773.05,0.759743,59129867.52,legacy,042020000_2022.pdf,"District 200 also serves River Forest; eav/extension are the full district, oak_park_extension is prorated by Oak Park's share of District 200 EAV"
2022,050760000,05-0760-000,OAK PARK PARK DISTRICT,Park District of Oak Park,Parks,1830646053,11990405,0.636,11642908.90,1.0,11642908.90,legacy,050760000_2022.pdf,
2023,020180000,02-0180-000,TOWN OAK PARK,Oak Park Township,Township,2361857488,3697584,0.157,3708116.26,1.0,3708116.26,legacy,020180000_2023.pdf,
2023,020180002,02-0180-002,GENERAL ASSISTANCE OAK PARK,Oak Park Township General Assistance,Township,2361857488,608878,0.026,614082.95,1.0,614082.95,legacy,020180002_2023.pdf,
2023,020180004,02-0180-004,OAK PARK MENTAL HEALTH DISTRICT,Oak Park Township Mental Health Board,Township,2361857488,1837622,0.078,1842248.84,1.0,1842248.84,legacy,020180004_2023.pdf,
2023,030920000,03-0920-000,VILLAGE OF,Village of Oak Park,Municipality,2361857488,38307214,1.622,38309328.46,1.0,38309328.46,legacy,030920000_2023.pdf,
2023,030920001,03-0920-001,VILLAGE OF OAK PARK LIBRARY FUND,Oak Park Public Library,Library,2361857488,11376940,0.482,11384153.09,1.0,11384153.09,legacy,030920001_2023.pdf,
2023,040580000,04-0580-000,SCHOOL DISTRICT 97,Oak Park Elementary School District 97,Grade School,2361857488,101312969,4.192,99009065.90,1.0,99009065.90,legacy,040580000_2023.pdf,
2023,042020000,04-2020-000,CONSOLIDATED HIGH SCHOOL 200,Oak Park and River Forest High School District 200,High School,3114942565,81712532,2.619,81580345.78,0.758235,61857047.61,legacy,042020000_2023.pdf,"District 200 also serves River Forest; eav/extension are the full district, oak_park_extension is prorated by Oak Park's share of District 200 EAV"
2023,050760000,05-0760-000,OAK PARK PARK DISTRICT,Park District of Oak Park,Parks,2361857488,12769782,0.521,12305277.51,1.0,12305277.51,legacy,050760000_2023.pdf,
2024,020180000,02-0180-000,TOWN OAK PARK,Oak Park Township,Township,2353827289,3699694,0.157177,3699675.12,1.0,3699675.12,modern,020180000_2024.pdf,
2024,020180002,02-0180-002,TOWN OAK PARK GENERAL ASSISTANCE,Oak Park Township General Assistance,Township,2353827289,805500,0.034221,805503.24,1.0,805503.24,modern,020180000_2024.pdf,Read from the GENERAL ASSISTANCE section of the TOWN OAK PARK report
2024,020180004,02-0180-004,TOWN OAK PARK MENTAL HEALTH,Oak Park Township Mental Health Board,Township,2353827289,1875544,0.079681,1875553.12,1.0,1875553.12,modern,020180000_2024.pdf,Read from the MENTAL HEALTH section of the TOWN OAK PARK report
2024,030920000,03-0920-000,VILLAGE OF OAK PARK,Village of Oak Park,Municipality,2353827289,40123282,1.704598,40123292.90,1.0,40123292.90,modern,030920000_2024.pdf,
2024,030920001,03-0920-001,VILLAGE OF OAK PARK LIBRARY FUND,Oak Park Public Library,Library,2353827289,11746120,0.499022,11746116.01,1.0,11746116.01,modern,030920000_2024.pdf,Read from the LIBRARY FUND section of the VILLAGE OF OAK PARK report
2024,040580000,04-0580-000,SCHOOL DISTRICT 97,Oak Park Elementary School District 97,Grade School,2353827289,105711837,4.39705,103498962.82,1.0,103498962.82,modern,040580000_2024.pdf,
2024,042020000,04-2020-000,CONSOLIDATED HIGH SCHOOL 200,Oak Park and River Forest High School District 200,High School,3100423241,83919819,2.706722,83919837.96,0.759195,63711561.08,modern,042020000_2024.pdf,"District 200 also serves River Forest; eav/extension are the full district, oak_park_extension is prorated by Oak Park's share of District 200 EAV"
2024,050760000,05-0760-000,OAK PARK PARK DISTRICT,Park District of Oak Park,Parks,2353827289,13285092,0.545541,12841092.93,1.0,12841092.93,modern,050760000_2024.pdf,
2025,020180000,02-0180-000,TOWN OAK PARK,Oak Park Township,Township,2333264505,3889129,0.166681,3889108.61,1.0,3889108.61,modern,020180000_2025.pdf,
2025,020180002,02-0180-002,TOWN OAK PARK GENERAL ASSISTANCE,Oak Park Township General Assistance,Township,2333264505,858000,0.036772,857988.02,1.0,857988.02,modern,020180000_2025.pdf,Read from the GENERAL ASSISTANCE section of the TOWN OAK PARK report
2025,020180004,02-0180-004,TOWN OAK PARK MENTAL HEALTH,Oak Park Township Mental Health Board,Township,2333264505,1913775,0.082021,1913766.88,1.0,1913766.88,modern,020180000_2025.pdf,Read from the MENTAL HEALTH section of the TOWN OAK PARK report
2025,030920000,03-0920-000,VILLAGE OF OAK PARK,Village of Oak Park,Municipality,2333264505,41063812,1.759929,41063798.66,1.0,41063798.66,modern,030920000_2025.pdf,
2025,030920001,03-0920-001,VILLAGE OF OAK PARK LIBRARY FUND,Oak Park Public Library,Library,2333264505,12338370,0.528803,12338372.70,1.0,12338372.70,modern,030920000_2025.pdf,Read from the LIBRARY FUND section of the VILLAGE OF OAK PARK report
2025,040580000,04-0580-000,SCHOOL DISTRICT 97,Oak Park Elementary School District 97,Grade School,2333264505,109711988,4.585931,107001900.25,1.0,107001900.25,modern,040580000_2025.pdf,
2025,042020000,04-2020-000,CONSOLIDATED HIGH SCHOOL 200,Oak Park and River Forest High School District 200,High School,3072914456,88073982,2.866138,88073968.93,0.7593,66874580.62,modern,042020000_2025.pdf,"District 200 also serves River Forest; eav/extension are the full district, oak_park_extension is prorated by Oak Park's share of District 200 EAV"
2025,050760000,05-0760-000,OAK PARK PARK DISTRICT,Park District of Oak Park,Parks,2333264505,13808290,0.568602,13266988.63,1.0,13266988.63,modern,050760000_2025.pdf,
