category,dataset_title,dataset_type,best_download_format,direct_link
Infrastructure & Utilities,Water and Sewer System Data,Web Map / Document,Portal,https://oak-park-open-data-portal-v2-oakparkil.hub.arcgis.com/datasets/73850c036f97498782a59d330e834561
Infrastructure & Utilities,Capital Improvement Projects,Feature Service,API,https://experience.arcgis.com/experience/56c706bcad1141e6875c38ec5e690a94
Infrastructure & Utilities,Streets Centerlines,Feature Service,API,https://services5.arcgis.com/aymthbPDQOcCnuwg/arcgis/rest/services/Streets_Centerlines/FeatureServer
Infrastructure & Utilities,Street Centerlines,Tabular (CSV available),CSV,https://oak-park-open-data-portal-v2-oakparkil.hub.arcgis.com/api/download/v1/items/095a733fbde4479980ee9a026728bc0b/csv?layers=0
Infrastructure & Utilities,Street Polygons,Tabular (CSV available),CSV,https://oak-park-open-data-portal-v2-oakparkil.hub.arcgis.com/api/download/v1/items/095a733fbde4479980ee9a026728bc0b/csv?layers=1
Infrastructure & Utilities,Streets Centerlines,Web Map / Document,Portal,https://oak-park-open-data-portal-v2-oakparkil.hub.arcgis.com/datasets/fb9d0b457b1d445e9a8b2a6cda3f4800
Infrastructure & Utilities,Water Service Inventory Dashboard,Feature Service,API,https://www.arcgis.com/apps/dashboards/97cfcb6247a24abc9baf9f227fb21f55
Zoning & Land Use,Municipal POLY PairwiseBuffe,Feature Service,API,https://tiles.arcgis.com/tiles/aymthbPDQOcCnuwg/arcgis/rest/services/VOP_Imagery_2024SID/MapServer/0
Zoning & Land Use,Zoning Districts,Feature Service,API,https://experience.arcgis.com/experience/7669c037b54b41b4938ce0da4e582495
Zoning & Land Use,Building Poly,Web Map / Document,Portal,https://oak-park-open-data-portal-v2-oakparkil.hub.arcgis.com/datasets/ec018598714f497581ed750267d4797b
Zoning & Land Use,Jurisdictional Boundaries,Feature Service,API,https://gisc.maps.arcgis.com/apps/webappviewer/index.html?id=26ac0a2e515746048d38077de039ae12
Zoning & Land Use,Download Zoning Map,Feature Service,API,https://oakparkil.maps.arcgis.com/sharing/rest/content/items/048ab19b32b94fbfabe90ce04f54adde/data
Zoning & Land Use,Oak Park Zoning Print (2024),Web Map / Document,Portal,https://oak-park-open-data-portal-v2-oakparkil.hub.arcgis.com/documents/048ab19b32b94fbfabe90ce04f54adde
Zoning & Land Use,Municipal Boundary,Tabular (CSV available),CSV,https://oak-park-open-data-portal-v2-oakparkil.hub.arcgis.com/api/download/v1/items/6c1807a7ef5d4d77a9fbb1801d9d36d1/csv?layers=0
Zoning & Land Use,Historic Building Dataset,Tabular (CSV available),CSV,https://oak-park-open-data-portal-v2-oakparkil.hub.arcgis.com/api/download/v1/items/5a02234ddbed497a809810430a61853a/csv?layers=0
Historic & Cultural,Download Historic Landmarks,Feature Service,API,https://oakparkil.maps.arcgis.com/sharing/rest/content/items/8f80223efe0d477388fbf4204ddf1000/data
Historic & Cultural,Historic Building Dataset,Tabular (CSV available),CSV,https://oak-park-open-data-portal-v2-oakparkil.hub.arcgis.com/api/download/v1/items/5a02234ddbed497a809810430a61853a/csv?layers=0
Historic & Cultural,Historic Districts,Tabular (CSV available),CSV,https://oak-park-open-data-portal-v2-oakparkil.hub.arcgis.com/api/download/v1/items/d3ff666dfb764e8183879667acce810e/csv?layers=13
Historic & Cultural,Historic Survey Areas,Tabular (CSV available),CSV,https://oak-park-open-data-portal-v2-oakparkil.hub.arcgis.com/api/download/v1/items/315557a64ac84d45b71e55d94fd583ac/csv?layers=155
Environment & Trees,Social Vulnerability,Feature Service,API,https://oakparkil.maps.arcgis.com/apps/instant/sidebar/index.html?appid=cbbe22efa92148649505d0aa2aa455ce
Environment & Trees,Streets Centerlines,Feature Service,API,https://services5.arcgis.com/aymthbPDQOcCnuwg/arcgis/rest/services/Streets_Centerlines/FeatureServer
Environment & Trees,Street Centerlines,Tabular (CSV available),CSV,https://oak-park-open-data-portal-v2-oakparkil.hub.arcgis.com/api/download/v1/items/095a733fbde4479980ee9a026728bc0b/csv?layers=0
Environment & Trees,Street Polygons,Tabular (CSV available),CSV,https://oak-park-open-data-portal-v2-oakparkil.hub.arcgis.com/api/download/v1/items/095a733fbde4479980ee9a026728bc0b/csv?layers=1
Environment & Trees,Streets Centerlines,Web Map / Document,Portal,https://oak-park-open-data-portal-v2-oakparkil.hub.arcgis.com/datasets/fb9d0b457b1d445e9a8b2a6cda3f4800
Environment & Trees,Oak Park Tree Inventory,Web Map / Document,Portal,https://oak-park-open-data-portal-v2-oakparkil.hub.arcgis.com/apps/2146b91d9d1e4c85b7afad06580e9d24
Environment & Trees,Social Vulnerability,Web Map / Document,Portal,https://oak-park-open-data-portal-v2-oakparkil.hub.arcgis.com/maps/18fee8d54a4348e88775e74af99defd2
Environment & Trees,VOP TreeInventory PUBLICVIEW,Tabular (CSV available),CSV,https://oak-park-open-data-portal-v2-oakparkil.hub.arcgis.com/api/download/v1/items/792e798104b140c3b8063e86dc09d991/csv?layers=0
Environment & Trees,Climate Ready Oak Park Website,Feature Service,API,https://www.sustainoakpark.com/oak-parks-climate-action
Environment & Trees,Existing Conditions & Vulnerability Assessment,Feature Service,API,https://storymaps.arcgis.com/stories/0e9409d4dc20452bbbee6fc35df0ff81
Transportation,Download Overnight Parking Map,Feature Service,API,https://oakparkil.maps.arcgis.com/sharing/rest/content/items/f9735ab3100c45de87045b2f95a4ea11/data
Transportation,Overnight Parking Map 11x17,Web Map / Document,Portal,https://oak-park-open-data-portal-v2-oakparkil.hub.arcgis.com/documents/f9735ab3100c45de87045b2f95a4ea11
Transportation,Modes of Transportation,Feature Service,API,https://oakparkil.maps.arcgis.com/apps/instant/basic/index.html?appid=2af5b9a26234457d920a2e9d44a72bf2
Community Services,Community Portal,Feature Service,API,https://apps.gisconsortium.org/CommunityPortal/Default.aspx?PL=VOP
Community Services,Recreation Poly,Web Map / Document,Portal,https://oak-park-open-data-portal-v2-oakparkil.hub.arcgis.com/datasets/4e770e3fa181404eb6f919d22d9e484a
Community Services,School District,Feature Service,API,https://gisc.maps.arcgis.com/apps/webappviewer/index.html?id=f03057ff518949a792ab6cb2b82e4e60
Community Services,Library Districts,Feature Service,API,https://gisc.maps.arcgis.com/apps/webappviewer/index.html?id=e66eebc51edd434d9efeac0411df98c0
Waste & Recycling,Yard Waste Collection Area,Feature Service,API,https://gisc.maps.arcgis.com/apps/webappviewer/index.html?id=6a71a6df9b3141f9826bbb115c76c179
Waste & Recycling,Recycling Collection Area,Feature Service,API,https://gisc.maps.arcgis.com/apps/webappviewer/index.html?id=183d0526e72143639e85d44687fd5951
Waste & Recycling,Garbage Collection Area,Feature Service,API,https://gisc.maps.arcgis.com/apps/webappviewer/index.html?id=b493ae623dbb42d585f5543d6b11df52
Mapping & Imagery,VOP Imagery 2024SID,Feature Service,API,https://tiles.arcgis.com/tiles/aymthbPDQOcCnuwg/arcgis/rest/services/VOP_Imagery_2024SID/MapServer
Mapping & Imagery,Oak Park 2024.sid,Feature Service,API,https://tiles.arcgis.com/tiles/aymthbPDQOcCnuwg/arcgis/rest/services/VOP_Imagery_2024SID/MapServer/1
Mapping & Imagery,VOP Imagery 2024SID TPKX.zip,Feature Service,API,https://apps.gisconsortium.org/giscsharedstorage/VOP/VOP_Imagery_2024SID_TPKX.zip
Mapping & Imagery,GISC IMAGERY 2024,Feature Service,API,https://tiles.arcgis.com/tiles/uRp89l90TnovtJpf/arcgis/rest/services/GISC_IMAGERY_2024_Project/MapServer
