facility_type,facility_id,name,address,location_description,latitude,longitude,ownership,ownership_description,maintained,permit_types,is_permit_parking,payment_device,payment_type,classification,days_of_enforcement,enforcement_times,duration_restriction,classification2,days_of_enforcement2,enforcement_times2,max_parking_spaces,has_accessible_spaces,accessible_space_count,is_commuter_parking,is_ev_charging,seasonal_restriction,on_overnight_ban_map,overnight_ban_area_type,guideline_url,weblink,description,source_layer,source_object_id
garage,2,Avenue Parking Garage,720 North Blvd,720 North Blvd - North Boulevard east of Oak Park Avenue,41.8877745,-87.7936848,Village of Oak Park,Avenue Parking Garage,,Day; Night; 24-hour; Monthly,1,PAYSTATION,CASHCREDIT,,,,,,,,,,,,,,Y,GARAGE,https://www.oak-park.us/sites/default/files/parking/lots/2018_guidelines/lot_2_avenue_parking_garage.pdf,,,42,3499
garage,18,Holley Court Garage,1125 Ontario St,1125 Ontario St -  Ontario St east of Harlem Ave,41.8896067,-87.8042508,Village of Oak Park,Holley Court Garage,Village of Oak Park,Day; Night; 24-hour; Monthly,1,PAYSTATION,CASHCREDIT,PARKING,MON-SAT,Hourly Rates,,,,,,,,,,,Y,GARAGE,https://www.oak-park.us/sites/default/files/parking/lots/2018_guidelines/lot_18_holley_court.pdf,,,42,3517
garage,19,OPRF Community Parking Garage,137 N Scoville Ave,137 N Scoville Ave - northwest corner of Lake and Scoville,41.8887569,-87.7887661,Oak Park River Forest High School,OPRF Community Parking Garage,,Night,1,PAYSTATION,CASHCREDIT,,,,,,,,,,,,,,Y,GARAGE,https://www.oak-park.us/sites/default/files/parking/lots/2018_guidelines/lot_19_oprf_community_garage_-_copy.pdf,,,42,3495
garage,32,Lake & Forest Public Parking Garage,938 Lake St,938 Lake St - northeast corner of Lake St and Forest Ave,41.8893347,-87.7995624,Village of Oak Park,Lake & Forest Public Parking Garage,Village of Oak Park,Day; Night; 24-hour,1,PAYSTATION,CASHCREDIT,,,,,,,,,,,0,,,Y,PARKINGLOT,https://www.oak-park.us/sites/default/files/parking/lots/2018_guidelines/lot_32_lake_forest_garage.pdf,,,42,3452
lot,,US Bank,824 North Blvd,824 North Blvd - North Boulevard west of Oak Park Avenue,41.8875502,-87.7954903,Private,US Bank,Private,,,,,,,,,,,,,,,,,,N,,https://www.oak-park.us/sites/default/files/parking/lots/2018_guidelines/lot_96.pdf,,,42,3512
lot,1,Lot 1,833 S Euclid Ave,833 S Euclid Ave - Euclid north of Harrison,41.8728735,-87.7929868,Village of Oak Park,,Village of Oak Park,Night; 24-hour,1,METER,,,,,,,,,,,,,,,Y,PARKINGLOT,https://www.oak-park.us/sites/default/files/parking/lots/2018_guidelines/lot_1.pdf,,,42,3468
lot,3,Lot 3,,,41.8882331,-87.8020412,Village of Oak Park,,Village of Oak Park,,1,PAYSTATIONMOBILE,,PARKING,MON-SAT,8am - 8pm,3HOURS,NOPARKING,DAILY,2:30am - 6am,,,,,,,N,,,,,42,3518
lot,7,Lot 7,1124 Chicago Ave,1124 Chicago Ave - Chicago Avenue east of Harlem,41.8947229,-87.8047513,Village of Oak Park,,Village of Oak Park,Night,1,METER,,,,,,,,,,,,,,,Y,PARKINGLOT,https://www.oak-park.us/sites/default/files/parking/lots/2018_guidelines/lot_7.pdf,,,42,3435
lot,10,Lot 10,,,41.8873752,-87.8015446,Village of Oak Park,,Village of Oak Park,,1,PAYSTATIONMOBILE,,PARKING,MON-SAT,8am - 8pm,3HOURS,NOPARKING,DAILY,2:30am - 6am,,,,,,,N,,,,,42,3516
lot,11,Fifth Third Bank,726 Wesley Ave,726 Wesley Ave - drive-thru at the NW corner of Wesley Ave and Harrison St,41.8730115,-87.7925199,Private,Fifth Third Bank,,Day; Night,1,,,,,,,,,,,,,,,,Y,PARKINGLOT,https://www.oak-park.us/sites/default/files/parking/lots/2018_guidelines/lot_11.pdf,,,42,3485
lot,15,Lot 15,924 S Oak Park Ave,924 S Oak Park Ave - Oak Park Avenue south of Garfield,41.8712853,-87.7935077,Village of Oak Park,,Village of Oak Park,Pay-by-space; Night; 24-hour,1,METER,,,,,,,,,,,,,,,Y,PARKINGLOT,https://www.oak-park.us/sites/default/files/parking/lots/2018_guidelines/lot_15.pdf,,,42,3513
lot,22,Pilgrim Church,450 Lake St,450 Lake St - Lake Street west of Elmwood,41.8886917,-87.7867958,Private,Pilgrim Church,Private,Night,1,,,,,,,,,,,,,,,,Y,PARKINGLOT,https://www.oak-park.us/sites/default/files/parking/lots/2018_guidelines/lot_22.pdf,,,42,3445
lot,24,Lot 24,438 S Taylor,"438 S Taylor - Taylor north of Madison,",41.8804025,-87.7776987,Village of Oak Park,,Village of Oak Park,24-hour,1,METER,,,,,,,,,,,,,,,Y,PARKINGLOT,https://www.oak-park.us/sites/default/files/parking/lots/2018_guidelines/lot_24.pdf,,,42,3502
lot,29,Lot 29,715 Garfield St,715 Garfield St - Garfield east of Euclid,41.8720091,-87.7931739,Village of Oak Park,,Village of Oak Park,Night; 24-hour,1,,,,,,,,,,,,,,,,Y,PARKINGLOT,https://www.oak-park.us/sites/default/files/parking/lots/2018_guidelines/lot_29.pdf,,,42,3500
lot,30,Lot 30,226 S Austin Blvd,226 S Austin Blvd - Austin north of Jackson,41.8767463,-87.7751164,Village of Oak Park,,Village of Oak Park,24-hour,1,,,,,,,,,,,,,,,,Y,PARKINGLOT,https://www.oak-park.us/sites/default/files/parking/lots/2018_guidelines/lot_30.pdf,,,42,3498
lot,31,Lot 31,200 Austin Blvd,200  Austin Blvd - Austin north of Randolph,41.8842554,-87.7753476,Village of Oak Park,,Village of Oak Park,24-hour,1,,,,,,,,,,,,,0,,,Y,PARKINGLOT,https://www.oak-park.us/sites/default/files/parking/lots/2018_guidelines/lot_31.pdf,,,42,3493
lot,33,Lot 33,913 S Humphrey Ave,913 S Humphrey Ave - Humphrey south of Harrison,41.8720297,-87.7756121,Village of Oak Park,,Village of Oak Park,24-hour,1,,,,,,,,,,,,,,,,Y,PARKINGLOT,https://www.oak-park.us/sites/default/files/parking/lots/2018_guidelines/lot_33.pdf,,,42,3454
lot,34,Lot 34,300 South Blvd,300 South Blvd - South Boulevard east of Ridgeland,41.8871337,-87.7838185,Village of Oak Park,,Village of Oak Park,Day; Night; 24-hour,1,METER,,,,,,,,,,,,,,,Y,ON-STREET,https://www.oak-park.us/sites/default/files/parking/lots/2018_guidelines/lot_34.pdf,,,42,3501
lot,35,Lot 35,2 South Blvd,2 South Blvd - South Boulevard west of Austin,41.8869761,-87.7753202,Village of Oak Park,,Village of Oak Park,24-hour,1,METER,,,,,,,,,,,,,,,Y,PARKINGLOT,https://www.oak-park.us/sites/default/files/parking/lots/2018_guidelines/lot_35.pdf,,,42,3484
lot,36,Lot 36,14 Washington Blvd,"Washington west of Austin, 14 Washington Blvd",41.8823063,-87.7753201,Village of Oak Park,,Village of Oak Park,24-hour,1,,,,,,,,,,,,,,,,Y,PARKINGLOT,https://www.oak-park.us/sites/default/files/parking/lots/2018_guidelines/lot_36.pdf,,,42,3480
lot,37,Lot 37,1190 S. Grove Ave,"Grove north of Roosevelt Road, 1190 S. Grove Ave",41.8657047,-87.7956926,Village of Oak Park,,Village of Oak Park,24-hour,1,,,,,,,,,,,,,,,,Y,PARKINGLOT,https://www.oak-park.us/sites/default/files/parking/lots/2018_guidelines/lot_37.pdf,,,42,3443
lot,39,Lot 39,8 Harvard St,8 Harvard St - Harvard west of Austin,41.8689188,-87.7741372,Village of Oak Park,,Village of Oak Park,24-hour,1,,,,,,,,,,,,,,,,Y,ON-STREET,https://www.oak-park.us/sites/default/files/parking/lots/2018_guidelines/lot_39.pdf,,,42,3527
lot,45,Lot 45,321 Madison St,321 Madison St - Madison St east of Ridgeland Ave,41.8798364,-87.783795,Village of Oak Park,,Village of Oak Park,Night,1,,,,,,,,,,,,,,,"When more than two inches of snow is on the ground, Oak Park may implement the Snow Parking Ban.",Y,ENCLAVE,https://www.oak-park.us/sites/default/files/parking/lots/2018_guidelines/lot_45.pdf,,,42,3430
lot,47,Lot 47,123 Madison St,"Village Hall at Lombard south of Madison, 123 Madison St",41.8788783,-87.778975,Village of Oak Park,,Village of Oak Park,Night,1,,,,,,,,,,,,,,,,Y,PARKINGLOT,https://www.oak-park.us/sites/default/files/parking/lots/2018_guidelines/lot_47.pdf,,,42,3461
lot,53,Lot 53,515 Garfield St,515 Garfield St - Rehm Pool at the SE corner of Garfield Street and East Avenue,41.8712932,-87.7875336,Park District Oak Park,,Park District Oak Park,24-hour,1,,,,,,,,,,,,,,,,Y,PARKINGLOT,https://www.oak-park.us/sites/default/files/parking/lots/2018_guidelines/lot_53.pdf,,,42,3458
lot,54,Lot 54,101 Flournoy St,101 Flournoy St - Flournoy St east of Taylor Ave,41.8715367,-87.7767913,Village of Oak Park,,Village of Oak Park,24-hour,1,,,,,,,,,,,,,,,,Y,ENCLAVE,https://www.oak-park.us/sites/default/files/parking/lots/2018_guidelines/lot_54.pdf,,,42,3448
lot,55,Lot 55,834 North Blvd,834 North Blvd - North Boulevard east of Kenilworth,41.8876753,-87.7964768,Village of Oak Park,,Village of Oak Park,Day; 24-hour,1,,,,,,,,,,,,,,,,Y,PARKINGLOT,https://www.oak-park.us/sites/default/files/parking/lots/2018_guidelines/lot_55.pdf,,,42,3476
lot,61,Lot 61,36 North Blvd,36 North Blvd - Southside of North Blvd from Humphrey Ave to Austin Blvd,41.8875265,-87.7757221,Village of Oak Park,,Village of Oak Park,Day; 24-hour,1,,,,,,,,,,,,,,,,Y,ENCLAVE,https://www.oak-park.us/sites/default/files/parking/lots/2018_guidelines/lot_61.pdf,,,42,3459
lot,64,Lot 64,119 South Blvd,119 South Blvd - Northside of South Boulevard from west of Taylor to Lombard,41.8865487,-87.778105,Village of Oak Park,,Village of Oak Park,24-hour,1,,,,,,,,,,,,,,,,Y,ON-STREET,https://www.oak-park.us/sites/default/files/parking/lots/2018_guidelines/lot_64.pdf,,,42,3436
lot,65,Lot 65,112 South Blvd,112 South Blvd - Northside of South Boulevard from Lombard to Harvey,41.8869626,-87.780259,Village of Oak Park,,Village of Oak Park,24-hour,1,,,,,,,,,,,,,,,,Y,ON-STREET,https://www.oak-park.us/sites/default/files/parking/lots/2018_guidelines/lot_65.pdf,,,42,3522
lot,66,Lot 66,600 North Blvd,600 North Blvd - Southside of North Blvd from Bishop Quarter Ln to East Ave,41.8872681,-87.7899267,Village of Oak Park,,Village of Oak Park,Day; Night; 24-hour,1,,,,,,,,,,,,,,,,Y,ENCLAVE,https://www.oak-park.us/sites/default/files/parking/lots/2018_guidelines/lot_66.pdf,,,42,3473
lot,67,Lot 67,100 N Lombard Ave,100 N Lombard Ave - Eastside of Lombard south of Lake St,41.8873636,-87.7791365,Village of Oak Park,,Village of Oak Park,Night,1,,,,,,,,,,,,,,,,Y,ON-STREET,https://www.oak-park.us/sites/default/files/parking/lots/2018_guidelines/lot_67.pdf,,,42,3508
lot,68,Lot 68,508 S Austin Blvd,508 S Austin Blvd - Austin Boulevard north of Harrison St,41.873699,-87.775392,Village of Oak Park,,Village of Oak Park,24-hour,1,,,,,,,,,,,,,,,,Y,PARKINGLOT,https://www.oak-park.us/sites/default/files/parking/lots/2018_guidelines/lot_68.pdf,,,42,3521
lot,70,Lot 70,400 S East Ave,400 S East Ave - Eastside of East Avenue south of Washington,41.8812353,-87.7891241,Village of Oak Park,,Village of Oak Park,24-hour,1,,,,,,,,,,,,,,,,Y,ON-STREET,https://www.oak-park.us/sites/default/files/parking/lots/2018_guidelines/lot_70.pdf,,,42,3504
lot,72,Lot 72,936 Garfield St,936 Garfield St - Northside of Garfield St between Clinton and Wenonah Ave,41.8723084,-87.799764,Village of Oak Park,,Village of Oak Park,Night,1,,,,,,,,,,,,,,,"When more than two inches of snow is on the ground, Oak Park may implement the Snow Parking Ban.",Y,ENCLAVE,https://www.oak-park.us/sites/default/files/parking/lots/2018_guidelines/lot_72.pdf,,,42,3515
lot,72,Lot 72,936 Garfield St,936 Garfield St - Northside of Garfield St between Clinton and Wenonah Ave,41.8722665,-87.7983664,Village of Oak Park,,Village of Oak Park,Night,1,,,,,,,,,,,,,,,"When more than two inches of snow is on the ground, Oak Park may implement the Snow Parking Ban.",Y,ENCLAVE,https://www.oak-park.us/sites/default/files/parking/lots/2018_guidelines/lot_72.pdf,,,42,57280
lot,73,Lot 73,444 S Humphrey Ave,444 S Humphrey Ave - Northeast corner of Humphrey and Madison,41.8801185,-87.7756089,Village of Oak Park,,Village of Oak Park,Night; 24-hour,1,METER,,,,,,,,,,,,,,,Y,ON-STREET,https://www.oak-park.us/sites/default/files/parking/lots/2018_guidelines/lot_73.pdf,,,42,3463
lot,74,Lot 74,108 Madison St,108 Madison St - Northside of Madison Street from Taylor to Lombard,41.8800587,-87.7784332,Village of Oak Park,,Village of Oak Park,Night,1,,,,,,,,,,,,,,,"When more than two inches of snow is on the ground, Oak Park may implement the Snow Parking Ban.",Y,ON-STREET,https://www.oak-park.us/sites/default/files/parking/lots/2018_guidelines/lot_74.pdf,,,42,3491
lot,79,CVS,728 Roosevelt Rd,728 Roosevelt Rd - Roosevelt west of Euclid,41.8654459,-87.7934244,Private,CVS,Private,Night,1,,,,,,,,,,,,,,,,Y,PARKINGLOT,https://www.oak-park.us/sites/default/files/parking/lots/2018_guidelines/lot_79.pdf,,,42,3488
lot,81,Lot 81,240 S Marion St,240 S Marion St - Marion St north of Randolph St,41.883322,-87.801753,Village of Oak Park,,Village of Oak Park,Night,1,,,,,,,,,,,,,,,,Y,ENCLAVE,https://www.oak-park.us/sites/default/files/parking/lots/2018_guidelines/lot_81.pdf,,,42,3439
lot,82,Lot 82,340 S Humphrey Ave,340 S Humphrey Ave - Humphrey Ave north of Washington Blvd,41.8825019,-87.7765425,Village of Oak Park,,Village of Oak Park,Night,1,,,,,,,,,,,,,,,,Y,ENCLAVE,https://www.oak-park.us/sites/default/files/parking/lots/2018_guidelines/lot_82.pdf,,,42,3530
lot,83,Lot 83,340 S Taylor Ave,340 S Taylor Ave - Taylor Ave north of Washington Blvd,41.8812392,-87.7756747,Village of Oak Park,,Village of Oak Park,Night,1,,,,,,,,,,,,,,,,Y,ENCLAVE,https://www.oak-park.us/sites/default/files/parking/lots/2018_guidelines/lot_83.pdf,,,42,3529
lot,85,Gwendolyn Brooks School Parking Lot,321 S Kenilworth Ave,321 S Kenilworth Ave,41.8824156,-87.7969963,Private,Gwendolyn Brooks School Parking Lot,,Night,1,,,,,,,,,,,,,,,,Y,PARKINGLOT,https://www.oak-park.us/sites/default/files/parking/lots/2018_guidelines/lot_85.pdf,,,42,3467
lot,86,Lot 86,329 S Scoville Ave,329 S Scoville Ave -  Scoville Ave north of Washington Blvd,41.8819257,-87.7876489,Village of Oak Park,,Village of Oak Park,Night,1,,,,,,,,,,,,,,,,Y,ENCLAVE,https://www.oak-park.us/sites/default/files/parking/lots/2018_guidelines/lot_86.pdf,,,42,3478
lot,87,Lot 87,541 Harrison St,541 Harrison St - Harrison St east of East Ave,41.8724371,-87.7879791,Village of Oak Park,,Village of Oak Park,Night,1,,,,,,,,,,,,,,,"When more than two inches of snow is on the ground, Oak Park may implement the Snow Parking Ban.",Y,ENCLAVE,https://www.oak-park.us/sites/default/files/parking/lots/2018_guidelines/lot_87.pdf,,,42,3434
lot,90,Lot 90,6 Thomas St,6 Thomas St - Thomas west of Austin,41.9003612,-87.7759558,Village of Oak Park,,Village of Oak Park,24-hour,1,,,,,,,,,,,,,,,,Y,ON-STREET,https://www.oak-park.us/sites/default/files/parking/lots/2018_guidelines/lot_90.pdf,,,42,3506
lot,92,Lot 92,440 S Lombard Ave,440 S Lombard Ave - Eastside of Lombard North of Madison,41.8804927,-87.7797836,Village of Oak Park,,Village of Oak Park,Night,1,METER,,,,,,,,,,,,,,,Y,ON-STREET,https://www.oak-park.us/sites/default/files/parking/lots/2018_guidelines/lot_92.pdf,,,42,3492
lot,94,Lot 94,511 Wisconsin Ave,511 Wisconsin Ave - Wisconsin Ave south of Madison St,41.879403,-87.8024885,Village of Oak Park,,Village of Oak Park,Night,1,METER,,,,,,,,,,,,,,,N,,https://www.oak-park.us/sites/default/files/parking/lots/2018_guidelines/lot_94.pdf,,,42,3477
lot,97,Lot 97,331 Washington Blvd,331 Washington Blvd - Washington Blvd east of Ridgeland Ave,41.8819771,-87.7847357,Village of Oak Park,,Village of Oak Park,Night,1,,,,,,,,,,,,,,,,Y,ENCLAVE,https://www.oak-park.us/sites/default/files/parking/lots/2018_guidelines/lot_97.pdf,,,42,3510
lot,98,Lot 98,1119 Harrison St,1119 Harrison St - Harrison St east of Maple Ave,41.8737653,-87.8024163,Village of Oak Park,,Village of Oak Park,24-hour,1,,,,,,,,,,,,,,,"When more than two inches of snow is on the ground, Oak Park may implement the Snow Parking Ban.",Y,ENCLAVE,https://www.oak-park.us/sites/default/files/parking/lots/2018_guidelines/lot_98.pdf,,,42,3453
lot,99,Lot 99,1236 N Humphrey Ave,1236 N Humphrey Ave - Humphrey Ave south of North Ave,41.9087658,-87.7764296,Village of Oak Park,,Village of Oak Park,Night; 24-hour,1,METER,,,,,,,,,,,,,,,Y,ENCLAVE,https://www.oak-park.us/sites/default/files/parking/lots/2018_guidelines/lot_99.pdf,,,42,3474
lot,100,Lot 100,437 Clinton Ave,437 Clinton Ave - Clinton north of Madison,41.8804839,-87.7994331,Village of Oak Park,,Village of Oak Park,Night,1,,,,,,,,,,,,,,,,Y,ON-STREET,https://www.oak-park.us/sites/default/files/parking/lots/2018_guidelines/lot_100.pdf,,,42,3528
lot,101,Lot 101,101 N Humphrey Ave,101 N Humphrey Ave - Humphrey south of Lake Street,41.8875454,-87.7761346,Village of Oak Park,,Village of Oak Park,24-hour,1,,,,,,,,,,,,,,,,Y,ON-STREET,https://www.oak-park.us/sites/default/files/parking/lots/2018_guidelines/lot_101.pdf,,,42,3526
lot,102,Lot 102,1190 S Lombard Ave,1190 S Lombard Ave - Lombard north of Roosevelt,41.8647017,-87.7769708,Village of Oak Park,,Village of Oak Park,Night,1,METER,,,,,,,,,,,,,,,Y,ON-STREET,https://www.oak-park.us/sites/default/files/parking/lots/2018_guidelines/lot_102.pdf,,,42,3482
lot,103,Lot 103,915 Lyman Ave,915 Lyman Ave - Lyman south of Harrison,41.8717583,-87.7762665,Village of Oak Park,,Village of Oak Park,24-hour,1,,,,,,,,,,,,,,,,Y,PARKINGLOT,https://www.oak-park.us/sites/default/files/parking/lots/2018_guidelines/lot_103.pdf,,,42,3460
lot,104,Lot 104,441 S Harvey Ave,441 S Harvey Ave - Harvey north of Madison Street,41.8806218,-87.7819441,Village of Oak Park,,Village of Oak Park,Night; 24-hour,1,METER,,,,,,,,,,,,,,,Y,ON-STREET,https://www.oak-park.us/sites/default/files/parking/lots/2018_guidelines/lot_104.pdf,,,42,3432
lot,107,Lot 107,430 S Cuyler Ave,430 S Cuyler Ave - Cuyler Avenue north of Madison Street,41.8807962,-87.7839328,Village of Oak Park,,Village of Oak Park,Night,1,,,PARKING,MON-SAT,8am - 6pm,2HOURS,,,,,,,,,,Y,ENCLAVE,https://www.oak-park.us/sites/default/files/parking/lots/2018_guidelines/lot_107.pdf,,,42,3519
lot,109,Lot 109,407 S Scoville Ave,407 S Scoville Ave - Westside of Scoville south of Washington,41.8789659,-87.7830422,Village of Oak Park,,Village of Oak Park,Night,1,METER,,,,,,,,,,,,,,,Y,ON-STREET,https://www.oak-park.us/sites/default/files/parking/lots/2018_guidelines/lot_109.pdf,,,42,3475
lot,110,Lot 110,423 S Scoville Ave,423 S Scoville Ave - Scoville north of Madison,41.8911896,-87.8106501,Village of Oak Park,,Village of Oak Park,24-hour,1,,,,,,,,,,,,,,,,Y,ON-STREET,https://www.oak-park.us/sites/default/files/parking/lots/2018_guidelines/lot_110.pdf,,,42,3503
lot,111,Lot 111,7 Greenfield St,7 Greenfield St - Greenfield St west of Austin Blvd,41.904606,-87.7732979,Village of Oak Park,,Village of Oak Park,24-hour,1,,,,,,,,,,,,,,,,Y,PARKINGLOT,https://www.oak-park.us/sites/default/files/parking/lots/2018_guidelines/lot_111.pdf,,,42,3466
lot,114,Lot 114,612 S Austin Blvd,612 S Austin Blvd - Austin south of Harrison,41.8724882,-87.7752332,Village of Oak Park,,Village of Oak Park,Night; 24-hour,1,,,,,,,,,,,,,,,,Y,PARKINGLOT,https://www.oak-park.us/sites/default/files/parking/lots/2018_guidelines/lot_114.pdf,,,42,3511
lot,118,Lot 118,,,41.8897162,-87.8031064,Village of Oak Park,,Village of Oak Park,,1,PAYSTATIONMOBILE,,PARKING,MON-SAT,8am - 8pm,3HOURS,NOPARKING,DAILY,2:30am - 6am,,,,,,,N,,,,,42,3444
lot,120,Lot 120,1275 N Marion St,1275 N Marion St - corner of Marion St & North Ave,41.9088199,-87.8047736,Village of Oak Park,,Village of Oak Park,Day; Night; 24-hour,1,,,,,,,,,,,,,0,,,N,,http://www.oak-park.us/sites/default/files/parking/lots/2018_guidelines/parking-lot-guidelines-lot-120.pdf,,,42,3431
lot,121,Lot 121,,Fair Oaks Ave and North Ave,41.9089315,-87.7890352,Village of Oak Park,,Village of Oak Park,Night; 24-hour,1,METER,CASHCREDITMOBILE,,,,,,,,,0,,0,0,,N,,,,,42,57700
lot,25A,Lot 25A,11 Adams St,11 Adams St - Adams west of Austin,41.8783209,-87.7751868,Village of Oak Park,,Village of Oak Park,24-hour,1,,,,,,,,,,,,,,,,Y,ENCLAVE,https://www.oak-park.us/sites/default/files/parking/lots/2018_guidelines/lot_25a.pdf,,,42,3433
lot,25F,Lot 25F,7 Fillmore Ave,7 Fillmore Ave - Fillmore west of Austin,41.8673437,-87.7747181,Village of Oak Park,,Village of Oak Park,24-hour,1,,,,,,,,,,,,,,,,Y,ON-STREET,https://www.oak-park.us/sites/default/files/parking/lots/2018_guidelines/lot_25f.pdf,,,42,3525
lot,25I,Lot 25I,15 Iowa St,15 Iowa St - Iowa west of Austin,41.8964848,-87.7755854,Village of Oak Park,,Village of Oak Park,24-hour,1,,,,,,,,,,,,,,,,Y,ON-STREET,https://www.oak-park.us/sites/default/files/parking/lots/2018_guidelines/lot_25i.pdf,,,42,3471
lot,25P,Lot 25P,12 Pleasant St,12 Pleasant St - Pleasant west of Austin,41.8853318,-87.7752662,Village of Oak Park,,Village of Oak Park,24-hour,1,,,,,,,,,,,,,,,,Y,ON-STREET,https://www.oak-park.us/sites/default/files/parking/lots/2018_guidelines/lot_25p.pdf,,,42,3446
lot,25S,Lot 25S,16 Superior St,16 Superior St - Superior west of Austin,41.8935235,-87.7761331,Village of Oak Park,,Village of Oak Park,24-hour,1,,,,,,,,,,,,,,,,Y,ON-STREET,https://www.oak-park.us/sites/default/files/parking/lots/2018_guidelines/lot_25s.pdf,,,42,3514
lot,25V,Lot 25V,,Austin Blvd and Van Buren St,41.8745716,-87.7747349,Village of Oak Park,,Village of Oak Park,24-hour,1,,,,,,,,,,,0,,0,0,,Y,ON-STREET,,,,42,57699
lot,46C,Lot 46C,401 S Cuyler,401 S Cuyler - Cuyler Street south of Washington Boulevard,41.8807393,-87.7828819,District 97,,District 97,24-hour,1,,,,,,,,,,20,0,,0,0,,N,,https://www.oak-park.us/sites/default/files/parking/lots/guidelines/lot_46_guidelines_combined-10-25-19.pdf,,,42,5067
lot,46D,Lot 46D,401 S Cuyler,401 S Cuyler - Cuyler Street south of Washington Boulevard,41.8808418,-87.7820468,District 97,,District 97,24-hour,1,,,,,,,,,,20,0,,0,0,,N,,https://www.oak-park.us/sites/default/files/parking/lots/guidelines/lot_46_guidelines_combined-10-25-19.pdf,,,42,57702
lot,46E,Lot 46E,401 S Cuyler,401 S Cuyler - Cuyler Street south of Washington Boulevard,41.8810751,-87.7821925,District 97,,District 97,24-hour,1,,,,,,,,,,20,0,,0,0,,N,,https://www.oak-park.us/sites/default/files/parking/lots/guidelines/lot_46_guidelines_combined-10-25-19.pdf,,,42,57701
lot,46F,Lot 46F,401 S Cuyler,401 S Cuyler - Cuyler Street south of Washington Boulevard,41.8810891,-87.782694,District 97,,District 97,24-hour,1,,,,,,,,,,20,0,,0,0,,N,,https://www.oak-park.us/sites/default/files/parking/lots/guidelines/lot_46_guidelines_combined-10-25-19.pdf,,,42,57833
lot,46G,Lot 46G,401 S Cuyler,401 S Cuyler - Cuyler Street south of Washington Boulevard,41.8815007,-87.7831511,District 97,,District 97,24-hour,1,,,,,,,,,,20,0,,0,0,,N,,https://www.oak-park.us/sites/default/files/parking/lots/guidelines/lot_46_guidelines_combined-10-25-19.pdf,,,42,57703
lot,48E,Lot 48E,502 S Cuyler Ave,502 S Cuyler Ave - Eastside of Cuyler south of Madison,41.8797558,-87.7833783,Village of Oak Park,,Village of Oak Park,Night,1,,,,,,,,,,,,,,,,Y,ON-STREET,https://www.oak-park.us/sites/default/files/parking/lots/2018_guidelines/lot_48e.pdf,,,42,3523
lot,48W,Lot 48W,501 S. Cuyler Ave,"Westside of Cuyer south of madison, 501 S. Cuyler Ave",41.8791304,-87.782145,Village of Oak Park,,Village of Oak Park,24-hour,1,METER,,,,,,,,,,,,,,,Y,ON-STREET,https://www.oak-park.us/sites/default/files/parking/lots/2018_guidelines/lot_48w.pdf,,,42,3464
lot,50N,Lot 50N,118 N Humphrey Ave,118 N Humphrey Ave - Humphrey Ave north of Lake St,41.8888302,-87.7776799,Village of Oak Park,,Village of Oak Park,Night,1,METER,,,,,,,,,,,,,,,Y,ENCLAVE,https://www.oak-park.us/sites/default/files/parking/lots/2018_guidelines/lot_50n.pdf,,,42,3456
lot,51N,Lot 51N,500 N Humphrey Ave,500 N Humphrey Ave - Humphrey Avenue north of Chicago Ave,41.89499,-87.776837,Village of Oak Park,,Village of Oak Park,Night,1,METER,,,,,,,,,,,,,,,Y,ON-STREET,https://www.oak-park.us/sites/default/files/parking/lots/2018_guidelines/lot_51n.pdf,,,42,3455
lot,51S,Lot 51S,434 N. Humphrey Ave,434 N. Humphrey Ave - Humphrey Avenue south of Chicago Avenue,41.8941474,-87.7759066,Village of Oak Park,,Village of Oak Park,Night,1,METER,,,,,,,,,,,,,,,Y,ON-STREET,https://www.oak-park.us/sites/default/files/parking/lots/2018_guidelines/lot_51s.pdf,,,42,3487
lot,62E,IDOT Offices,445 Harrison St,445 Harrison St - Harrison east of Gunderson,41.8733323,-87.7876822,IDOT,IDOT Offices,,Night,1,,,,,,,,,,,,,,,,Y,PARKINGLOT,https://www.oak-park.us/sites/default/files/parking/lots/2018_guidelines/lot_62e.pdf,,,42,3509
lot,62W,Lot 62W,445 Harrison St,"445 Harrison St - IDOT Offices, Harrison west of Gunderson",41.8726239,-87.7873581,IDOT,,,Night,1,,,,,,,,,,,,,,,,Y,PARKINGLOT,https://www.oak-park.us/sites/default/files/parking/lots/2018_guidelines/lot_62w.pdf,,,42,3479
lot,66N,Lot 66N,636 North Blvd,636 North Blvd - Southside of North Blvd from Euclid Ave to Bishop Quarter Ln,41.8873564,-87.7911889,Village of Oak Park,,Village of Oak Park,24-hour,1,METER,,,,,,,,,,,,,,,Y,PARKINGLOT,https://www.oak-park.us/sites/default/files/parking/lots/2018_guidelines/lot_66n.pdf,,,42,3447
lot,71E,Lot 71E,440 S Euclid Ave,440 S Euclid Ave - Eastside of Euclid north of Madison,41.879835,-87.7919565,Village of Oak Park,,Village of Oak Park,Night,0,,,,,,,,,,,,,,,,Y,ON-STREET,,,,42,3505
lot,71W,Lot 71W,441 S Euclid Ave,441 S Euclid Ave - Westside of Euclid north of Madison,41.8826119,-87.7981207,Village of Oak Park,,Village of Oak Park,Night,0,,,,,,,,,,,,,,,,Y,ON-STREET,,,,42,3490
lot,SB1,Lot SB1,36 South Blvd,36 South Blvd - Northside of South Boulevard between Humphrey to Taylor,41.887437,-87.778104,Village of Oak Park,,Village of Oak Park,Day; Night; 24-hour,1,,,,,,,,,,,,,,,,Y,ON-STREET,https://www.oak-park.us/sites/default/files/parking/lots/2018_guidelines/lot_sb1.pdf,,,42,3483
lot,SB2,Lot SB2,238 South Blvd,238 South Blvd - Northside of South Boulevard between Harvey and Cuyler,41.8871593,-87.7829393,Village of Oak Park,,Village of Oak Park,Day; Night; 24-hour,1,METER,,,,,,,,,,,,,,,Y,ON-STREET,https://www.oak-park.us/sites/default/files/parking/lots/2018_guidelines/lot_sb2.pdf,,,42,3470
lot,SB3,Lot SB3,400 South Blvd,400 South Blvd - Northside of South Boulevard between Ridgeland and Elmwood,41.8871236,-87.7857097,Village of Oak Park,,Village of Oak Park,Night; Meters,1,METER,,,,,,,,,,,,,,,Y,ON-STREET,https://www.oak-park.us/sites/default/files/parking/lots/2018_guidelines/lot_sb3.pdf,,,42,3442
lot,SB4,Lot SB4,500 South Blvd,500 South Blvd - Northside of South Blvd between Elmwood and East Ave,41.8869324,-87.7885788,Village of Oak Park,,Village of Oak Park,S3; Night; 24-hour,1,METER,,,,,,,,,,,,,,,Y,ENCLAVE,https://www.oak-park.us/sites/default/files/parking/lots/2018_guidelines/lot_sb4.pdf,,,42,3472
lot,SB4,Lot SB4,500 South Blvd,500 South Blvd - Northside of South Blvd between Elmwood and East Ave,41.8870034,-87.7871167,Village of Oak Park,,Village of Oak Park,S3; Night; 24-hour,1,METER,,,,,,,,,,,,,,,Y,ENCLAVE,https://www.oak-park.us/sites/default/files/parking/lots/2018_guidelines/lot_sb4.pdf,,,42,57270
lot,SB5,Lot SB5,600 South Blvd,600 South Blvd - Northside of South Blvd between East Ave and Wesley Ave,41.8870367,-87.7905937,Village of Oak Park,,Village of Oak Park,Day; Night; 24-hour,1,,,,,,,,,,,,,,,,Y,ENCLAVE,https://www.oak-park.us/sites/default/files/parking/lots/2018_guidelines/lot_sb5.pdf,,,42,3438
lot,SB6,Lot SB6,700 South Blvd,700 South Blvd - Northside of South Blvd between Euclid and Oak Park Ave,41.8867622,-87.7931032,Village of Oak Park,,Village of Oak Park,Day; 24-hour,1,METER,,,,,,,,,,,,,,,Y,ENCLAVE,https://www.oak-park.us/sites/default/files/parking/lots/2018_guidelines/lot_sb6.pdf,,,42,3441
lot,SB7,Lot SB7,800 South Blvd,800 South Blvd - Northside of South Blvd between Oak Park Ave and Kenilworth Ave,41.8868668,-87.7957246,Village of Oak Park,,Village of Oak Park,Day; Night; 24-hour,1,METER,,,,,,,,,,,,,,,Y,ENCLAVE,https://www.oak-park.us/sites/default/files/parking/lots/2018_guidelines/lot_sb7.pdf,,,42,3494
lot,SB8,Lot SB8,900 South Blvd,900 South Blvd - Northside of South Boulevard between Kenilworth and Clinton Ave,41.8868971,-87.7979484,Village of Oak Park,,Village of Oak Park,Day; Night; 24-hour,1,,,,,,,,,,,,,,,,Y,ENCLAVE,https://www.oak-park.us/sites/default/files/parking/lots/2018_guidelines/lot_sb8.pdf,,,42,3457
lot,SB9,Lot SB9,1000 South Blvd,1000 South Blvd - Northside of South Blvd between Clinton and Home Ave,41.8869366,-87.7992543,Village of Oak Park,,Village of Oak Park,Night,1,METER,,,,,,,,,,,,,,,Y,ENCLAVE,https://www.oak-park.us/sites/default/files/parking/lots/2018_guidelines/lot_sb9.pdf,,,42,3489
lot,Fenwick High School Parking Garage,Fenwick High School Parking Garage,,,41.8806398,-87.7882641,Fenwick High School,,Fenwick High School,,,,,,,,,,,,,,,0,,,N,,,,,42,3465
lot,Fenwick High School Parking Lot,Fenwick High School Parking Lot,,,41.8801955,-87.7888453,Fenwick High School,,Fenwick High School,,,,,,,,,,,,,,,0,,,N,,,,,42,3524
lot,NB10,Lot NB10,963 North Blvd,963 North Blvd - Southside of North Blvd east of Forest Ave to west of Kenilworth Ave,41.8871702,-87.7995344,Village of Oak Park,,Village of Oak Park,Day; 24-hour,1,METER,,,,,,,,,,,,,,,Y,ENCLAVE,https://www.oak-park.us/sites/default/files/parking/lots/2018_guidelines/lot_nb10.pdf,,,42,3429
lot,SB10,Lot SB10,1050 South Blvd,1050 South Blvd - Northside of South Blvd from Home Ave east toward metered spaces,41.8867533,-87.8007561,Village of Oak Park,,Village of Oak Park,Day,1,,,,,,,,,,,,,,,,Y,ENCLAVE,https://www.oak-park.us/sites/default/files/parking/lots/2018_guidelines/lot_sb10.pdf,,,42,3496
lot,SB11,Lot SB11,,,41.8861261,-87.8025919,,,,,1,METER,,,,,,,,,,,,0,,,N,,,,,42,3462
lot,SB6E,Lot SB6E,650 South Blvd,650 South Blvd - Northside of South Blvd between Wesley Ave and Euclid Ave,41.8868312,-87.7914894,Village of Oak Park,,Village of Oak Park,Night,1,METER,,,,,,,,,,,,,,,Y,ENCLAVE,https://www.oak-park.us/sites/default/files/parking/lots/2018_guidelines/lot_sb6e.pdf,,,42,3520
ev_charger,,Avenue Garage Electric Vehicle Charging Station,720 North Blvd,4th Floor of Avenue Garage - 720 North Blvd,41.8877892,-87.7936927,,,,,,,,,,,,,,,,,,,,,,,,,1 dual head charging station,4,848
ev_charger,,Avenue Garage Electric Vehicle Charging Station,720 North Blvd,3rd Floor of Avenue Garage - 720 North Blvd,41.8877502,-87.7936917,,,,,,,,,,,,,,,,,,,,,,,,,,4,2126
ev_charger,,Emerson Garage Electric Vehicle Charging Station,1135 Westgate St,Emerson Garage - 1135 Westgate St,41.887699,-87.8037082,,,,,,,,,,,,,,,,,,,,,,,,,,4,2124
ev_charger,,Holley Court Garage EV Charging Station,1149 Holley Ct,1st Floor of Holley Court Garage - 1149 Holley Ct,41.8895848,-87.8042185,,,,,,,,,,,,,,,,,,,,,,,,,1 dual head charging station,4,852
ev_charger,,Holley Court Garage EV Charging Station,1149 Holley Ct,3rd Floor of Holley Court Garage - 1149 Holley Ct,41.8895822,-87.8041535,,,,,,,,,,,,,,,,,,,,,,,,,,4,2125
ev_charger,,Holley Court Garage Electric Vehicle Charging Station,1149 Holley Ct,1st Floor of Holley Court Garage - 1149 Holley Ct,41.8895867,-87.8042793,,,,,,,,,,,,,,,,,,,,,,,,,,4,2119
ev_charger,,Lake anf Forest Garage Electric Vehicle Charing Station,150 Forest Ave,Lake and Forest Garage - 150 Forest Ave,41.8891853,-87.7996387,,,,,,,,,,,,,,,,,,,,,,,,,,4,854
ev_charger,,Lake anf Forest Garage Electric Vehicle Charing Station,150 Forest Ave,Lake and Forest Garage - 150 Forest Ave,41.8891807,-87.7996,,,,,,,,,,,,,,,,,,,,,,,,,,4,2121
ev_charger,,Village Hall Electric Vehicle Charging Station,123 Madison St,Village Hall Parking Lot - 123 Madison St,41.8787488,-87.7788828,,,,,,,,,,,,,,,,,,,,,,,,,,4,2123
ev_charger,,Village Hall Electric Vehicle Charging Station,123 Madison St,Village Hall Parking Lot - 123 Madison St,41.8787476,-87.7789445,,,,,,,,,,,,,,,,,,,,,,,,,,4,2129
ev_charger,,Walgreens Electric Vehicle Charging Station,801 Madion St,Walgreens Parking Lot - 801 Madion St,41.8794144,-87.7948831,,,,,,,,,,,,,,,,,,,,,,,,,,4,2122
ev_charger_village_vehicles_only,,Village Vehicle ONLY Electric Vehicle Charging Station,123 Madison St,Village Hall Parking Lot - 123 Madison St,41.8785708,-87.7790434,,,,,,,,,,,,,,,,,,,,,,,,,,36,2120
ev_charger_village_vehicles_only,,Village Vehicle ONLY Electric Vehicle Charging Station,123 Madison St,Village Hall Parking Lot - 123 Madison St,41.8785687,-87.7791065,,,,,,,,,,,,,,,,,,,,,,,,,,36,2128
ev_charger_village_vehicles_only,,Village Vehicle ONLY Electric Vehicle Charging Station,123 Madison St,Village Hall Parking Lot - 123 Madison St,41.8785734,-87.7789754,,,,,,,,,,,,,,,,,,,,,,,,,,36,2130
car_share,,Enterprise CarShare Euclid Ave,,located in parking lot at S Euclid Ave and Harrison St,41.8729487,-87.7931383,,,,,,,,,,,,,,,,,,,,,,,,,,3,845
car_share,,Enterprise CarShare Lake St,18 Lake St,18 Lake St,41.8881089,-87.7756806,,,,,,,,,,,,,,,,,,,,,,,,,,3,836
car_share,,Enterprise CarShare South Blvd,719 South Blvd,near 719 South Blvd,41.8867853,-87.7937966,,,,,,,,,,,,,,,,,,,,,,,,,,3,843
car_share,,Enterprise CarShare Village Hall,,located in parking lot behind Village Hall,41.8785886,-87.7793183,,,,,,,,,,,,,,,,,,,,,,,,,,3,868
car_share,,Zipcar Humphrey Ave,425 N Humphrey Ave,425 N Humphrey Ave,41.8941794,-87.7769263,,,,,,,,,,,,,,,,,,,,,,,,http://www.zipcar.com/,,3,864
car_share,,Zipcar North Blvd,,located in parking lot along North Blvd between Forest Ave and Marion St,41.8872733,-87.8013149,,,,,,,,,,,,,,,,,,,,,,,,,,3,2118
car_share,,Zipcar North Blvd,,located in parking lot along North Blvd between Forest Ave and Marion St,41.8872691,-87.8012765,,,,,,,,,,,,,,,,,,,,,,,,,,3,2131
car_share,,Zipcar South Blvd,,Ridgeland/South Blvd,41.8870825,-87.7837793,,,,,,,,,,,,,,,,,,,,,,,,http://www.zipcar.com/,,3,842
car_share,,Zipcar Taylor Ave,438 S Taylor Ave,438 S Taylor Ave,41.8802404,-87.7777396,,,,,,,,,,,,,,,,,,,,,,,,http://www.zipcar.com/,,3,838
