year,rcdts,level,district_name,school_name,type,district_type,school_type,enrollment,pct_low_income,pct_el,pct_iep,chronic_absenteeism_pct,pupil_teacher_ratio_elementary,pupil_teacher_ratio_high_school,avg_class_size_all_grades,instructional_expenditure_per_pupil,operating_expenditure_per_pupil,site_based_total_per_pupil_expenditure,ela_proficiency_pct,math_proficiency_pct,science_proficiency_pct,grad_rate_4yr_pct,ninth_grade_on_track_pct,teacher_avg_salary,teacher_retention_rate_pct,summative_designation,source_file
2018,STATE,state,State of Illinois,,,,,2001529,49.4,11.7,14.5,16.8,19,19.3,20,8023.61,13336.64,,36.7,31.5,,85.4,86,65720.52,85.2,,Report-Card-Public-Data-Set.xlsx
2018,050160650040000,district,Evanston CCSD 65,,elementary,ELEMENTARY,,7943,37.8,13.9,13.7,9.9,14.6,,21,8629.41,14265.98,,42.2,44.4,,,,80309.39,89.6,,Report-Card-Public-Data-Set.xlsx
2018,050162020170000,district,Evanston Twp HSD 202,,high,HIGH SCHOOL,,3547,38.5,4.7,13.6,12.9,,15.4,19,11900.11,22273.19,,55.2,50.8,,91.1,92,99441.41,91.5,,Report-Card-Public-Data-Set.xlsx
2018,060160900020000,district,River Forest SD 90,,elementary,ELEMENTARY,,1432,5.9,2,13.1,5.3,15.2,,21,9659.86,15424.84,,70.1,62.6,,,,67866.59,91.4,,Report-Card-Public-Data-Set.xlsx
2018,060160910020000,district,Forest Park SD 91,,elementary,ELEMENTARY,,782,52.7,8.2,20.7,10.5,10.8,,14,14961.32,23742.27,,35.1,17.7,,,,62042.23,87.9,,Report-Card-Public-Data-Set.xlsx
2018,060160960020000,district,Riverside SD 96,,elementary,ELEMENTARY,,1720,15.2,5.8,13.8,6.1,15.7,,21,9083.14,13542.38,,68.4,61.5,,,,69149.35,88.1,,Report-Card-Public-Data-Set.xlsx
2018,060160970020000,district,Oak Park ESD 97,,elementary,ELEMENTARY,,6165,17.5,2.6,13.2,7.8,16.4,,23,8259.5,13978.22,,41.2,39.8,,,,74512.22,85.4,,Report-Card-Public-Data-Set.xlsx
2018,060160970021003,school,Oak Park ESD 97,Gwendolyn Brooks Middle School,elementary,ELEMENTARY,MIDDLE SCHL,966,17.1,1.1,13.5,10.2,,,24,,,,31,25.4,,,,,82.8,Targeted,Report-Card-Public-Data-Set.xlsx
2018,060160970021004,school,Oak Park ESD 97,Percy Julian Middle School,elementary,ELEMENTARY,MIDDLE SCHL,1013,18.3,,13.4,10.1,,,24,,,,41.1,34.9,,,,,86.7,Targeted,Report-Card-Public-Data-Set.xlsx
2018,060160970022001,school,Oak Park ESD 97,William Beye Elem School,elementary,ELEMENTARY,ELEMENTARY,369,23.8,3,13.6,8.4,,,21,,,,47.5,40.5,,,,,80.4,Commendable,Report-Card-Public-Data-Set.xlsx
2018,060160970022003,school,Oak Park ESD 97,William Hatch Elem School,elementary,ELEMENTARY,ELEMENTARY,372,11.8,,10.8,3.7,,,20,,,,50,52.8,,,,,91.5,Commendable,Report-Card-Public-Data-Set.xlsx
2018,060160970022005,school,Oak Park ESD 97,Oliver W Holmes Elem School,elementary,ELEMENTARY,ELEMENTARY,593,19.6,7.4,8.3,9.5,,,22,,,,45.8,49.1,,,,,90.7,Commendable,Report-Card-Public-Data-Set.xlsx
2018,060160970022006,school,Oak Park ESD 97,Irving Elem School,elementary,ELEMENTARY,ELEMENTARY,491,22,2.9,12.6,6.1,,,22,,,,42.3,44.4,,,,,84.1,Commendable,Report-Card-Public-Data-Set.xlsx
2018,060160970022007,school,Oak Park ESD 97,Abraham Lincoln Elem School,elementary,ELEMENTARY,ELEMENTARY,687,14.3,3.8,10.6,5.5,,,22,,,,37.5,42.5,,,,,85.8,Commendable,Report-Card-Public-Data-Set.xlsx
2018,060160970022008,school,Oak Park ESD 97,Longfellow Elem School,elementary,ELEMENTARY,ELEMENTARY,721,18.4,2.6,13.2,6.9,,,22,,,,57.4,59.4,,,,,86.2,Commendable,Report-Card-Public-Data-Set.xlsx
2018,060160970022009,school,Oak Park ESD 97,Horace Mann Elem School,elementary,ELEMENTARY,ELEMENTARY,485,6.8,2.5,8,5.2,,,23,,,,50.2,66.6,,,,,82.5,Exemplary,Report-Card-Public-Data-Set.xlsx
2018,060160970022010,school,Oak Park ESD 97,Whittier Elem School,elementary,ELEMENTARY,ELEMENTARY,426,20.2,3.8,22.5,7.3,,,22,,,,43.1,40.3,,,,,86,Exemplary,Report-Card-Public-Data-Set.xlsx
2018,060160980020000,district,Berwyn North SD 98,,elementary,ELEMENTARY,,2939,88.5,29.8,16.9,15.3,20.3,,25,8526.47,13174.41,,41.5,24.8,,,,63721.99,84.6,,Report-Card-Public-Data-Set.xlsx
2018,060161000020000,district,Berwyn South SD 100,,elementary,ELEMENTARY,,3728,76.8,26.4,13.5,10.1,16.9,,23,6743.53,11583.12,,24.7,21.7,,,,54083.14,78,,Report-Card-Public-Data-Set.xlsx
2018,060162000130000,district,Oak Park - River Forest SD 200,,high,HIGH SCHOOL,,3415,21.6,0.5,16.6,17.7,,17.4,18,15782.93,23965.95,,61.7,54.1,,92.7,89,104014.89,93.3,,Report-Card-Public-Data-Set.xlsx
2018,060162000130001,school,Oak Park - River Forest SD 200,Oak Park & River Forest High Sch,high,HIGH SCHOOL,HIGH SCHOOL,3370,21.5,0.5,15.5,17.7,,,18,,,,62.1,55.2,,94.4,90,,93.3,Commendable,Report-Card-Public-Data-Set.xlsx
2018,060162040170000,district,Lyons Twp HSD 204,,high,HIGH SCHOOL,,4072,12.6,1.9,11.4,10.6,,18.4,24,11424.79,18343.26,,58.9,58.1,,94.1,95,109138.91,96.6,,Report-Card-Public-Data-Set.xlsx
2018,060162080170000,district,Riverside-Brookfield Twp SD 208,,high,HIGH SCHOOL,,1632,14.2,5,12.7,11,,19.7,23,9906.96,15163.08,,50.8,47.8,,94.3,95,96486.25,96,,Report-Card-Public-Data-Set.xlsx
2018,060162090170000,district,Proviso Twp HSD 209,,high,HIGH SCHOOL,,4454,30.2,10.5,15.4,27.2,,20.5,19,8742.38,17693.74,,20.2,18,,74.7,68,65805.64,80.8,,Report-Card-Public-Data-Set.xlsx
2018,190222050260000,district,Elmhurst SD 205,,unit,UNIT,,8599,15.6,8,13.7,8.6,15.9,18.8,22,9234.58,14510.26,,52.5,53.5,,94.6,93,77190.73,88.2,,Report-Card-Public-Data-Set.xlsx
2019,STATE,state,State of Illinois,,,,,1984519,48.8,12.1,15.5,17.5,18.4,19,21.9,8171.98,13763.5,,37.4,32,48.3,86.2,,67049,85.7,,2019-Report-Card-Public-Data-Set.xlsx
2019,050160650040000,district,Evanston CCSD 65,,elementary,ELEMENTARY,,7832,37.7,14.6,13.4,10.5,14.4,,21.6,8878.12,15212.38,15400.721729266,43.5,44.9,61.9,,,81391,89.6,,2019-Report-Card-Public-Data-Set.xlsx
2019,050162020170000,district,Evanston Twp HSD 202,,high,HIGH SCHOOL,,3610,36.9,5.3,13.6,24.3,,15.1,14.9,11672.94,21805.59,22220,52.1,49.4,46.2,92,,101243,92.7,,2019-Report-Card-Public-Data-Set.xlsx
2019,060160900020000,district,River Forest SD 90,,elementary,ELEMENTARY,,1477,4.8,2,14.2,4.8,15.4,,22.5,9991.03,16113.83,16380.124534278,68.7,62.4,78.1,,,76238,92.3,,2019-Report-Card-Public-Data-Set.xlsx
2019,060160910020000,district,Forest Park SD 91,,elementary,ELEMENTARY,,775,49.9,6.7,23.4,19,11.2,,16.2,14900.27,23826.26,23899.246568688,33.5,22,47.7,,,62753,88.5,,2019-Report-Card-Public-Data-Set.xlsx
2019,060160960020000,district,Riverside SD 96,,elementary,ELEMENTARY,,1711,21.9,4.9,15.7,9,15.6,,20.4,9237.52,14365.37,19714.927552294,72.6,57.9,79.7,,,67835,89.6,,2019-Report-Card-Public-Data-Set.xlsx
2019,060160970020000,district,Oak Park ESD 97,,elementary,ELEMENTARY,,6117,17.2,2.5,15.3,7.7,16,,20.8,8485.94,14421.97,14337.016631805,41.9,42.7,62.4,,,77260,83.9,,2019-Report-Card-Public-Data-Set.xlsx
2019,060160970021003,school,Oak Park ESD 97,Gwendolyn Brooks Middle School,elementary,ELEMENTARY,MIDDLE SCHL,906,16.4,1.2,13.7,10.7,,,20.8,,,14245,30.1,28.8,52.3,,,,79.7,Targeted,2019-Report-Card-Public-Data-Set.xlsx
2019,060160970021004,school,Oak Park ESD 97,Percy Julian Middle School,elementary,ELEMENTARY,MIDDLE SCHL,1043,19,0.8,13.7,9.5,,,22.2,,,12378,45.5,37.1,58.1,,,,85.5,Commendable,2019-Report-Card-Public-Data-Set.xlsx
2019,060160970022001,school,Oak Park ESD 97,William Beye Elem School,elementary,ELEMENTARY,ELEMENTARY,367,19.1,3.5,17.7,8.6,,,19.9,,,16230,52.9,54.7,72.3,,,,78.8,Commendable,2019-Report-Card-Public-Data-Set.xlsx
2019,060160970022003,school,Oak Park ESD 97,William Hatch Elem School,elementary,ELEMENTARY,ELEMENTARY,379,13.7,0.8,10.8,2.5,,,20.1,,,14255,50.8,53.5,70,,,,91.5,Exemplary,2019-Report-Card-Public-Data-Set.xlsx
2019,060160970022005,school,Oak Park ESD 97,Oliver W Holmes Elem School,elementary,ELEMENTARY,ELEMENTARY,571,19.4,5.8,9.5,6.5,,,20,,,13277,43.6,51.5,70.2,,,,85.7,Exemplary,2019-Report-Card-Public-Data-Set.xlsx
2019,060160970022006,school,Oak Park ESD 97,Irving Elem School,elementary,ELEMENTARY,ELEMENTARY,483,17.6,2.7,15.1,7.7,,,18.9,,,17660,44.1,49.6,68.1,,,,84.1,Exemplary,2019-Report-Card-Public-Data-Set.xlsx
2019,060160970022007,school,Oak Park ESD 97,Abraham Lincoln Elem School,elementary,ELEMENTARY,ELEMENTARY,685,17.2,4.1,12.8,6.9,,,21.4,,,14680,43.3,44.2,68,,,,87,Commendable,2019-Report-Card-Public-Data-Set.xlsx
2019,060160970022008,school,Oak Park ESD 97,Longfellow Elem School,elementary,ELEMENTARY,ELEMENTARY,703,19.1,2.4,17.6,6.1,,,21.3,,,13571,44.1,56.5,58.9,,,,82.4,Commendable,2019-Report-Card-Public-Data-Set.xlsx
2019,060160970022009,school,Oak Park ESD 97,Horace Mann Elem School,elementary,ELEMENTARY,ELEMENTARY,490,5.7,2.4,13.3,4.9,,,20.2,,,14174,55.3,68.2,80.6,,,,80.6,Exemplary,2019-Report-Card-Public-Data-Set.xlsx
2019,060160970022010,school,Oak Park ESD 97,Whittier Elem School,elementary,ELEMENTARY,ELEMENTARY,448,20.3,2.9,25.9,6.7,,,19.8,,,16335,30.3,35.3,70.4,,,,87.5,Commendable,2019-Report-Card-Public-Data-Set.xlsx
2019,060160980020000,district,Berwyn North SD 98,,elementary,ELEMENTARY,,2888,87.8,31.9,19.1,17.6,20,,25.7,9079.56,14599.15,13469.979408865,43.4,24.8,52.9,,,65554,83.7,,2019-Report-Card-Public-Data-Set.xlsx
2019,060161000020000,district,Berwyn South SD 100,,elementary,ELEMENTARY,,3663,80.7,28,16,10.2,16.4,,21.1,7188.35,12247.88,11537.568604133,30.2,23.6,44.5,,,56197,77.8,,2019-Report-Card-Public-Data-Set.xlsx
2019,060162000130000,district,Oak Park - River Forest SD 200,,high,HIGH SCHOOL,,3463,19.3,0.5,18,15.4,,17.7,23.2,16345.85,24863.08,23641.13,65.2,58.2,59.6,91.4,,102711,92.7,,2019-Report-Card-Public-Data-Set.xlsx
2019,060162000130001,school,Oak Park - River Forest SD 200,Oak Park & River Forest High Sch,high,HIGH SCHOOL,HIGH SCHOOL,3398,19.2,0.6,16.6,15.4,,,23.2,,,23641.13,65.2,58.2,59.6,91.4,,,92.7,Commendable,2019-Report-Card-Public-Data-Set.xlsx
2019,060162040170000,district,Lyons Twp HSD 204,,high,HIGH SCHOOL,,4125,12.1,2,12.1,13.4,,18.7,22.3,11435.63,18161.38,18311.45,59.2,63.6,57.2,93.5,,109654,96.1,,2019-Report-Card-Public-Data-Set.xlsx
2019,060162080170000,district,Riverside-Brookfield Twp SD 208,,high,HIGH SCHOOL,,1657,11.6,4.9,13.4,15.1,,19.6,24.8,10443.39,15506.29,15126.06,53.4,53.4,61.2,93.9,,91122,95.8,,2019-Report-Card-Public-Data-Set.xlsx
2019,060162090170000,district,Proviso Twp HSD 209,,high,HIGH SCHOOL,,4592,34.3,12.1,16.5,45.9,,22,21.7,8536.01,17910.15,17332.183648737,16.2,13.2,12.7,76.1,,67679,77.4,,2019-Report-Card-Public-Data-Set.xlsx
2019,190222050260000,district,Elmhurst SD 205,,unit,UNIT,,8573,15.2,8.8,15.7,7.6,15.9,18.6,24.1,9248.78,14509.99,14305.62480267,53.2,53.1,68.1,94.9,,80779,89.6,,2019-Report-Card-Public-Data-Set.xlsx
2020,STATE,state,State of Illinois,,,,,1957018,48.5,12.5,14.8,11,18.1,18.6,21.7,8582.44,14491.98,,,,,88,88.8,68083,85.9,,2020-Report-Card-Public-Data-Set.xlsx
2020,050160650040000,district,Evanston CCSD 65,,elementary,ELEMENTARY,,7674,36.6,15.4,12.8,7.3,13.3,,18.9,9373.66,15960.37,16372.007,,,,,,84434,89.2,,2020-Report-Card-Public-Data-Set.xlsx
2020,050162020170000,district,Evanston Twp HSD 202,,high,HIGH SCHOOL,,3615,34.8,5.1,11.6,21.1,,15.3,16.6,12857.93,23528.51,21728.0524,,,,93.1,96.7,104239,92.7,,2020-Report-Card-Public-Data-Set.xlsx
2020,060160900020000,district,River Forest SD 90,,elementary,ELEMENTARY,,1469,5,2.4,13.3,5.2,16.1,,22.9,10723.26,16948.42,17356.615,,,,,,69759,90.6,,2020-Report-Card-Public-Data-Set.xlsx
2020,060160910020000,district,Forest Park SD 91,,elementary,ELEMENTARY,,774,46.3,7.8,20.4,14.8,12,,16.1,16037.88,25742.5,21459.4206,,,,,,64090,82.9,,2020-Report-Card-Public-Data-Set.xlsx
2020,060160960020000,district,Riverside SD 96,,elementary,ELEMENTARY,,1722,20.8,5.2,13,3.2,15.8,,21.4,10789.22,16963.76,16143.7257,,,,,,69377,92.5,,2020-Report-Card-Public-Data-Set.xlsx
2020,060160970020000,district,Oak Park ESD 97,,elementary,ELEMENTARY,,6042,15.8,2.7,13,2.1,15.5,,20.6,9107.1,15079.01,14971.788,,,,,,79171,86.5,,2020-Report-Card-Public-Data-Set.xlsx
2020,060160970021003,school,Oak Park ESD 97,Gwendolyn Brooks Middle School,elementary,ELEMENTARY,MIDDLE SCHL,908,17.5,1.9,13.4,0.9,,,20.8,,,15044,,,,,,,85.9,Targeted,2020-Report-Card-Public-Data-Set.xlsx
2020,060160970021004,school,Oak Park ESD 97,Percy Julian Middle School,elementary,ELEMENTARY,MIDDLE SCHL,1008,17.7,1,13.9,1,,,22,,,13500,,,,,,,86.4,Commendable,2020-Report-Card-Public-Data-Set.xlsx
2020,060160970022001,school,Oak Park ESD 97,William Beye Elem School,elementary,ELEMENTARY,ELEMENTARY,397,16.1,4,13.4,3.9,,,20.9,,,17073,,,,,,,86.7,Commendable,2020-Report-Card-Public-Data-Set.xlsx
2020,060160970022003,school,Oak Park ESD 97,William Hatch Elem School,elementary,ELEMENTARY,ELEMENTARY,382,12.6,2.1,8.9,2.4,,,20.4,,,14911,,,,,,,93.4,Exemplary,2020-Report-Card-Public-Data-Set.xlsx
2020,060160970022005,school,Oak Park ESD 97,Oliver W Holmes Elem School,elementary,ELEMENTARY,ELEMENTARY,520,18.3,6.2,8.3,2.4,,,18.4,,,15164,,,,,,,90.4,Exemplary,2020-Report-Card-Public-Data-Set.xlsx
2020,060160970022006,school,Oak Park ESD 97,Irving Elem School,elementary,ELEMENTARY,ELEMENTARY,498,18.1,2.4,12.2,2.6,,,19.3,,,15830,,,,,,,84,Exemplary,2020-Report-Card-Public-Data-Set.xlsx
2020,060160970022007,school,Oak Park ESD 97,Abraham Lincoln Elem School,elementary,ELEMENTARY,ELEMENTARY,678,15.9,3.2,10.9,3.4,,,20.3,,,15167,,,,,,,85.3,Commendable,2020-Report-Card-Public-Data-Set.xlsx
2020,060160970022008,school,Oak Park ESD 97,Longfellow Elem School,elementary,ELEMENTARY,ELEMENTARY,695,14.8,3.5,13.7,3,,,19.9,,,14374,,,,,,,85.3,Commendable,2020-Report-Card-Public-Data-Set.xlsx
2020,060160970022009,school,Oak Park ESD 97,Horace Mann Elem School,elementary,ELEMENTARY,ELEMENTARY,474,3.8,1.9,10.5,1.9,,,20.5,,,14284,,,,,,,84.8,Exemplary,2020-Report-Card-Public-Data-Set.xlsx
2020,060160970022010,school,Oak Park ESD 97,Whittier Elem School,elementary,ELEMENTARY,ELEMENTARY,482,18.9,2.5,23.7,3,,,21.6,,,16408,,,,,,,85.8,Commendable,2020-Report-Card-Public-Data-Set.xlsx
2020,060160980020000,district,Berwyn North SD 98,,elementary,ELEMENTARY,,2810,69.8,33.2,17.5,10.2,18.6,,24.3,8285.36,13437.04,14444.8559,,,,,,67979,85.9,,2020-Report-Card-Public-Data-Set.xlsx
2020,060161000020000,district,Berwyn South SD 100,,elementary,ELEMENTARY,,3520,67.2,30.3,14.4,4,16.2,,21.7,7651.38,12848.61,12439.5896,,,,,,58885,77.7,,2020-Report-Card-Public-Data-Set.xlsx
2020,060162000130000,district,Oak Park - River Forest SD 200,,high,HIGH SCHOOL,,3393,17.8,0.5,16.4,19,,17.8,22.8,15260.48,22896.01,24033.02,,,,95.2,91.8,102295,92.4,,2020-Report-Card-Public-Data-Set.xlsx
2020,060162000130001,school,Oak Park - River Forest SD 200,Oak Park & River Forest High Sch,high,HIGH SCHOOL,HIGH SCHOOL,3393,17.8,0.5,16.4,19,,,22.8,,,24033.02,,,,95.2,91.8,,92.4,Commendable,2020-Report-Card-Public-Data-Set.xlsx
2020,060162040170000,district,Lyons Twp HSD 204,,high,HIGH SCHOOL,,3990,11.3,2.2,11.1,6.1,,17.8,22.3,11429.83,18495.95,18666.27,,,,93.8,98.9,113178,96.2,,2020-Report-Card-Public-Data-Set.xlsx
2020,060162080170000,district,Riverside-Brookfield Twp SD 208,,high,HIGH SCHOOL,,1636,11.3,4.2,12.3,9.6,,18.8,24.2,10930.88,16002.1,15156.19,,,,95.1,95.7,97443,96.3,,2020-Report-Card-Public-Data-Set.xlsx
2020,060162090170000,district,Proviso Twp HSD 209,,high,HIGH SCHOOL,,4244,58,12.9,12.3,62.5,,20.4,20.9,9208.99,19969.69,18121.5976,,,,83.3,61.7,73813,77.9,,2020-Report-Card-Public-Data-Set.xlsx
2020,190222050260000,district,Elmhurst SD 205,,unit,UNIT,,8563,14.8,9.9,13.6,4.7,16.2,18.3,24.5,9532.85,14772.72,14841.703,,,,95.3,96.2,84796,91,,2020-Report-Card-Public-Data-Set.xlsx
2021,STATE,state,State of Illinois,,,,,1887316,48.1,12.9,14.9,21.1,16.9,18.4,20.3,8825.51,14746.95,,30.6,25.8,42.3,86.8,82.2,70653,87.1,,2021-RC-Pub-Data-Set.xlsx
2021,050160650040000,district,Evanston CCSD 65,,elementary,ELEMENTARY,,7181,38.6,15.1,13.5,5.7,13,,12.4,9785.61,16422.96,18159.25,34.4,37.1,53.3,,,85789,87.9,,2021-RC-Pub-Data-Set.xlsx
2021,050162020170000,district,Evanston Twp HSD 202,,high,HIGH SCHOOL,,3652,32.7,5.3,11.8,8.3,,15.1,14.5,13014.99,22887.4,23432.29,52.5,46.8,42.4,94.1,93.6,106761,93.2,,2021-RC-Pub-Data-Set.xlsx
2021,060160900020000,district,River Forest SD 90,,elementary,ELEMENTARY,,1400,4.1,2.6,11.7,5.2,14,,20.2,10634.12,17515.06,18682.48,57.9,56.6,71.9,,,70399,89.4,,2021-RC-Pub-Data-Set.xlsx
2021,060160910020000,district,Forest Park SD 91,,elementary,ELEMENTARY,,660,47.1,5.5,20.9,27.3,9.4,,15.6,16036.62,23819.41,26577.22,27,13.6,35.9,,,66077,80.7,,2021-RC-Pub-Data-Set.xlsx
2021,060160960020000,district,Riverside SD 96,,elementary,ELEMENTARY,,1652,19.4,4.9,13.3,4.4,15.6,,18.3,9291.43,14856.96,16545.13,53.2,47.1,77.1,,,70678,91.4,,2021-RC-Pub-Data-Set.xlsx
2021,060160970020000,district,Oak Park ESD 97,,elementary,ELEMENTARY,,5599,15.6,2.4,13,7.5,14.2,,19,9544.95,15507.07,16467.32,43.8,41.3,61.5,,,79501,87.3,,2021-RC-Pub-Data-Set.xlsx
2021,060160970021003,school,Oak Park ESD 97,Gwendolyn Brooks Middle School,elementary,ELEMENTARY,MIDDLE SCHL,902,15.6,1.7,13.6,8.9,,,19,,,16033,49.6,35.4,59.5,,,,89.9,Not Calculated,2021-RC-Pub-Data-Set.xlsx
2021,060160970021004,school,Oak Park ESD 97,Percy Julian Middle School,elementary,ELEMENTARY,MIDDLE SCHL,953,17.2,,12.6,15.4,,,20,,,14647,50.7,41.8,62.1,,,,88.1,Not Calculated,2021-RC-Pub-Data-Set.xlsx
2021,060160970022001,school,Oak Park ESD 97,William Beye Elem School,elementary,ELEMENTARY,ELEMENTARY,363,14.6,3.3,13.5,5,,,19.6,,,18992,41.5,45.9,61.1,,,,91.9,Not Calculated,2021-RC-Pub-Data-Set.xlsx
2021,060160970022003,school,Oak Park ESD 97,William Hatch Elem School,elementary,ELEMENTARY,ELEMENTARY,352,10.8,,11.4,3.2,,,20.2,,,15815,32.7,33.3,49.1,,,,86.1,Not Calculated,2021-RC-Pub-Data-Set.xlsx
2021,060160970022005,school,Oak Park ESD 97,Oliver W Holmes Elem School,elementary,ELEMENTARY,ELEMENTARY,472,20.6,5.3,9.1,5.1,,,16.8,,,16759,43.5,40.6,65.4,,,,86.8,Not Calculated,2021-RC-Pub-Data-Set.xlsx
2021,060160970022006,school,Oak Park ESD 97,Irving Elem School,elementary,ELEMENTARY,ELEMENTARY,508,16.9,,15.2,5,,,19.7,,,16289,28,35.2,48.3,,,,88.9,Not Calculated,2021-RC-Pub-Data-Set.xlsx
2021,060160970022007,school,Oak Park ESD 97,Abraham Lincoln Elem School,elementary,ELEMENTARY,ELEMENTARY,615,14.8,3.7,11.4,4.1,,,18.6,,,16465,36.8,44.6,53.4,,,,84.8,Not Calculated,2021-RC-Pub-Data-Set.xlsx
2021,060160970022008,school,Oak Park ESD 97,Longfellow Elem School,elementary,ELEMENTARY,ELEMENTARY,610,19.7,3.3,12,5.8,,,19,,,16867,44,42.1,64.8,,,,82.7,Not Calculated,2021-RC-Pub-Data-Set.xlsx
2021,060160970022009,school,Oak Park ESD 97,Horace Mann Elem School,elementary,ELEMENTARY,ELEMENTARY,416,3.1,,11.8,3.8,,,17.5,,,15549,51.1,59.8,83.3,,,,87.6,Not Calculated,2021-RC-Pub-Data-Set.xlsx
2021,060160970022010,school,Oak Park ESD 97,Whittier Elem School,elementary,ELEMENTARY,ELEMENTARY,408,17.2,,20.6,5.8,,,19.4,,,20414,33.9,44.3,72.1,,,,86.1,Not Calculated,2021-RC-Pub-Data-Set.xlsx
2021,060160980020000,district,Berwyn North SD 98,,elementary,ELEMENTARY,,2685,75.6,32.5,17,20.8,14.8,,22.6,8982.27,14649.33,14041.1,22.3,12.4,33.9,,,70237,87.5,,2021-RC-Pub-Data-Set.xlsx
2021,060161000020000,district,Berwyn South SD 100,,elementary,ELEMENTARY,,3268,64.2,30.9,13.4,8.3,15.2,,20.9,7883.08,13237.21,13244.38,19.6,14.4,38.2,,,60169,79.8,,2021-RC-Pub-Data-Set.xlsx
2021,060162000130000,district,Oak Park - River Forest SD 200,,high,HIGH SCHOOL,,3364,16,0.7,16.6,20.5,,17.6,23.3,14831.07,22922.08,21762.12,62.5,52.6,57.8,94.6,85.5,104887,92.6,,2021-RC-Pub-Data-Set.xlsx
2021,060162000130001,school,Oak Park - River Forest SD 200,Oak Park & River Forest High S,high,HIGH SCHOOL,HIGH SCHOOL,3364,16,0.7,16.6,20.5,,,23.3,,,21762.12,62.5,52.6,57.8,94.6,85.5,,92.6,Not Calculated,2021-RC-Pub-Data-Set.xlsx
2021,060162040170000,district,Lyons Twp HSD 204,,high,HIGH SCHOOL,,3975,11.1,2.5,11.2,6.4,,18,22.9,11460.3,18388.18,18688.42,54,50.8,51.5,95.2,95.6,115414,96.8,,2021-RC-Pub-Data-Set.xlsx
2021,060162080170000,district,Riverside-Brookfield Twp SD 20,,high,HIGH SCHOOL,,1624,9.4,4,11.7,7.7,,20,24.2,11386.66,16109.28,15561.14,45.8,43.6,43.3,95.5,95.4,101752,94,,2021-RC-Pub-Data-Set.xlsx
2021,060162090170000,district,Proviso Twp HSD 209,,high,HIGH SCHOOL,,4214,31.8,13.9,12.8,25.9,,18.2,19.9,10022.76,20757.72,16638.14,16.4,11.4,12.9,81,66.8,76252,80,,2021-RC-Pub-Data-Set.xlsx
2021,190222050260000,district,Elmhurst SD 205,,unit,UNIT,,8319,15.8,9.6,14.3,4.8,15.3,17.5,24.5,9801.06,15510.99,15924.81,44.1,44.5,52.9,94.1,97.1,87007,90.9,,2021-RC-Pub-Data-Set.xlsx
2022,STATE,state,State of Illinois,,,,,1869325,46.5,13.7,16.5,29.8,16.9,17.9,20.9,9702.85,16028.65,,29.9,25.8,50.7,87.3,86.6,72315,87.6,,2022-Report-Card-Public-Data-Set.xlsx
2022,050160650040000,district,Evanston CCSD 65,,elementary,ELEMENTARY,,6661,34.9,15.2,15.6,21.3,12.4,,18.9,10575.95,17852.21,21372.91,40.2,39.8,60.2,,,87598,87.9,,2022-Report-Card-Public-Data-Set.xlsx
2022,050162020170000,district,Evanston Twp HSD 202,,high,HIGH SCHOOL,,3653,31.8,6,13.6,23,,14.9,14.2,12771.4,21444.83,24031.75,48.7,42.1,64.8,94.2,93.1,109481,94.3,,2022-Report-Card-Public-Data-Set.xlsx
2022,060160900020000,district,River Forest SD 90,,elementary,ELEMENTARY,,1387,4.8,3.3,13.2,9.2,15.9,,20.2,11579.8,19419.01,19293.64,61.6,57,73.1,,,71694,88,,2022-Report-Card-Public-Data-Set.xlsx
2022,060160910020000,district,Forest Park SD 91,,elementary,ELEMENTARY,,700,37.9,6.1,23.9,25.8,11.5,,15.7,19521.08,29517.62,26731.41,29.2,15.4,48.4,,,69075,81,,2022-Report-Card-Public-Data-Set.xlsx
2022,060160960020000,district,Riverside SD 96,,elementary,ELEMENTARY,,1660,18.5,5.8,14.3,14,15,,20.4,10177.67,16498.26,17479.23,54.9,54.2,75.4,,,73295,92.6,,2022-Report-Card-Public-Data-Set.xlsx
2022,060160970020000,district,Oak Park ESD 97,,elementary,ELEMENTARY,,5532,16.1,2.6,14.5,14.6,13.2,,18,10462.53,16881.43,17886.96,41.7,41.2,65.7,,,81158,88.9,,2022-Report-Card-Public-Data-Set.xlsx
2022,060160970021003,school,Oak Park ESD 97,Gwendolyn Brooks Middle School,elementary,ELEMENTARY,MIDDLE SCHL,934,17.6,1.7,14.3,15.6,,,19.4,,,16032,36.2,36.1,63.1,,,,93.4,Commendable,2022-Report-Card-Public-Data-Set.xlsx
2022,060160970021004,school,Oak Park ESD 97,Percy Julian Middle School,elementary,ELEMENTARY,MIDDLE SCHL,928,16.5,1.7,14.5,20.8,,,17.8,,,16215,40.9,31.6,63.6,,,,90.6,Commendable,2022-Report-Card-Public-Data-Set.xlsx
2022,060160970022001,school,Oak Park ESD 97,William Beye Elem School,elementary,ELEMENTARY,ELEMENTARY,339,13,3.2,11.8,10.6,,,17.2,,,21232,38.6,45.5,73.8,,,,88.4,Commendable,2022-Report-Card-Public-Data-Set.xlsx
2022,060160970022003,school,Oak Park ESD 97,William Hatch Elem School,elementary,ELEMENTARY,ELEMENTARY,330,11.8,,13,11.6,,,19.1,,,17223,51.6,37,61,,,,87.8,Commendable,2022-Report-Card-Public-Data-Set.xlsx
2022,060160970022005,school,Oak Park ESD 97,Oliver W Holmes Elem School,elementary,ELEMENTARY,ELEMENTARY,431,20.4,7,10.9,15.5,,,16.8,,,18955,46.8,41.3,58.3,,,,90.3,Commendable,2022-Report-Card-Public-Data-Set.xlsx
2022,060160970022006,school,Oak Park ESD 97,Irving Elem School,elementary,ELEMENTARY,ELEMENTARY,526,16.5,,14.8,12.4,,,19.2,,,18608,35.5,44.2,66.7,,,,90.1,Commendable,2022-Report-Card-Public-Data-Set.xlsx
2022,060160970022007,school,Oak Park ESD 97,Abraham Lincoln Elem School,elementary,ELEMENTARY,ELEMENTARY,606,15.7,4,11.9,12.1,,,18,,,16878,42.6,48.2,64.9,,,,83.2,Commendable,2022-Report-Card-Public-Data-Set.xlsx
2022,060160970022008,school,Oak Park ESD 97,Longfellow Elem School,elementary,ELEMENTARY,ELEMENTARY,599,20,2.3,16.4,13.5,,,17.5,,,17531,39.9,48.7,75.3,,,,85.3,Commendable,2022-Report-Card-Public-Data-Set.xlsx
2022,060160970022009,school,Oak Park ESD 97,Horace Mann Elem School,elementary,ELEMENTARY,ELEMENTARY,421,3.6,2.4,11.9,7.5,,,17.1,,,17673,58.1,66.7,74.7,,,,90.6,Exemplary,2022-Report-Card-Public-Data-Set.xlsx
2022,060160970022010,school,Oak Park ESD 97,Whittier Elem School,elementary,ELEMENTARY,ELEMENTARY,418,20.3,,24.6,16.6,,,15.9,,,23959,50.6,55.5,70.2,,,,86.6,Exemplary,2022-Report-Card-Public-Data-Set.xlsx
2022,060160980020000,district,Berwyn North SD 98,,elementary,ELEMENTARY,,2504,80.2,33.2,17.5,32.3,14.2,,22.1,9273.78,14661.53,17945.81,28.2,18.4,53.7,,,73739,88.1,,2022-Report-Card-Public-Data-Set.xlsx
2022,060161000020000,district,Berwyn South SD 100,,elementary,ELEMENTARY,,3103,68.9,30.5,15.5,27.4,14.3,,20.2,8666.55,14277.01,15115.65,20.9,19.8,47.4,,,60509,81.9,,2022-Report-Card-Public-Data-Set.xlsx
2022,060162000130000,district,Oak Park - River Forest SD 200,,high,HIGH SCHOOL,,3329,14.2,0.9,17,13.6,,18,23.5,15201.54,22987.98,22889.39,56.9,51,69.7,93.7,90.8,107788,94,,2022-Report-Card-Public-Data-Set.xlsx
2022,060162000130001,school,Oak Park - River Forest SD 200,Oak Park & River Forest High Sch,high,HIGH SCHOOL,HIGH SCHOOL,3329,14.2,0.9,17,13.6,,,23.5,,,22889.39,56.9,51,69.7,93.7,90.8,,94,Exemplary,2022-Report-Card-Public-Data-Set.xlsx
2022,060162040170000,district,Lyons Twp HSD 204,,high,HIGH SCHOOL,,3919,11.8,3.5,11.8,28.1,,17.4,22.2,11332.89,18202.14,20027.73,49.1,52.8,73.5,95.1,97,117086,97.2,,2022-Report-Card-Public-Data-Set.xlsx
2022,060162080170000,district,Riverside-Brookfield Twp SD 208,,high,HIGH SCHOOL,,1625,25.6,3.8,13.2,19.1,,19.7,24.4,11350.7,16139.38,17123.61,48.2,51.3,69.4,95.5,96.2,101713,93.6,,2022-Report-Card-Public-Data-Set.xlsx
2022,060162090170000,district,Proviso Twp HSD 209,,high,HIGH SCHOOL,,4415,32.8,17.3,14.2,48.1,,19.7,22.4,8832.72,16825.01,17021.14,11.7,12.8,29.9,80.1,63.3,75174,85.6,,2022-Report-Card-Public-Data-Set.xlsx
2022,190222050260000,district,Elmhurst SD 205,,unit,UNIT,,8164,14.1,10.2,16.6,13.7,15.9,18,23.6,10319.19,16179.43,16692.62,53.1,48.6,64.8,92.2,97.4,90249,89.6,,2022-Report-Card-Public-Data-Set.xlsx
2023,STATE,state,State of Illinois,,,,,1857790,49,14.6,15.3,28.3,17.1,17.7,20.8,10635.74,17951.82,,34.6,26.9,51.8,87.6,87.4,73916,90.2,,23-RC-Pub-Data-Set.xlsx
2023,050160650040000,district,Evanston CCSD 65,,elementary,ELEMENTARY,,6316,39.6,16.5,15.2,21.6,12.4,,19,12528.98,22500.5,25078.07,44.6,40.8,61.9,,,89418,89.3,,23-RC-Pub-Data-Set.xlsx
2023,050162020170000,district,Evanston Twp HSD 202,,high,HIGH SCHOOL,,3602,35.4,8,11.9,21.6,,14.5,13.5,14373.3,24982.09,25925.38,53.1,43.9,71.5,92.8,89.1,112887,95.5,,23-RC-Pub-Data-Set.xlsx
2023,060160900020000,district,River Forest SD 90,,elementary,ELEMENTARY,,1363,3.7,3.7,12.1,13.4,15.6,,20.5,11710.37,20164.67,20509.72,65.9,59.2,78.8,,,75686,91,,23-RC-Pub-Data-Set.xlsx
2023,060160910020000,district,Forest Park SD 91,,elementary,ELEMENTARY,,675,49.9,8.4,19.7,25.6,12.6,,21.7,17678.19,27403.2,30894.57,33.1,18.6,49,,,75816,86.6,,23-RC-Pub-Data-Set.xlsx
2023,060160960020000,district,Riverside SD 96,,elementary,ELEMENTARY,,1695,22.3,6.3,12.2,15.1,15.7,,21.2,10502.92,16635.24,18275.05,63.7,57.1,70.2,,,74265,93.3,,23-RC-Pub-Data-Set.xlsx
2023,060160970020000,district,Oak Park ESD 97,,elementary,ELEMENTARY,,5492,16.8,3.2,15.8,15,14.9,,18,10967.43,18755.67,18883.83,47.3,43.7,65.2,,,82115,89.7,,23-RC-Pub-Data-Set.xlsx
2023,060160970021003,school,Oak Park ESD 97,Gwendolyn Brooks Middle School,elementary,ELEMENTARY,MIDDLE SCHL,951,18.4,2.5,14.8,14.4,,,20.9,,,16900.25,42,37.7,63.7,,,,93.5,Commendable,23-RC-Pub-Data-Set.xlsx
2023,060160970021004,school,Oak Park ESD 97,Percy Julian Middle School,elementary,ELEMENTARY,MIDDLE SCHL,911,18.9,2.1,14.6,16.8,,,19.6,,,17192.29,45,36.8,54.9,,,,88.4,Commendable,23-RC-Pub-Data-Set.xlsx
2023,060160970022001,school,Oak Park ESD 97,William Beye Elem School,elementary,ELEMENTARY,ELEMENTARY,357,12,2.8,12.9,11,,,19.5,,,20926.58,51.7,51.6,68.3,,,,81.1,Exemplary,23-RC-Pub-Data-Set.xlsx
2023,060160970022003,school,Oak Park ESD 97,William Hatch Elem School,elementary,ELEMENTARY,ELEMENTARY,323,15.2,3.7,16.7,16.2,,,17.8,,,17793.94,52.2,43,55.2,,,,82.7,Commendable,23-RC-Pub-Data-Set.xlsx
2023,060160970022005,school,Oak Park ESD 97,Oliver W Holmes Elem School,elementary,ELEMENTARY,ELEMENTARY,459,21.1,8.1,12.6,17.9,,,17.5,,,18114.99,57.7,46.4,86.7,,,,84.8,Exemplary,23-RC-Pub-Data-Set.xlsx
2023,060160970022006,school,Oak Park ESD 97,Irving Elem School,elementary,ELEMENTARY,ELEMENTARY,527,17.1,2.3,17.8,12.6,,,18.3,,,20918.84,46.4,53.3,67.1,,,,93.1,Commendable,23-RC-Pub-Data-Set.xlsx
2023,060160970022007,school,Oak Park ESD 97,Abraham Lincoln Elem School,elementary,ELEMENTARY,ELEMENTARY,565,14.9,3.9,11.5,15.9,,,18.2,,,18432.27,44.8,48.6,79.4,,,,82.1,Commendable,23-RC-Pub-Data-Set.xlsx
2023,060160970022008,school,Oak Park ESD 97,Longfellow Elem School,elementary,ELEMENTARY,ELEMENTARY,567,19.2,3.9,19.4,17.2,,,16.9,,,19305.78,43.8,45,63,,,,83.8,Commendable,23-RC-Pub-Data-Set.xlsx
2023,060160970022009,school,Oak Park ESD 97,Horace Mann Elem School,elementary,ELEMENTARY,ELEMENTARY,396,3.8,,16.2,9.8,,,16.8,,,19773.76,66.5,66,68.9,,,,86.7,Commendable,23-RC-Pub-Data-Set.xlsx
2023,060160970022010,school,Oak Park ESD 97,Whittier Elem School,elementary,ELEMENTARY,ELEMENTARY,436,19.7,2.3,23.9,15.3,,,16.5,,,23718.66,52,50.3,70.2,,,,87.2,Commendable,23-RC-Pub-Data-Set.xlsx
2023,060160980020000,district,Berwyn North SD 98,,elementary,ELEMENTARY,,2498,76.5,33.7,16.4,29.4,16,,22.6,11066.58,18804.62,17235.12,31.1,18.5,43.9,,,74360,85.6,,23-RC-Pub-Data-Set.xlsx
2023,060161000020000,district,Berwyn South SD 100,,elementary,ELEMENTARY,,2997,74.8,30.4,14.4,30.2,15,,19.8,10031.97,16849.19,15703.35,24.4,21.8,43.4,,,67419,85.5,,23-RC-Pub-Data-Set.xlsx
2023,060162000130000,district,Oak Park - River Forest SD 200,,high,HIGH SCHOOL,,3259,18.5,0.9,15.6,11.1,,16.9,22.4,13930.31,23772.74,24186.07,60.7,50.1,74.4,94.8,88.1,107645,95.5,,23-RC-Pub-Data-Set.xlsx
2023,060162000130001,school,Oak Park - River Forest SD 200,Oak Park & River Forest High Sch,high,HIGH SCHOOL,HIGH SCHOOL,3259,18.5,0.9,15.6,11.1,,,22.4,,,24186.07,60.7,50.1,74.4,94.8,88.1,,95.5,Commendable,23-RC-Pub-Data-Set.xlsx
2023,060162040170000,district,Lyons Twp HSD 204,,high,HIGH SCHOOL,,3787,12.1,4.2,10.5,23.6,,16.6,23.3,13039.33,21604.05,22156.42,54.1,54,80.3,96.1,96.2,118129,96.1,,23-RC-Pub-Data-Set.xlsx
2023,060162080170000,district,Riverside-Brookfield Twp SD 208,,high,HIGH SCHOOL,,1647,11.7,3.5,12.2,19.2,,19.5,24.2,11765.92,16964.75,17237.79,47.9,44.4,57.9,93.9,96.1,105091,93.9,,23-RC-Pub-Data-Set.xlsx
2023,060162090170000,district,Proviso Twp HSD 209,,high,HIGH SCHOOL,,4197,23.7,18.9,11.5,66.4,,20,23.1,9653.89,20123.89,18331.28,14.1,9.2,20.1,87.5,73.6,75213,85.3,,23-RC-Pub-Data-Set.xlsx
2023,190222050260000,district,Elmhurst SD 205,,unit,UNIT,,8240,16,10.4,15.5,19.4,16.5,16.8,24.5,11277.63,18765.44,17036.41,59.8,52.1,71.9,93.1,95.3,90745,91.8,,23-RC-Pub-Data-Set.xlsx
2024,STATE,state,State of Illinois,,,,,1851290,49.8,16.4,16.0,26.3,17.1,17.3,20.8,11078.31,18904.89,,39.4,27.9,52.7,87.7,88.2,75978.00,89.6,,24-RC-Pub-Data-Set.xlsx
2024,050160650040000,district,Evanston CCSD 65,,elementary,Elementary Distrcts,,6193,40.4,16.6,17.0,18.9,13.2,,19.3,14049.49,25863.86,26626.14,53.1,42.4,63.0,,,91558.00,87.4,,24-RC-Pub-Data-Set.xlsx
2024,050162020170000,district,Evanston Twp HSD 202,,high,High School Distrcts,,3499,37.1,10.0,10.9,20.9,,13.9,13.3,15085.78,26568.05,27987.43,53.2,44.2,66.3,93.2,90.0,116410.00,94.9,,24-RC-Pub-Data-Set.xlsx
2024,060160900020000,district,River Forest SD 90,,elementary,Elementary Distrcts,,1338,3.4,3.6,12.9,9.3,14.8,,19.3,12828.54,21281.42,20726.29,75.7,66.1,78.8,,,77630.00,90.9,,24-RC-Pub-Data-Set.xlsx
2024,060160910020000,district,Forest Park SD 91,,elementary,Elementary Distrcts,,694,45.8,8.5,18.9,23.9,14.4,,18.5,18947.12,30437.89,31149.46,41.4,22.3,48.3,,,77941.00,86.2,,24-RC-Pub-Data-Set.xlsx
2024,060160960020000,district,Riverside SD 96,,elementary,Elementary Distrcts,,1712,23.4,7.3,12.7,11.3,15.8,,20.7,11017.99,17502.43,18629.81,71.9,58.9,76.8,,,75918.00,93.7,,24-RC-Pub-Data-Set.xlsx
2024,060160970020000,district,Oak Park ESD 97,,elementary,Elementary Distrcts,,5540,18.7,3.7,17.1,14.0,15.4,,19.1,12066.16,20189.77,19483.51,54.8,44.5,63.7,,,85619.00,89.8,,24-RC-Pub-Data-Set.xlsx
2024,060160970021003,school,Oak Park ESD 97,Gwendolyn Brooks Middle School,elementary,Elementary Distrcts,Middle/Junior High School,955,23.6,3.1,15.0,15.3,,,20.1,,,17592.18,62.7,42.6,60.6,,,,89.7,Commendable,24-RC-Pub-Data-Set.xlsx
2024,060160970021004,school,Oak Park ESD 97,Percy Julian Middle School,elementary,Elementary Distrcts,Middle/Junior High School,911,21.1,2.4,16.1,19.2,,,19.9,,,18424.10,50.4,36.5,52.4,,,,87.0,Commendable,24-RC-Pub-Data-Set.xlsx
2024,060160970022001,school,Oak Park ESD 97,William Beye Elem School,elementary,Elementary Distrcts,Elementary School,365,14.5,3.3,11.5,13.5,,,19.8,,,20708.84,52.5,48.9,70.6,,,,78.9,Commendable,24-RC-Pub-Data-Set.xlsx
2024,060160970022003,school,Oak Park ESD 97,William Hatch Elem School,elementary,Elementary Distrcts,Elementary School,337,17.5,3.6,19.3,12.3,,,20.0,,,18894.83,45.5,43.4,66.7,,,,85.9,Commendable,24-RC-Pub-Data-Set.xlsx
2024,060160970022005,school,Oak Park ESD 97,Oliver W Holmes Elem School,elementary,Elementary Distrcts,Elementary School,480,23.5,9.4,13.5,17.5,,,16.5,,,18759.76,50.7,39.3,67.4,,,,86.2,Commendable,24-RC-Pub-Data-Set.xlsx
2024,060160970022006,school,Oak Park ESD 97,Irving Elem School,elementary,Elementary Distrcts,Elementary School,538,20.4,3.7,19.3,9.9,,,19.3,,,19713.21,51.1,54.7,58.9,,,,92.4,Commendable,24-RC-Pub-Data-Set.xlsx
2024,060160970022007,school,Oak Park ESD 97,Abraham Lincoln Elem School,elementary,Elementary Distrcts,Elementary School,552,17.4,4.7,13.4,11.5,,,16.5,,,19527.90,51.7,46.7,81.8,,,,83.7,Commendable,24-RC-Pub-Data-Set.xlsx
2024,060160970022008,school,Oak Park ESD 97,Longfellow Elem School,elementary,Elementary Distrcts,Elementary School,560,16.4,4.1,24.3,12.9,,,18.4,,,21734.50,52.8,45.2,65.5,,,,87.2,Commendable,24-RC-Pub-Data-Set.xlsx
2024,060160970022009,school,Oak Park ESD 97,Horace Mann Elem School,elementary,Elementary Distrcts,Elementary School,404,5.9,,14.6,7.9,,,19.7,,,18342.05,67.6,70.0,83.8,,,,87.9,Commendable,24-RC-Pub-Data-Set.xlsx
2024,060160970022010,school,Oak Park ESD 97,Whittier Elem School,elementary,Elementary Distrcts,Elementary School,438,16.9,,25.8,12.6,,,20.4,,,24515.93,50.3,48.1,69.8,,,,88.1,Commendable,24-RC-Pub-Data-Set.xlsx
2024,060160980020000,district,Berwyn North SD 98,,elementary,Elementary Distrcts,,2462,67.8,36.6,18.5,24.7,16.1,,22.6,11272.70,19066.10,18005.36,41.0,22.6,47.5,,,76544.00,84.7,,24-RC-Pub-Data-Set.xlsx
2024,060161000020000,district,Berwyn South SD 100,,elementary,Elementary Distrcts,,2998,74.5,30.4,14.7,26.6,15.4,,20.6,11096.69,18320.49,16603.92,34.9,24.0,49.7,,,68899.00,85.7,,24-RC-Pub-Data-Set.xlsx
2024,060162000130000,district,Oak Park - River Forest SD 200,,high,High School Distrcts,,3226,19.9,2.2,15.7,20.3,,17.1,21.8,14464.26,25134.59,25389.96,63.6,54.7,72.0,95.4,89.8,111526.00,94.3,,24-RC-Pub-Data-Set.xlsx
2024,060162000130001,school,Oak Park - River Forest SD 200,Oak Park & River Forest High Sch,high,High School Distrcts,High School,3226,19.9,2.2,15.7,20.3,,,21.8,,,25389.96,63.6,54.7,72.0,95.4,89.8,,94.3,Commendable,24-RC-Pub-Data-Set.xlsx
2024,060162040170000,district,Lyons Twp HSD 204,,high,High School Distrcts,,3713,11.6,6.0,11.9,22.7,0.0,16.4,22.8,13659.33,22430.39,23532.48,52.1,52.7,71.6,95.2,98.4,120199.00,95.8,,24-RC-Pub-Data-Set.xlsx
2024,060162080170000,district,Riverside-Brookfield Twp SD 208,,high,High School Distrcts,,1637,13.7,6.0,13.2,19.9,,17.3,23.8,12190.24,17064.35,18838.52,41.0,39.1,65.5,94.9,96.8,108742.00,96.7,,24-RC-Pub-Data-Set.xlsx
2024,060162090170000,district,Proviso Twp HSD 209,,high,High School Distrcts,,4125,17.5,25.5,11.3,58.5,,18.8,24.5,11515.52,21946.24,20653.65,16.1,11.2,38.0,86.8,61.7,77101.00,83.7,,24-RC-Pub-Data-Set.xlsx
2024,190222050260000,district,Elmhurst SD 205,,unit,Unit Distrcts,,8285,16.9,11.3,16.2,11.9,17.4,16.7,24.2,11682.91,19486.25,18843.62,64.7,56.2,75.2,93.1,91.8,93125.00,92.8,,24-RC-Pub-Data-Set.xlsx
2025,STATE,state,State of Illinois,,,,,1848560,49.7,17.5,16.3,25.4,17.0,17.0,20.7,11784.97,20129.01,,52.4,38.4,44.6,89.0,89.3,78495.00,89.5,,2025-Report-Card-Public-Data-Set.xlsx
2025,050160650040000,district,Evanston CCSD 65,,elementary,Elementary District,,6047,39.1,16.5,18.1,17.2,14.0,,20.1,15889.86,27505.16,26161.40,64.1,52.6,53.6,,,94901.00,86.2,,2025-Report-Card-Public-Data-Set.xlsx
2025,050162020170000,district,Evanston Twp HSD 202,,high,High School District,,3476,35.0,11.2,12.1,25.4,,14.0,13.5,16540.14,29302.38,30189.32,68.7,55.1,63.9,93.9,91.0,116241.00,93.3,,2025-Report-Card-Public-Data-Set.xlsx
2025,060160900020000,district,River Forest SD 90,,elementary,Elementary District,,1315,,3.4,11.3,8.0,15.0,,19.0,13288.22,21649.38,20845.79,86.4,75.7,67.4,,,77679.00,89.9,,2025-Report-Card-Public-Data-Set.xlsx
2025,060160910020000,district,Forest Park SD 91,,elementary,Elementary District,,707,48.4,8.8,20.8,27.3,14.0,,17.7,19854.29,31509.30,33782.94,54.1,30.5,44.9,,,75898.00,84.7,,2025-Report-Card-Public-Data-Set.xlsx
2025,060160960020000,district,Riverside SD 96,,elementary,Elementary District,,1751,25.2,8.3,11.0,12.4,17.0,,21.1,11130.77,17927.68,20790.80,81.6,71.6,66.9,,,76543.00,92.3,,2025-Report-Card-Public-Data-Set.xlsx
2025,060160970020000,district,Oak Park ESD 97,,elementary,Elementary District,,5501,18.6,3.8,18.0,14.4,16.0,,19.8,12019.70,20214.12,21018.10,71.9,60.2,61.8,,,89346.00,89.3,,2025-Report-Card-Public-Data-Set.xlsx
2025,060160970021003,school,Oak Park ESD 97,Gwendolyn Brooks Middle School,elementary,Elementary District,Middle/Junior High School,927,20.9,3.3,14.2,19.3,,,19.7,,,22663.21,72.9,54.5,57.3,,,,90.1,Commendable,2025-Report-Card-Public-Data-Set.xlsx
2025,060160970021004,school,Oak Park ESD 97,Percy Julian Middle School,elementary,Elementary District,Middle/Junior High School,927,18.0,2.8,17.6,17.8,,,20.5,,,17463.71,68.9,50.5,53.9,,,,85.8,Commendable,2025-Report-Card-Public-Data-Set.xlsx
2025,060160970022001,school,Oak Park ESD 97,William Beye Elem School,elementary,Elementary District,Elementary School,370,14.9,,12.4,10.6,,,21.4,,,21314.91,74.7,66.8,63.9,,,,81.0,Exemplary,2025-Report-Card-Public-Data-Set.xlsx
2025,060160970022003,school,Oak Park ESD 97,William Hatch Elem School,elementary,Elementary District,Elementary School,328,17.4,,19.2,11.8,,,18.9,,,19823.99,67.6,65.5,63.1,,,,82.9,Commendable,2025-Report-Card-Public-Data-Set.xlsx
2025,060160970022005,school,Oak Park ESD 97,Oliver W Holmes Elem School,elementary,Elementary District,Elementary School,471,25.1,9.6,12.7,13.8,,,18.9,,,19919.30,70.9,61.3,75.6,,,,88.2,Exemplary,2025-Report-Card-Public-Data-Set.xlsx
2025,060160970022006,school,Oak Park ESD 97,Irving Elem School,elementary,Elementary District,Elementary School,501,21.0,,21.8,9.6,,,17.8,,,22828.45,71.8,69.6,73.0,,,,91.8,Exemplary,2025-Report-Card-Public-Data-Set.xlsx
2025,060160970022007,school,Oak Park ESD 97,Abraham Lincoln Elem School,elementary,Elementary District,Elementary School,558,16.8,,15.4,10.1,,,19.8,,,19961.03,70.6,62.2,68.1,,,,83.5,Commendable,2025-Report-Card-Public-Data-Set.xlsx
2025,060160970022008,school,Oak Park ESD 97,Longfellow Elem School,elementary,Elementary District,Elementary School,573,20.9,,26.4,16.5,,,20.5,,,22612.09,73.2,66.0,55.8,,,,87.1,Exemplary,2025-Report-Card-Public-Data-Set.xlsx
2025,060160970022009,school,Oak Park ESD 97,Horace Mann Elem School,elementary,Elementary District,Elementary School,399,4.0,,16.8,9.1,,,20.6,,,19747.32,81.4,83.8,87.5,,,,87.2,Commendable,2025-Report-Card-Public-Data-Set.xlsx
2025,060160970022010,school,Oak Park ESD 97,Whittier Elem School,elementary,Elementary District,Elementary School,447,21.5,,25.5,16.4,,,20.8,,,25697.93,74.1,68.8,55.7,,,,89.4,Exemplary,2025-Report-Card-Public-Data-Set.xlsx
2025,060160980020000,district,Berwyn North SD 98,,elementary,Elementary District,,2413,71.8,36.7,19.7,23.4,16.0,,22.5,11558.42,18929.56,19569.63,54.4,32.0,40.9,,,77304.00,82.2,,2025-Report-Card-Public-Data-Set.xlsx
2025,060161000020000,district,Berwyn South SD 100,,elementary,Elementary District,,3002,75.2,31.0,15.4,27.3,15.0,,20.2,11350.00,19036.43,18467.31,46.4,34.4,37.1,,,70756.00,86.8,,2025-Report-Card-Public-Data-Set.xlsx
2025,060162000130000,district,Oak Park - River Forest SD 200,,high,High School District,,3276,18.0,2.8,14.5,19.0,,17.0,22.6,14956.45,26540.00,26339.98,78.9,64.1,73.0,96.8,94.1,115217.00,93.8,,2025-Report-Card-Public-Data-Set.xlsx
2025,060162000130001,school,Oak Park - River Forest SD 200,Oak Park & River Forest High Sch,high,High School District,High School,3276,18.0,2.8,14.5,19.0,,,22.6,,,26339.98,78.9,64.1,73.0,96.8,94.1,,93.8,Commendable,2025-Report-Card-Public-Data-Set.xlsx
2025,060162040170000,district,Lyons Twp HSD 204,,high,High School District,,3645,11.7,6.7,12.5,24.0,,16.0,22.1,14384.29,24111.92,26164.44,72.5,62.3,67.5,95.1,98.7,125949.00,95.8,,2025-Report-Card-Public-Data-Set.xlsx
2025,060162080170000,district,Riverside-Brookfield Twp SD 208,,high,High School District,,1638,12.5,6.3,12.5,20.3,,17.0,23.5,13475.80,18255.48,19607.40,71.5,59.8,66.3,95.1,97.2,112599.00,95.9,,2025-Report-Card-Public-Data-Set.xlsx
2025,060162090170000,district,Proviso Twp HSD 209,,high,High School District,,4175,52.9,27.6,11.7,47.9,,18.0,22.0,11883.14,24460.40,21166.30,30.2,20.5,34.7,85.8,71.0,81607.00,84.9,,2025-Report-Card-Public-Data-Set.xlsx
2025,190222050260000,district,Elmhurst SD 205,,unit,Unit District,,8209,16.5,11.8,17.2,11.0,17.0,15.0,23.2,12585.23,19797.27,19024.74,78.0,69.1,71.7,94.5,98.2,98766.00,93.5,,2025-Report-Card-Public-Data-Set.xlsx
