name,type,district,affiliation,grades_served,address,city,zip,latitude,longitude,geocode_method,isbe_rcdts,nces_id,website,source,notes
Abraham Lincoln Elementary School,public elementary,D97,,K-5,1111 S Grove Ave,Oak Park,60304,41.868182,-87.795937,centroid of Village of Oak Park school footprint polygon,0601609702007,172925003060,,ISBE directory https://www.isbe.net/Documents/2025-26-Directory-Ed-Entities.xlsx; Village of Oak Park GIS https://services5.arcgis.com/aymthbPDQOcCnuwg/arcgis/rest/services/Elementary_and_Middle_Schools/FeatureServer/0,
Horace Mann Elementary School,public elementary,D97,,K-5,921 N Kenilworth Ave,Oak Park,60302,41.902557,-87.798777,centroid of Village of Oak Park school footprint polygon,0601609702009,172925003062,http://www.op97.org,ISBE directory https://www.isbe.net/Documents/2025-26-Directory-Ed-Entities.xlsx; Village of Oak Park GIS https://services5.arcgis.com/aymthbPDQOcCnuwg/arcgis/rest/services/Elementary_and_Middle_Schools/FeatureServer/0,
Irving Elementary School,public elementary,D97,,K-5,1125 S Cuyler Ave,Oak Park,60304,41.868207,-87.783396,centroid of Village of Oak Park school footprint polygon,0601609702006,172925003063,,ISBE directory https://www.isbe.net/Documents/2025-26-Directory-Ed-Entities.xlsx; Village of Oak Park GIS https://services5.arcgis.com/aymthbPDQOcCnuwg/arcgis/rest/services/Elementary_and_Middle_Schools/FeatureServer/0,
Longfellow Elementary School,public elementary,D97,,P-5,715 Highland Ave,Oak Park,60304,41.875785,-87.782824,centroid of Village of Oak Park school footprint polygon,0601609702008,172925003064,,ISBE directory https://www.isbe.net/Documents/2025-26-Directory-Ed-Entities.xlsx; Village of Oak Park GIS https://services5.arcgis.com/aymthbPDQOcCnuwg/arcgis/rest/services/Elementary_and_Middle_Schools/FeatureServer/0,
Oliver Wendell Holmes Elementary School,public elementary,D97,,K-5,508 N Kenilworth Ave,Oak Park,60302,41.894925,-87.797931,centroid of Village of Oak Park school footprint polygon,0601609702005,172925003065,,ISBE directory https://www.isbe.net/Documents/2025-26-Directory-Ed-Entities.xlsx; Village of Oak Park GIS https://services5.arcgis.com/aymthbPDQOcCnuwg/arcgis/rest/services/Elementary_and_Middle_Schools/FeatureServer/0,
Whittier Elementary School,public elementary,D97,,P-5,715 N Harvey Ave,Oak Park,60302,41.898951,-87.782534,centroid of Village of Oak Park school footprint polygon,0601609702010,172925003067,http://op97.org,ISBE directory https://www.isbe.net/Documents/2025-26-Directory-Ed-Entities.xlsx; Village of Oak Park GIS https://services5.arcgis.com/aymthbPDQOcCnuwg/arcgis/rest/services/Elementary_and_Middle_Schools/FeatureServer/0,
William Beye Elementary School,public elementary,D97,,K-5,230 N Cuyler Ave,Oak Park,60302,41.891134,-87.782371,centroid of Village of Oak Park school footprint polygon,0601609702001,172925003068,http://www.op97.org,ISBE directory https://www.isbe.net/Documents/2025-26-Directory-Ed-Entities.xlsx; Village of Oak Park GIS https://services5.arcgis.com/aymthbPDQOcCnuwg/arcgis/rest/services/Elementary_and_Middle_Schools/FeatureServer/0,
William Hatch Elementary School,public elementary,D97,,K-5,1000 N Ridgeland Ave,Oak Park,60302,41.9048,-87.783175,centroid of Village of Oak Park school footprint polygon,0601609702003,172925003069,,ISBE directory https://www.isbe.net/Documents/2025-26-Directory-Ed-Entities.xlsx; Village of Oak Park GIS https://services5.arcgis.com/aymthbPDQOcCnuwg/arcgis/rest/services/Elementary_and_Middle_Schools/FeatureServer/0,
Gwendolyn Brooks Middle School,public middle,D97,,6-8,325 S Kenilworth Ave,Oak Park,60302,41.882341,-87.797697,centroid of Village of Oak Park school footprint polygon,0601609701003,172925004581,http://www.op97.org,ISBE directory https://www.isbe.net/Documents/2025-26-Directory-Ed-Entities.xlsx; Village of Oak Park GIS https://services5.arcgis.com/aymthbPDQOcCnuwg/arcgis/rest/services/Elementary_and_Middle_Schools/FeatureServer/0,
Percy Julian Middle School,public middle,D97,,6-8,416 S Ridgeland Ave,Oak Park,60302,41.880986,-87.783343,centroid of Village of Oak Park school footprint polygon,0601609701004,172925004582,http://www.op97.org,ISBE directory https://www.isbe.net/Documents/2025-26-Directory-Ed-Entities.xlsx; Village of Oak Park GIS https://services5.arcgis.com/aymthbPDQOcCnuwg/arcgis/rest/services/Elementary_and_Middle_Schools/FeatureServer/0,
Oak Park and River Forest High School,public high,D200,,9-12,201 N Scoville Ave,Oak Park,60302,41.890205,-87.788762,Cook County Address Points,0601620000001,172928003070,,ISBE directory https://www.isbe.net/Documents/2025-26-Directory-Ed-Entities.xlsx; Cook County Address Points https://datacatalog.cookcountyil.gov/resource/78yw-iddh.json,
Alcuin Montessori School,private,Montessori,Montessori,P-8,324 N Oak Park Ave,Oak Park,60302,41.892658,-87.793938,Cook County Address Points,06016744X,,,ISBE directory https://www.isbe.net/Documents/2025-26-Directory-Ed-Entities.xlsx; Cook County Address Points https://datacatalog.cookcountyil.gov/resource/78yw-iddh.json,
Ascension,private,Roman Catholic,Roman Catholic,P-8,601 Van Buren St,Oak Park,60304,41.874034,-87.79008,Cook County Address Points,06016482X,,http://ascensionoakpark.com/school,ISBE directory https://www.isbe.net/Documents/2025-26-Directory-Ed-Entities.xlsx; Cook County Address Points https://datacatalog.cookcountyil.gov/resource/78yw-iddh.json,
Fenwick High School,private,Roman Catholic,Roman Catholic,9-12,505 Washington Blvd,Oak Park,60302,41.881125,-87.788553,Cook County Address Points,06016028Y,,http://www.fenwickfriars.com,ISBE directory https://www.isbe.net/Documents/2025-26-Directory-Ed-Entities.xlsx; Cook County Address Points https://datacatalog.cookcountyil.gov/resource/78yw-iddh.json,
Intercultural Montessori Oak Park,private,Montessori,Montessori,"P,K",301 S Ridgeland Ave,Oak Park,60302,41.883234,-87.784927,Cook County Address Points,06016818X,,,ISBE directory https://www.isbe.net/Documents/2025-26-Directory-Ed-Entities.xlsx; Cook County Address Points https://datacatalog.cookcountyil.gov/resource/78yw-iddh.json,ISBE lists preschool and kindergarten only
La Casa Montessori School,private,Montessori,Montessori,"P,K",514 Adams St,Oak Park,60304,41.878219,-87.787561,Cook County Address Points,06016008X,,https://www.lacasamontessori.org/,ISBE directory https://www.isbe.net/Documents/2025-26-Directory-Ed-Entities.xlsx; Cook County Address Points https://datacatalog.cookcountyil.gov/resource/78yw-iddh.json,ISBE lists preschool and kindergarten only
St Catherine of Siena-St Lucy,private,Roman Catholic,Roman Catholic,P-8,27 Washington Blvd,Oak Park,60302,41.881705,-87.775955,Cook County Address Points,06016483X,,http://www.catherinelucy.org,ISBE directory https://www.isbe.net/Documents/2025-26-Directory-Ed-Entities.xlsx; Cook County Address Points https://datacatalog.cookcountyil.gov/resource/78yw-iddh.json,
St Giles School,private,Roman Catholic,Roman Catholic,P-8,1034 Linden Ave,Oak Park,60302,41.904557,-87.792116,Cook County Address Points,06016485X,,http://stgilesschool.org,ISBE directory https://www.isbe.net/Documents/2025-26-Directory-Ed-Entities.xlsx; Cook County Address Points https://datacatalog.cookcountyil.gov/resource/78yw-iddh.json,
The Childrens School,private,Independent Regular (not affiliated),Independent Regular (not affiliated),K-8,820 Ontario St,Oak Park,60302,41.890401,-87.795317,Cook County Address Points,06016026X,,,ISBE directory https://www.isbe.net/Documents/2025-26-Directory-Ed-Entities.xlsx; Cook County Address Points https://datacatalog.cookcountyil.gov/resource/78yw-iddh.json,
Tru-Source ALF,private,Pentecostal,Pentecostal,9-12,1040 North Blvd Ste 250,Oak Park,60301,41.88753,-87.802104,Cook County Address Points,06016003Y,,,ISBE directory https://www.isbe.net/Documents/2025-26-Directory-Ed-Entities.xlsx; Cook County Address Points https://datacatalog.cookcountyil.gov/resource/78yw-iddh.json,"ISBE-registered alternative learning facility in an office building, not a conventional campus"
West Suburban Montessori School,private,Montessori,Montessori,P-6,1039 S East Ave,Oak Park,60304,41.869171,-87.789381,Cook County Address Points,06016999X,,http://www.wsms.org,ISBE directory https://www.isbe.net/Documents/2025-26-Directory-Ed-Entities.xlsx; Cook County Address Points https://datacatalog.cookcountyil.gov/resource/78yw-iddh.json,
