stop_type,agency,stop_id,stop_code,stop_name,stop_desc,latitude,longitude,in_oak_park,routes,route_names,weekday_trips,weekday_date,wheelchair_boarding,pace_shelter_2015,pace_shelter_type,pace_shelter_corner,cmap_sheltered_2024,cmap_trvi,cmap_trvi_category,cmap_mean_svi_norm,cmap_mean_no_vehicle_norm,cmap_match_m,apc_ons,apc_offs,apc_total,apc_routes,apc_match_m,village_2019_stop,village_2019_routes,source
rail_station,CTA,40010,,Austin (Blue),,41.870851,-87.776812,Y,Blue Line,Blue Line,348,2026-09-09,2,,,,,,,,,,,,,,,,,CTA GTFS
rail_station,CTA,40980,,Harlem (Blue - Forest Park Branch),,41.87349,-87.806961,N,Blue Line,Blue Line,348,2026-09-09,2,,,,,,,,,,,,,,,,,CTA GTFS
rail_station,CTA,40180,,Oak Park (Blue),,41.872108,-87.791602,Y,Blue Line,Blue Line,348,2026-09-09,2,,,,,,,,,,,,,,,,,CTA GTFS
rail_station,CTA,41260,,Austin (Green),,41.887293,-87.774135,N,Green Line,Green Line,256,2026-09-09,2,,,,,,,,,,,,,,,,,CTA GTFS
rail_station,CTA,40020,,Harlem/Lake,,41.886848,-87.803176,Y,Green Line,Green Line,256,2026-09-09,1,,,,,,,,,,,,,,,,,CTA GTFS
rail_station,CTA,41350,,Oak Park (Green),,41.886988,-87.793783,Y,Green Line,Green Line,256,2026-09-09,2,,,,,,,,,,,,,,,,,CTA GTFS
rail_station,CTA,40610,,Ridgeland,,41.887159,-87.783661,Y,Green Line,Green Line,256,2026-09-09,2,,,,,,,,,,,,,,,,,CTA GTFS
rail_station,Metra,VOP-847,,Oak Park Metra Station,1115 North Blvd,41.8871503,-87.8022307,Y,UP-W,Union Pacific West Line,,,,,,,,,,,,,,,,,,,,Village GIS layer 1 (Metra Train Station)
bus_stop,CTA,1,1,Jackson & Austin Terminal,"Jackson & Austin Terminal, Northeastbound, Bus Terminal",41.8763297,-87.7741106,N,126,Jackson,142,2026-09-09,1,,,,Unsheltered,1.778,Medium (1.6-2.0),0.3371,0.0335,1.0,,,,,,,,CTA GTFS
bus_stop,CTA,14800,14800,Madison & Austin,"Madison & Austin, Westbound, Northeast Corner",41.8802059,-87.7744941,N,20,Madison,149,2026-09-09,1,,,,Unsheltered,2.333,High (2.1-2.5),0.4467,0.1394,1.0,,,,,,,,CTA GTFS
bus_stop,CTA,386,386,Madison & Austin Terminal,"Madison & Austin Terminal, Southbound, Bus Terminal",41.8803208,-87.7740488,N,20,Madison,323,2026-09-09,1,,,,Unsheltered,2.333,High (2.1-2.5),0.4467,0.1394,1.0,,,,,,,,CTA GTFS
bus_stop,CTA,510,510,Chicago & Austin Terminal,"Chicago & Austin Terminal, Southbound, Bus Terminal",41.8949334,-87.774849,N,66,Chicago,436,2026-09-09,1,,,,Sheltered,2.333,High (2.1-2.5),0.4387,0.138,1.0,,,,,,,,CTA GTFS
bus_stop,CTA,1970,1970,Division & Austin Terminal,"Division & Austin Terminal, Southeastbound, Bus Terminal",41.9018059,-87.7750149,N,70,Division,213,2026-09-09,1,,,,Sheltered,2.222,High (2.1-2.5),0.394,0.0554,1.0,,,,,,,,CTA GTFS
bus_stop,CTA,11723,11723,Lake Street & Cuyler (Green Line),"Lake Street & Cuyler (Green Line), Eastbound, Southside of the Street",41.8881188,-87.7829857,Y,86,Narragansett/Ridgeland,100,2026-09-09,1,,,,Sheltered,1.778,Medium (1.6-2.0),0.2604,0.0668,1.0,,,,,,,,CTA GTFS
bus_stop,CTA,11724,11724,Lake Street & Lombard,"Lake Street & Lombard, Eastbound, Southwest Corner",41.8880352,-87.7798784,Y,86,Narragansett/Ridgeland,50,2026-09-09,1,,,,Sheltered,1.889,Medium (1.6-2.0),0.3274,0.1018,1.0,,,,,,,,CTA GTFS
bus_stop,CTA,11722,11722,Lake Street & Ridgeland,"Lake Street & Ridgeland, Eastbound, Southeast Corner",41.8881658,-87.7844814,Y,86,Narragansett/Ridgeland,50,2026-09-09,1,,,,Unsheltered,1.889,Medium (1.6-2.0),0.2604,0.0668,1.0,,,,,,,,CTA GTFS
bus_stop,CTA,11716,11716,Ridgeland & Augusta,"Ridgeland & Augusta, Southbound, Northwest Corner",41.8983109,-87.7850325,Y,86,Narragansett/Ridgeland,50,2026-09-09,1,,,,Unsheltered,1.556,Medium (1.6-2.0),0.1709,0.0372,1.0,,,,,,,,CTA GTFS
bus_stop,CTA,11732,11732,Ridgeland & Augusta,"Ridgeland & Augusta, Northbound, Southeast Corner",41.8981059,-87.7848068,Y,86,Narragansett/Ridgeland,50,2026-09-09,1,,,,Unsheltered,1.444,Low (1.0-1.5),0.1847,0.0397,1.0,,,,,,,,CTA GTFS
bus_stop,CTA,11713,11713,Ridgeland & Berkshire,"Ridgeland & Berkshire, Southbound, Northwest Corner",41.9038849,-87.7842329,Y,86,Narragansett/Ridgeland,50,2026-09-09,1,,,,Unsheltered,1.444,Low (1.0-1.5),0.1155,0.0202,1.0,,,,,,,,CTA GTFS
bus_stop,CTA,11735,11735,Ridgeland & Berkshire,"Ridgeland & Berkshire, Northbound, Southeast Corner",41.9037656,-87.784062,Y,86,Narragansett/Ridgeland,50,2026-09-09,1,,,,Unsheltered,1.444,Low (1.0-1.5),0.1155,0.0202,1.0,,,,,,,,CTA GTFS
bus_stop,CTA,11718,11718,Ridgeland & Chicago,"Ridgeland & Chicago, Southbound, Northwest Corner",41.8946955,-87.7849986,Y,86,Narragansett/Ridgeland,50,2026-09-09,1,,,,Sheltered,1.556,Medium (1.6-2.0),0.1847,0.0397,1.0,,,,,,,,CTA GTFS
bus_stop,CTA,11730,11730,Ridgeland & Chicago,"Ridgeland & Chicago, Northbound, Southeast Corner",41.8944481,-87.7847795,Y,86,Narragansett/Ridgeland,50,2026-09-09,1,,,,Unsheltered,1.444,Low (1.0-1.5),0.1847,0.0397,1.0,,,,,,,,CTA GTFS
bus_stop,CTA,11714,11714,Ridgeland & Division,"Ridgeland & Division, Southbound, Northwest Corner",41.9019422,-87.7848759,Y,86,Narragansett/Ridgeland,50,2026-09-09,1,,,,Unsheltered,1.333,Low (1.0-1.5),0.1155,0.0202,1.0,,,,,,,,CTA GTFS
bus_stop,CTA,11734,11734,Ridgeland & Division,"Ridgeland & Division, Northbound, Southeast Corner",41.9017712,-87.7846726,Y,86,Narragansett/Ridgeland,50,2026-09-09,1,,,,Unsheltered,1.333,Low (1.0-1.5),0.1155,0.0202,1.0,,,,,,,,CTA GTFS
bus_stop,CTA,11720,11720,Ridgeland & Erie,"Ridgeland & Erie, Southbound, Northwest Corner",41.8917978,-87.7848812,Y,86,Narragansett/Ridgeland,50,2026-09-09,1,,,,Unsheltered,1.444,Low (1.0-1.5),0.2144,0.0471,1.0,,,,,,,,CTA GTFS
bus_stop,CTA,11728,11728,Ridgeland & Erie,"Ridgeland & Erie, Northbound, Southeast Corner",41.8917059,-87.7847078,Y,86,Narragansett/Ridgeland,50,2026-09-09,1,,,,Unsheltered,1.444,Low (1.0-1.5),0.2144,0.0471,1.0,,,,,,,,CTA GTFS
bus_stop,CTA,11717,11717,Ridgeland & Iowa,"Ridgeland & Iowa, Southbound, Northwest Corner",41.896494,-87.7850564,Y,86,Narragansett/Ridgeland,50,2026-09-09,1,,,,Unsheltered,1.556,Medium (1.6-2.0),0.1847,0.0397,1.0,,,,,,,,CTA GTFS
bus_stop,CTA,11731,11731,Ridgeland & Iowa,"Ridgeland & Iowa, Northbound, Southeast Corner",41.8963058,-87.7848078,Y,86,Narragansett/Ridgeland,50,2026-09-09,1,,,,Unsheltered,1.444,Low (1.0-1.5),0.1847,0.0397,1.0,,,,,,,,CTA GTFS
bus_stop,CTA,11726,11726,Ridgeland & Lake,"Ridgeland & Lake, Northbound, Southeast Corner",41.8881149,-87.7845046,Y,86,Narragansett/Ridgeland,50,2026-09-09,1,,,,Unsheltered,1.889,Medium (1.6-2.0),0.2604,0.0668,1.0,,,,,,,,CTA GTFS
bus_stop,CTA,11721,11721,Ridgeland & Ontario,"Ridgeland & Ontario, Southbound, Northwest Corner",41.8904844,-87.7848116,Y,86,Narragansett/Ridgeland,50,2026-09-09,1,,,,Unsheltered,1.778,Medium (1.6-2.0),0.2604,0.0668,1.0,,,,,,,,CTA GTFS
bus_stop,CTA,11727,11727,Ridgeland & Ontario,"Ridgeland & Ontario, Northbound, Southeast Corner",41.8902781,-87.7845954,Y,86,Narragansett/Ridgeland,50,2026-09-09,1,,,,Unsheltered,1.778,Medium (1.6-2.0),0.2604,0.0668,1.0,,,,,,,,CTA GTFS
bus_stop,CTA,11719,11719,Ridgeland & Superior,"Ridgeland & Superior, Southbound, Northwest Corner",41.8931851,-87.78495,Y,86,Narragansett/Ridgeland,50,2026-09-09,1,,,,Unsheltered,1.444,Low (1.0-1.5),0.1847,0.0397,1.0,,,,,,,,CTA GTFS
bus_stop,CTA,11729,11729,Ridgeland & Superior,"Ridgeland & Superior, Northbound, Southeast Corner",41.8931058,-87.7847068,Y,86,Narragansett/Ridgeland,50,2026-09-09,1,,,,Unsheltered,1.444,Low (1.0-1.5),0.1847,0.0397,1.0,,,,,,,,CTA GTFS
bus_stop,CTA,11715,11715,Ridgeland & Thomas,"Ridgeland & Thomas, Southbound, Northwest Corner",41.8999774,-87.7851262,Y,86,Narragansett/Ridgeland,50,2026-09-09,1,,,,Unsheltered,1.556,Medium (1.6-2.0),0.1709,0.0372,1.0,,,,,,,,CTA GTFS
bus_stop,CTA,11733,11733,Ridgeland & Thomas,"Ridgeland & Thomas, Northbound, Southeast Corner",41.8998069,-87.784971,Y,86,Narragansett/Ridgeland,50,2026-09-09,1,,,,Unsheltered,1.556,Medium (1.6-2.0),0.1709,0.0372,1.0,,,,,,,,CTA GTFS
bus_stop,CTA,11725,11725,South Blvd & Ridgeland,"South Blvd & Ridgeland, Westbound, Northeast Corner",41.887171,-87.7844021,Y,86,Narragansett/Ridgeland,50,2026-09-09,1,,,,Sheltered,1.778,Medium (1.6-2.0),0.2604,0.0668,1.0,,,,,,,,CTA GTFS
bus_stop,CTA,15732,15732,Harlem & Augusta,"Harlem & Augusta, Southbound, Northwest Corner",41.898003,-87.8055493,N,90,Harlem,66,2026-09-09,1,,,,Unsheltered,1.333,Low (1.0-1.5),0.1304,0.0256,1.0,,,,,,,,CTA GTFS
bus_stop,CTA,18379,18379,Harlem & Augusta,"Harlem & Augusta, Northbound, Northeast Corner",41.8980015,-87.8052133,Y,90,Harlem,66,2026-09-09,1,,,,Unsheltered,1.444,Low (1.0-1.5),0.1304,0.0256,1.0,,,,,,,,CTA GTFS
bus_stop,CTA,15707,15707,Harlem & Berkshire,"Harlem & Berkshire, Northbound, Southeast Corner",41.9032153,-87.8053334,Y,90,Harlem,66,2026-09-09,1,,,,Unsheltered,1.333,Low (1.0-1.5),0.1304,0.0256,1.0,,,,,,,,CTA GTFS
bus_stop,CTA,15729,15729,Harlem & Berkshire,"Harlem & Berkshire, Southbound, Westside of the Street",41.9034711,-87.8057912,N,90,Harlem,66,2026-09-09,1,,,,Unsheltered,1.333,Low (1.0-1.5),0.1304,0.0256,1.0,,,,,,,,CTA GTFS
bus_stop,CTA,15702,15702,Harlem & Chicago,"Harlem & Chicago, Northbound, Southeast Corner",41.8941614,-87.8050789,Y,90,Harlem,66,2026-09-09,1,,,,Unsheltered,1.444,Low (1.0-1.5),0.1823,0.0667,1.0,,,,,,,,CTA GTFS
bus_stop,CTA,15734,15734,Harlem & Chicago,"Harlem & Chicago, Southbound, Northwest Corner",41.89431,-87.8054203,N,90,Harlem,66,2026-09-09,1,,,,Unsheltered,1.444,Low (1.0-1.5),0.1823,0.0667,1.0,,,,,,,,CTA GTFS
bus_stop,CTA,15706,15706,Harlem & Division,"Harlem & Division, Northbound, Southeast Corner",41.901427,-87.8053183,Y,90,Harlem,66,2026-09-09,1,,,,Unsheltered,1.444,Low (1.0-1.5),0.1304,0.0256,1.0,,,,,,,,CTA GTFS
bus_stop,CTA,15730,15730,Harlem & Division,"Harlem & Division, Southbound, Northwest Corner",41.9016602,-87.8056786,N,90,Harlem,66,2026-09-09,1,,,,Unsheltered,1.333,Low (1.0-1.5),0.1304,0.0256,1.0,,,,,,,,CTA GTFS
bus_stop,CTA,15733,15733,Harlem & Iowa,"Harlem & Iowa, Southbound, Northwest Corner",41.8962404,-87.8055957,N,90,Harlem,66,2026-09-09,1,,,,Unsheltered,1.333,Low (1.0-1.5),0.1466,0.0271,1.0,,,,,,,,CTA GTFS
bus_stop,CTA,15700,15700,Harlem & Lake,"Harlem & Lake, Northbound, Northeast Corner",41.888836,-87.8049507,Y,90,Harlem,66,2026-09-09,1,,,,Unsheltered,1.667,Medium (1.6-2.0),0.2386,0.0952,1.0,,,,,,,,CTA GTFS
bus_stop,CTA,15737,15737,Harlem & Lake,"Harlem & Lake, Southbound, Northwest Corner",41.8886875,-87.8052753,N,90,Harlem,66,2026-09-09,1,,,,Unsheltered,1.667,Medium (1.6-2.0),0.2386,0.0952,1.0,,,,,,,,CTA GTFS
bus_stop,CTA,15735,15735,Harlem & Oak,"Harlem & Oak, Southbound, Northwest Corner",41.8923761,-87.8052654,N,90,Harlem,66,2026-09-09,1,,,,Unsheltered,1.444,Low (1.0-1.5),0.1823,0.0667,1.0,,,,,,,,CTA GTFS
bus_stop,CTA,17389,17389,Harlem & Ontario,"Harlem & Ontario, Northbound, Northeast Corner",41.8909649,-87.8050042,Y,90,Harlem,66,2026-09-09,1,,,,Unsheltered,1.444,Low (1.0-1.5),0.1823,0.0667,1.0,,,,,,,,CTA GTFS
bus_stop,CTA,15736,15736,Harlem & Quick,"Harlem & Quick, Southbound, Southwest Corner",41.8902503,-87.8052402,N,90,Harlem,66,2026-09-09,1,,,,Unsheltered,1.556,Medium (1.6-2.0),0.2386,0.0952,1.0,,,,,,,,CTA GTFS
bus_stop,CTA,15703,15703,Harlem & Schneider,"Harlem & Schneider, Northbound, Southeast Corner",41.8961957,-87.805122,Y,90,Harlem,66,2026-09-09,1,,,,Unsheltered,1.444,Low (1.0-1.5),0.1466,0.0271,1.0,,,,,,,,CTA GTFS
bus_stop,CTA,15701,15701,Harlem & Superior,"Harlem & Superior, Northbound, Southeast Corner",41.892887,-87.8049997,Y,90,Harlem,66,2026-09-09,1,,,,Unsheltered,1.444,Low (1.0-1.5),0.1823,0.0667,1.0,,,,,,,,CTA GTFS
bus_stop,CTA,15705,15705,Harlem & Thomas,"Harlem & Thomas, Northbound, Southeast Corner",41.8995939,-87.8052735,Y,90,Harlem,66,2026-09-09,1,,,,Unsheltered,1.444,Low (1.0-1.5),0.1304,0.0256,1.0,,,,,,,,CTA GTFS
bus_stop,CTA,15731,15731,Harlem & Thomas,"Harlem & Thomas, Southbound, Northwest Corner",41.8998973,-87.8056612,N,90,Harlem,66,2026-09-09,1,,,,Unsheltered,1.333,Low (1.0-1.5),0.1304,0.0256,1.0,,,,,,,,CTA GTFS
bus_stop,CTA,15784,15784,Harlem/Lake Green Line Station,"Harlem/Lake Green Line Station, Westbound, Northside of the Street",41.8867671,-87.8032006,Y,90,Harlem,132,2026-09-09,1,,,,Unsheltered,1.667,Medium (1.6-2.0),0.2626,0.1032,1.0,,,,,,,,CTA GTFS
bus_stop,CTA,14226,14226,North Blvd & Harlem (Green Line),"North Blvd & Harlem (Green Line), Eastbound, Southside of the Street",41.8870719,-87.8040947,Y,90,Harlem,66,2026-09-09,1,,,,Unsheltered,1.778,Medium (1.6-2.0),0.2626,0.1032,1.0,,,,,,,,CTA GTFS
bus_stop,CTA,16063,16063,South Blvd & Harlem,"South Blvd & Harlem, Westbound, Northeast Corner",41.8867233,-87.8045024,Y,90,Harlem,66,2026-09-09,1,,,,Sheltered,1.778,Medium (1.6-2.0),0.2626,0.1032,1.0,,,,,,,,CTA GTFS
bus_stop,CTA,9608,9608,Austin & Adams,"Austin & Adams, Southbound, Westside of the Street",41.8776789,-87.7746188,Y,91,Austin,77,2026-09-09,1,,,,Unsheltered,2.222,High (2.1-2.5),0.4467,0.1394,1.0,,,,,,,,CTA GTFS
bus_stop,CTA,9624,9624,Austin & Adams,"Austin & Adams, Northbound, Northeast Corner",41.8777878,-87.7744708,N,91,Austin,77,2026-09-09,1,,,,Unsheltered,2.222,High (2.1-2.5),0.4467,0.1394,1.0,,,,,,,,CTA GTFS
bus_stop,CTA,9595,9595,Austin & Augusta,"Austin & Augusta, Southbound, Southwest Corner",41.8982399,-87.7753296,Y,91,Austin,77,2026-09-09,1,,,,Unsheltered,2.333,High (2.1-2.5),0.4387,0.138,1.0,,,,,,,,CTA GTFS
bus_stop,CTA,9636,9636,Austin & Augusta,"Austin & Augusta, Northbound, Northeast Corner",41.898513,-87.7751817,N,91,Austin,77,2026-09-09,1,,,,Unsheltered,1.889,Medium (1.6-2.0),0.3798,0.0636,1.0,,,,,,,,CTA GTFS
bus_stop,CTA,9592,9592,Austin & Berkshire/Potomac,"Austin & Berkshire/Potomac, Southbound, Southwest Corner",41.9036991,-87.7754985,Y,91,Austin,77,2026-09-09,1,,,,Unsheltered,2.333,High (2.1-2.5),0.394,0.0554,1.0,,,,,,,,CTA GTFS
bus_stop,CTA,9639,9639,Austin & Berkshire/Potomac,"Austin & Berkshire/Potomac, Northbound, Northeast Corner",41.9039494,-87.7753561,N,91,Austin,77,2026-09-09,1,,,,Unsheltered,2.333,High (2.1-2.5),0.394,0.0554,1.0,,,,,,,,CTA GTFS
bus_stop,CTA,9634,9634,Austin & Chicago,"Austin & Chicago, Northbound, Northeast Corner",41.8949438,-87.7750492,N,91,Austin,77,2026-09-09,1,,,,Sheltered,2.333,High (2.1-2.5),0.4387,0.138,1.0,,,,,,,,CTA GTFS
bus_stop,CTA,15167,15167,Austin & Chicago,"Austin & Chicago, Southbound, Northwest Corner",41.894811,-87.7752505,Y,91,Austin,77,2026-09-09,1,,,,Unsheltered,2.333,High (2.1-2.5),0.4387,0.138,1.0,,,,,,,,CTA GTFS
bus_stop,CTA,9603,9603,Austin & Corcoran/South Blvd (Green Line),"Austin & Corcoran/South Blvd (Green Line), Southbound, Southwest Corner",41.8869226,-87.7749598,Y,91,Austin,77,2026-09-09,1,,,,Sheltered,2.222,High (2.1-2.5),0.493,0.2254,1.0,,,,,,,,CTA GTFS
bus_stop,CTA,9629,9629,Austin & Corcoran/South Blvd (Green Line),"Austin & Corcoran/South Blvd (Green Line), Northbound, Southeast Corner",41.8869878,-87.7747858,N,91,Austin,77,2026-09-09,1,,,,Sheltered,2.222,High (2.1-2.5),0.493,0.2254,1.0,,,,,,,,CTA GTFS
bus_stop,CTA,9593,9593,Austin & Division,"Austin & Division, Southbound, Southwest Corner",41.9018295,-87.7754503,Y,91,Austin,77,2026-09-09,1,,,,Unsheltered,2.222,High (2.1-2.5),0.394,0.0554,1.0,,,,,,,,CTA GTFS
bus_stop,CTA,9638,9638,Austin & Division,"Austin & Division, Northbound, Southeast Corner",41.901907,-87.7752754,N,91,Austin,77,2026-09-09,1,,,,Unsheltered,2.222,High (2.1-2.5),0.394,0.0554,1.0,,,,,,,,CTA GTFS
bus_stop,CTA,9600,9600,Austin & Erie,"Austin & Erie, Southbound, Southwest Corner",41.8917435,-87.77514,Y,91,Austin,77,2026-09-09,1,,,,Sheltered,2.333,High (2.1-2.5),0.5432,0.1757,1.0,,,,,,,,CTA GTFS
bus_stop,CTA,9632,9632,Austin & Erie,"Austin & Erie, Northbound, Southeast Corner",41.8917938,-87.7749638,N,91,Austin,77,2026-09-09,1,,,,Unsheltered,2.333,High (2.1-2.5),0.5432,0.1757,1.0,,,,,,,,CTA GTFS
bus_stop,CTA,9604,9604,Austin & Fulton/Pleasant,"Austin & Fulton/Pleasant, Southbound, Southwest Corner",41.8853778,-87.7749085,Y,91,Austin,77,2026-09-09,1,,,,Unsheltered,2.222,High (2.1-2.5),0.493,0.2254,1.0,,,,,,,,CTA GTFS
bus_stop,CTA,9628,9628,Austin & Fulton/Pleasant,"Austin & Fulton/Pleasant, Northbound, Northeast Corner",41.8856859,-87.7747587,N,91,Austin,77,2026-09-09,1,,,,Unsheltered,2.222,High (2.1-2.5),0.493,0.2254,1.0,,,,,,,,CTA GTFS
bus_stop,CTA,9611,9611,Austin & Harrison,"Austin & Harrison, Southbound, Southwest Corner",41.8726788,-87.7744501,Y,91,Austin,77,2026-09-09,1,,,,Unsheltered,2.111,High (2.1-2.5),0.3834,0.0497,1.0,,,,,,,,CTA GTFS
bus_stop,CTA,9621,9621,Austin & Harrison,"Austin & Harrison, Northbound, Eastside of the Street",41.8726923,-87.7742745,N,91,Austin,77,2026-09-09,1,,,,Unsheltered,2.111,High (2.1-2.5),0.3834,0.0497,1.0,,,,,,,,CTA GTFS
bus_stop,CTA,9596,9596,Austin & Iowa,"Austin & Iowa, Southbound, Westside of the Street",41.8964892,-87.7752734,Y,91,Austin,77,2026-09-09,1,,,,Unsheltered,2.333,High (2.1-2.5),0.4387,0.138,1.0,,,,,,,,CTA GTFS
bus_stop,CTA,9635,9635,Austin & Iowa,"Austin & Iowa, Northbound, Northeast Corner",41.896656,-87.7751243,N,91,Austin,77,2026-09-09,1,,,,Unsheltered,2.333,High (2.1-2.5),0.4387,0.138,1.0,,,,,,,,CTA GTFS
bus_stop,CTA,9609,9609,Austin & Jackson,"Austin & Jackson, Southbound, Southwest Corner",41.8763506,-87.7745448,Y,91,Austin,77,2026-09-09,1,,,,Unsheltered,1.778,Medium (1.6-2.0),0.3371,0.0335,1.0,,,,,,,,CTA GTFS
bus_stop,CTA,9623,9623,Austin & Jackson,"Austin & Jackson, Northbound, Northeast Corner",41.8765369,-87.7744418,N,91,Austin,77,2026-09-09,1,,,,Sheltered,2.111,High (2.1-2.5),0.4117,0.0376,1.0,,,,,,,,CTA GTFS
bus_stop,CTA,9602,9602,Austin & Lake,"Austin & Lake, Southbound, Northwest Corner",41.8881127,-87.7750188,Y,91,Austin,77,2026-09-09,1,,,,Unsheltered,2.333,High (2.1-2.5),0.493,0.2254,1.0,,,,,,,,CTA GTFS
bus_stop,CTA,9630,9630,Austin & Lake,"Austin & Lake, Northbound, Northeast Corner",41.8881796,-87.7748352,N,91,Austin,77,2026-09-09,1,,,,Unsheltered,2.333,High (2.1-2.5),0.493,0.2254,1.0,,,,,,,,CTA GTFS
bus_stop,CTA,9607,9607,Austin & Madison,"Austin & Madison, Southbound, Southwest Corner",41.8798799,-87.7747473,Y,91,Austin,77,2026-09-09,1,,,,Sheltered,2.333,High (2.1-2.5),0.4467,0.1394,1.0,,,,,,,,CTA GTFS
bus_stop,CTA,9625,9625,Austin & Madison,"Austin & Madison, Northbound, Northeast Corner",41.880355,-87.7745829,N,91,Austin,77,2026-09-09,1,,,,Sheltered,2.333,High (2.1-2.5),0.4467,0.1394,1.0,,,,,,,,CTA GTFS
bus_stop,CTA,9599,9599,Austin & Ontario/Race,"Austin & Ontario/Race, Southbound, Southwest Corner",41.8904181,-87.7750775,Y,91,Austin,77,2026-09-09,1,,,,Unsheltered,2.333,High (2.1-2.5),0.493,0.2254,1.0,,,,,,,,CTA GTFS
bus_stop,CTA,9631,9631,Austin & Race/Ontario,"Austin & Race/Ontario, Northbound, Northeast Corner",41.8901232,-87.7749137,N,91,Austin,77,2026-09-09,1,,,,Unsheltered,2.333,High (2.1-2.5),0.493,0.2254,1.0,,,,,,,,CTA GTFS
bus_stop,CTA,9620,9620,Austin & Railroad Ave (Blue Line),"Austin & Railroad Ave (Blue Line), Northbound, Southeast Corner",41.8703298,-87.7742378,N,91,Austin,77,2026-09-09,1,,,,Sheltered,2.222,High (2.1-2.5),0.3834,0.0497,1.0,,,,,,,,CTA GTFS
bus_stop,CTA,9637,9637,Austin & Thomas,"Austin & Thomas, Northbound, Northeast Corner",41.9002783,-87.7752372,N,91,Austin,77,2026-09-09,1,,,,Unsheltered,2.222,High (2.1-2.5),0.394,0.0554,1.0,,,,,,,,CTA GTFS
bus_stop,CTA,15828,15828,Austin & Thomas,"Austin & Thomas, Southbound, Northwest Corner",41.9002959,-87.775385,Y,91,Austin,77,2026-09-09,1,,,,Unsheltered,2.222,High (2.1-2.5),0.394,0.0554,1.0,,,,,,,,CTA GTFS
bus_stop,CTA,9622,9622,Austin & Van Buren,"Austin & Van Buren, Northbound, Eastside of the Street",41.8746114,-87.7743744,N,91,Austin,77,2026-09-09,1,,,,Unsheltered,2.111,High (2.1-2.5),0.3371,0.0335,1.0,,,,,,,,CTA GTFS
bus_stop,CTA,17984,17984,Austin & Van Buren,"Austin & Van Buren, Southbound, Northwest Corner",41.8747144,-87.7745524,Y,91,Austin,77,2026-09-09,1,,,,Unsheltered,2.111,High (2.1-2.5),0.3371,0.0335,1.0,,,,,,,,CTA GTFS
bus_stop,CTA,9606,9606,Austin & Washington,"Austin & Washington, Southbound, Southwest Corner",41.8818759,-87.7748178,Y,91,Austin,77,2026-09-09,1,,,,Unsheltered,2.333,High (2.1-2.5),0.4467,0.1394,1.0,,,,,,,,CTA GTFS
bus_stop,CTA,9626,9626,Austin & Washington,"Austin & Washington, Northbound, Northeast Corner",41.8822046,-87.7745735,N,91,Austin,77,2026-09-09,1,,,,Sheltered,2.333,High (2.1-2.5),0.4467,0.1394,1.0,,,,,,,,CTA GTFS
bus_stop,CTA,9605,9605,Austin & West End/Randolph,"Austin & West End/Randolph, Southbound, Westside of the Street",41.8838498,-87.7748358,Y,91,Austin,77,2026-09-09,1,,,,Unsheltered,2.333,High (2.1-2.5),0.493,0.2254,1.0,,,,,,,,CTA GTFS
bus_stop,CTA,9627,9627,Austin & West End/Randolph,"Austin & West End/Randolph, Northbound, Northeast Corner",41.8840837,-87.7746804,N,91,Austin,77,2026-09-09,1,,,,Unsheltered,2.333,High (2.1-2.5),0.493,0.2254,1.0,,,,,,,,CTA GTFS
bus_stop,CTA,9612,9612,Austin Blue Line Station,"Austin Blue Line Station, Southbound, Westside of the Street",41.8711098,-87.7743717,Y,91,Austin,77,2026-09-09,1,,,,Unsheltered,2.222,High (2.1-2.5),0.3834,0.0497,1.0,,,,,,,,CTA GTFS
bus_stop,Pace,307n0250,8673,Harlem Ave & Garfield St/Harrison St,,41.8719161,-87.8044018,Y,307,Harlem,65,2026-09-09,,N,,,Unsheltered,1.889,Medium (1.6-2.0),0.1948,0.0543,1.0,21,88,109,307,0.1,Y,307,Pace GTFS
bus_stop,Pace,307s0250,8747,Harlem Ave & Harlem CTA Station,,41.8733031,-87.804615,N,307,Harlem,66,2026-09-09,,N,,,Unsheltered,1.889,Medium (1.6-2.0),0.1948,0.0543,1.0,108,28,136,307,0.0,Y,307,Pace GTFS
bus_stop,Pace,307s0255,8748,Harlem Ave & Harrison St/Garfield St,,41.8721148,-87.8045365,N,307,Harlem,66,2026-09-09,,N,,,Unsheltered,1.889,Medium (1.6-2.0),0.1948,0.0543,1.0,21,12,33,307,0.1,Y,307,Pace GTFS
bus_stop,Pace,307n0255,8674,Harlem Ave & Jackson Blvd,,41.8758351,-87.8045186,Y,307,Harlem,65,2026-09-09,,N,,,Unsheltered,1.556,Medium (1.6-2.0),0.1948,0.0543,1.0,6,10,16,307,0.1,Y,307,Pace GTFS
bus_stop,Pace,307s0245,8746,Harlem Ave & Jackson Blvd,,41.8761503,-87.8046796,N,307,Harlem,66,2026-09-09,,N,,,Unsheltered,1.667,Medium (1.6-2.0),0.2218,0.0746,1.0,10,6,16,307,0.1,Y,307,Pace GTFS
bus_stop,Pace,307n0245,8672,Harlem Ave & Lexington St,,41.8701978,-87.8043571,Y,307,Harlem,65,2026-09-09,,N,,,Unsheltered,1.889,Medium (1.6-2.0),0.1948,0.0543,1.0,,,,,,Y,307,Pace GTFS
bus_stop,Pace,307s0260,8749,Harlem Ave & Lexington St,,41.8706394,-87.8044683,N,307,Harlem,66,2026-09-09,,N,,,Unsheltered,1.889,Medium (1.6-2.0),0.1948,0.0543,1.0,,,,,,Y,307,Pace GTFS
bus_stop,Pace,307n0265,8676,Harlem Ave & Madison St,,41.8794263,-87.804686,Y,307,Harlem,65,2026-09-09,,N,,,Unsheltered,1.667,Medium (1.6-2.0),0.2401,0.0792,1.0,21,29,50,307,0.0,Y,307,Pace GTFS
bus_stop,Pace,307n0330,8689,Harlem Ave & Augusta St,,41.8981666,-87.8053243,Y,307; 318,Harlem; West North Avenue,102,2026-09-09,,N,,,Unsheltered,1.444,Low (1.0-1.5),0.1304,0.0256,1.0,4,17,21,307; 318,0.1,Y,307,Pace GTFS
bus_stop,Pace,307s0180,8733,Harlem Ave & Augusta St,,41.8980665,-87.8054635,N,307; 318,Harlem; West North Avenue,102,2026-09-09,,N,,,Unsheltered,1.333,Low (1.0-1.5),0.1304,0.0256,1.0,10,1,11,307,0.1,Y,307,Pace GTFS
bus_stop,Pace,307n0310,8685,Harlem Ave & Chicago Ave,,41.8940563,-87.8051771,Y,307; 318,Harlem; West North Avenue,102,2026-09-09,,N,,,Unsheltered,1.444,Low (1.0-1.5),0.1823,0.0667,1.0,19,13,32,307; 318,0.0,Y,307,Pace GTFS
bus_stop,Pace,307s0190,8735,Harlem Ave & Chicago Ave,,41.8944728,-87.8053341,N,307; 318,Harlem; West North Avenue,102,2026-09-09,,N,,,Unsheltered,1.444,Low (1.0-1.5),0.1823,0.0667,1.0,14,12,26,307; 318,0.1,Y,307,Pace GTFS
bus_stop,Pace,307n0340,8691,Harlem Ave & Division St,,41.9012463,-87.8054296,Y,307; 318,Harlem; West North Avenue,102,2026-09-09,,N,,,Unsheltered,1.444,Low (1.0-1.5),0.1304,0.0256,1.0,8,15,23,307; 318,0.1,Y,307,Pace GTFS
bus_stop,Pace,307s0170,8731,Harlem Ave & Division St,,41.9017873,-87.8055798,N,307; 318,Harlem; West North Avenue,102,2026-09-09,,N,,,Unsheltered,1.333,Low (1.0-1.5),0.1304,0.0256,1.0,16,7,23,307; 318,0.1,Y,307,Pace GTFS
bus_stop,Pace,307n0290,8681,Harlem Ave & Lake St,,41.8889266,-87.8050028,Y,307; 318,Harlem; West North Avenue,102,2026-09-09,,N,,,Unsheltered,1.667,Medium (1.6-2.0),0.2386,0.0952,1.0,96,59,155,307; 318,0.1,Y,307,Pace GTFS
bus_stop,Pace,307s0205,8738,Harlem Ave & Lake St,,41.8882173,-87.8050693,N,307; 318,Harlem; West North Avenue,133,2026-09-09,,N,,,Unsheltered,1.667,Medium (1.6-2.0),0.2386,0.0952,1.0,154,86,240,307; 318,0.0,Y,307,Pace GTFS
bus_stop,Pace,307s0235,8744,Harlem Ave & Madison St,,41.8800275,-87.8048103,N,307; 318,Harlem; West North Avenue,133,2026-09-09,,N,,,Unsheltered,1.667,Medium (1.6-2.0),0.2266,0.0824,1.0,57,64,121,307; 318,0.1,Y,307,Pace GTFS
bus_stop,Pace,307n0295,8682,Harlem Ave & Ontario St,,41.8908758,-87.8050778,Y,307; 318,Harlem; West North Avenue,102,2026-09-09,,N,,,Unsheltered,1.444,Low (1.0-1.5),0.1823,0.0667,1.0,22,11,33,307; 318,0.1,Y,307,Pace GTFS
bus_stop,Pace,307s0200,8737,Harlem Ave & Quick Ave,,41.8901916,-87.8052068,N,307; 318,Harlem; West North Avenue,102,2026-09-09,,N,,,Unsheltered,1.556,Medium (1.6-2.0),0.2386,0.0952,1.0,9,19,28,307; 318,0.1,Y,307,Pace GTFS
bus_stop,Pace,307n0275,8678,Harlem Ave & Randolph St,,41.8834943,-87.8048103,Y,307; 318,Harlem; West North Avenue,134,2026-09-09,,N,,,Unsheltered,1.667,Medium (1.6-2.0),0.2626,0.1032,1.0,21,20,41,307; 318,0.0,Y,307,Pace GTFS
bus_stop,Pace,307s0225,8742,Harlem Ave & Randolph St,,41.8834136,-87.8049273,N,307; 318,Harlem; West North Avenue,133,2026-09-09,,N,,,Unsheltered,1.667,Medium (1.6-2.0),0.2547,0.1124,1.0,25,23,48,307; 318,0.1,Y,307,Pace GTFS
bus_stop,Pace,307n0270,8677,Harlem Ave & Washington Blvd,,41.8817651,-87.8047548,Y,307; 318,Harlem; West North Avenue,134,2026-09-09,,N,,,Unsheltered,1.667,Medium (1.6-2.0),0.2401,0.0792,1.0,34,28,62,307; 318,0.1,Y,307,Pace GTFS
bus_stop,Pace,307s0230,8743,Harlem Ave & Washington Blvd,,41.8816076,-87.8048813,N,307; 318,Harlem; West North Avenue,133,2026-09-09,,N,,,Unsheltered,1.667,Medium (1.6-2.0),0.2266,0.0824,1.0,31,31,62,307; 318,0.1,Y,307,Pace GTFS
bus_stop,Pace,307n0285,8680,Harlem/Lake CTA (at South Blvd),,41.8875223,-87.8049518,Y,307; 318,Harlem; West North Avenue,134,2026-09-09,,N,,,Unsheltered,1.778,Medium (1.6-2.0),0.2626,0.1032,1.0,,,,,,Y,307,Pace GTFS
bus_stop,Pace,307s0210,8739,Harlem/Lake CTA (at South Blvd),,41.8866933,-87.805047,N,307; 318,Harlem; West North Avenue,133,2026-09-09,,N,,,Unsheltered,1.778,Medium (1.6-2.0),0.2626,0.1032,1.0,407,279,686,307; 318,0.0,Y,307; 757,Pace GTFS
bus_stop,Pace,309e0005,6747,Lake St & Austin Blvd (SW),,41.8879916,-87.7751299,Y,309,Lake Street,25,2026-09-09,,N,,,Unsheltered,2.333,High (2.1-2.5),0.493,0.2254,1.0,,,,,,N,,Pace GTFS
bus_stop,Pace,309e0095,6765,Lake St & Bonnie Brae,,41.88853,-87.8068833,N,309; 313,Lake Street; St. Charles Rd.,52,2026-09-09,,N,,,Unsheltered,1.667,Medium (1.6-2.0),0.2386,0.0952,1.0,,,,,,Y,309,Pace GTFS
bus_stop,Pace,309w0115,6866,Lake St & Bonnie Brae,,41.8885548,-87.8070033,N,309; 313,Lake Street; St. Charles Rd.,52,2026-09-09,,N,,,Unsheltered,1.667,Medium (1.6-2.0),0.2386,0.0952,1.0,,,,,,Y,309,Pace GTFS
bus_stop,Pace,309e0050,6756,Lake St & East Ave,,41.88854,-87.7897633,Y,309; 313,Lake Street; St. Charles Rd.,52,2026-09-09,,N,,,Unsheltered,2,Medium (1.6-2.0),0.2534,0.0843,1.0,2,32,34,309; 313,9.5,Y,309,Pace GTFS
bus_stop,Pace,309w0070,6858,Lake St & East Ave,,41.8885183,-87.7895133,Y,309; 313,Lake Street; St. Charles Rd.,52,2026-09-09,,N,,,Sheltered,2,Medium (1.6-2.0),0.2534,0.0843,1.0,44,4,48,309; 313,5.9,Y,309,Pace GTFS
bus_stop,Pace,309e0086,33297,Lake St & Forest Ave,,41.8887316,-87.800455,Y,309; 313,Lake Street; St. Charles Rd.,52,2026-09-09,,N,,,Unsheltered,1.667,Medium (1.6-2.0),0.2216,0.0756,1.0,,,,,,N,,Pace GTFS
bus_stop,Pace,309w0095,6863,Lake St & Forest Ave,,41.8887483,-87.7995566,Y,309; 313,Lake Street; St. Charles Rd.,52,2026-09-09,,N,,,Unsheltered,1.667,Medium (1.6-2.0),0.2304,0.0839,1.0,,,,,,Y,309,Pace GTFS
bus_stop,Pace,309e0090,6764,Lake St & Harlem Ave,,41.8885616,-87.8054166,N,309; 313,Lake Street; St. Charles Rd.,52,2026-09-09,,N,,,Unsheltered,1.667,Medium (1.6-2.0),0.2386,0.0952,1.0,209,34,243,309; 313,9.0,Y,309,Pace GTFS
bus_stop,Pace,309w0105,6865,Lake St & Harlem Ave,,41.8886266,-87.80552,N,309; 313,Lake Street; St. Charles Rd.,52,2026-09-09,,N,,,Unsheltered,1.667,Medium (1.6-2.0),0.2386,0.0952,1.0,209,34,243,309; 313,8.7,Y,309,Pace GTFS
bus_stop,Pace,309e0115,6769,Lake St & Jackson Ave,,41.88839,-87.8132266,N,309; 313,Lake Street; St. Charles Rd.,52,2026-09-09,,N,,,Unsheltered,1.556,Medium (1.6-2.0),0.2135,0.0646,1.0,25,10,35,309; 313,5.1,Y,309,Pace GTFS
bus_stop,Pace,309w0135,6870,Lake St & Jackson Ave,,41.88843,-87.8129933,N,309; 313,Lake Street; St. Charles Rd.,52,2026-09-09,,N,,,Unsheltered,1.556,Medium (1.6-2.0),0.2135,0.0646,1.0,10,29,39,309; 313,3.8,Y,309,Pace GTFS
bus_stop,Pace,309e0070,6760,Lake St & Kenilworth Ave,,41.8887483,-87.7977633,Y,309; 313,Lake Street; St. Charles Rd.,52,2026-09-09,,N,,,Unsheltered,1.667,Medium (1.6-2.0),0.2412,0.0795,1.0,,,,,,Y,309,Pace GTFS
bus_stop,Pace,309w0090,6862,Lake St & Kenilworth Ave,,41.888745,-87.7970216,Y,309; 313,Lake Street; St. Charles Rd.,52,2026-09-09,,N,,,Unsheltered,1.667,Medium (1.6-2.0),0.2412,0.0795,1.0,11,5,16,309; 313,5.1,Y,309,Pace GTFS
bus_stop,Pace,309e0087,32910,Lake St & Marion St,,41.8886733,-87.8028333,Y,309; 313,Lake Street; St. Charles Rd.,52,2026-09-09,,N,,,Unsheltered,1.667,Medium (1.6-2.0),0.2479,0.0904,1.0,19,16,35,309; 313,6.5,Y,309,Pace GTFS
bus_stop,Pace,309w0100,6864,Lake St & Marion St,,41.8886316,-87.803175,Y,309; 313,Lake Street; St. Charles Rd.,52,2026-09-09,,N,,,Unsheltered,1.667,Medium (1.6-2.0),0.2479,0.0904,1.0,,,,,,Y,309,Pace GTFS
bus_stop,Pace,309e0065,6759,Lake St & Oak Park Ave,,41.888705,-87.7947083,Y,309; 313,Lake Street; St. Charles Rd.,52,2026-09-09,,N,,,Unsheltered,1.667,Medium (1.6-2.0),0.2426,0.0789,1.0,,,,,,Y,309,Pace GTFS
bus_stop,Pace,309w0075,6861,Lake St & Oak Park Ave,,41.8887066,-87.7949566,Y,309; 313,Lake Street; St. Charles Rd.,52,2026-09-09,,N,,,Unsheltered,1.667,Medium (1.6-2.0),0.2426,0.0789,1.0,,,,,,Y,309,Pace GTFS
bus_stop,Pace,309e0035,6753,Lake St & Ridgeland Ave,,41.8882516,-87.7842433,Y,309; 313,Lake Street; St. Charles Rd.,52,2026-09-09,,N,,,Unsheltered,1.889,Medium (1.6-2.0),0.2604,0.0668,1.0,3,16,19,309; 313,3.6,Y,309,Pace GTFS
bus_stop,Pace,309w0055,6855,Lake St & Ridgeland Ave,,41.8883533,-87.7845699,Y,309; 313,Lake Street; St. Charles Rd.,52,2026-09-09,,N,,,Unsheltered,1.889,Medium (1.6-2.0),0.2604,0.0668,1.0,,,,,,Y,309,Pace GTFS
bus_stop,Pace,309e0105,6767,Lake St & William St,,41.8884633,-87.81004,N,309; 313,Lake Street; St. Charles Rd.,52,2026-09-09,,N,,,Unsheltered,1.556,Medium (1.6-2.0),0.2135,0.0646,1.0,,,,,,Y,309,Pace GTFS
bus_stop,Pace,309w0125,6868,Lake St & William St,,41.8884516,-87.8096116,N,309; 313,Lake Street; St. Charles Rd.,52,2026-09-09,,N,,,Unsheltered,1.667,Medium (1.6-2.0),0.2388,0.1049,1.0,2,3,5,309; 313,8.2,Y,309,Pace GTFS
bus_stop,Pace,309w0040,6852,Lombard Ave & Lake St,,41.8879999,-87.7798583,Y,309; 313,Lake Street; St. Charles Rd.,52,2026-09-09,,N,,,Unsheltered,1.889,Medium (1.6-2.0),0.3274,0.1018,1.0,9,8,17,309; 313,8.3,Y,309,Pace GTFS
bus_stop,Pace,309w0025,6849,South Blvd & Humphrey Ave,,41.8870883,-87.7764016,Y,309; 313,Lake Street; St. Charles Rd.,52,2026-09-09,,N,,,Unsheltered,2.222,High (2.1-2.5),0.493,0.2254,1.0,,,,,,Y,309,Pace GTFS
bus_stop,Pace,309e0030,6752,Lake St & Cuyler Ave,,41.8882433,-87.7825283,Y,309; 313; 314,Lake Street; St. Charles Rd.; Ridgeland Avenue,82,2026-09-09,,Y,Ad,SE,Sheltered,1.778,Medium (1.6-2.0),0.2604,0.0668,1.0,29,36,65,309; 313; 314,3.8,Y,309,Pace GTFS
bus_stop,Pace,309e0020,6750,Lake St & Lombard Ave,,41.8881483,-87.7800216,Y,309; 313; 314,Lake Street; St. Charles Rd.; Ridgeland Avenue,67,2026-09-09,,Y,Ad,SW,Sheltered,1.889,Medium (1.6-2.0),0.3274,0.1018,1.0,9,13,22,309; 313; 314,0.1,Y,309,Pace GTFS
bus_stop,Pace,309w0020,6848,Corcoran Pl / South Blvd & Austin Blvd,,41.8871066,-87.7747333,N,309; 313; 315,Lake Street; St. Charles Rd.; Austin Boulevard,122,2026-09-09,,N,,,Unsheltered,2.222,High (2.1-2.5),0.493,0.2254,1.0,114,5,119,315,6.9,Y,309,Pace GTFS
bus_stop,Pace,309w0005,6845,Lake St & Austin Blvd (SE),,41.8879883,-87.77403,N,309; 313; 315,Lake Street; St. Charles Rd.; Austin Boulevard,244,2026-09-09,,N,,,Unsheltered,2.333,High (2.1-2.5),0.493,0.2254,1.0,290,334,624,309; 313; 315,5.2,Y,309,Pace GTFS
bus_stop,Pace,311n0340,7074,Oak Park Ave & Augusta St,,41.8979466,-87.7947666,Y,311,Oak Park Avenue,35,2026-09-09,,N,,,Unsheltered,1.444,Low (1.0-1.5),0.1328,0.0163,1.0,2,2,4,311,0.1,Y,,Pace GTFS
bus_stop,Pace,311s0340,7158,Oak Park Ave & Augusta St,,41.8982416,-87.7948166,Y,311,Oak Park Avenue,36,2026-09-09,,N,,,Unsheltered,1.444,Low (1.0-1.5),0.1317,0.0207,1.0,4,2,6,311,0.1,Y,,Pace GTFS
bus_stop,Pace,311n0330,7072,Oak Park Ave & Chicago Ave,,41.894675,-87.79468,Y,311,Oak Park Avenue,35,2026-09-09,,N,,,Unsheltered,1.667,Medium (1.6-2.0),0.185,0.0727,1.0,1,2,3,311,0.0,Y,,Pace GTFS
bus_stop,Pace,311s0330,7156,Oak Park Ave & Chicago Ave,,41.8941716,-87.7947466,Y,311,Oak Park Avenue,36,2026-09-09,,N,,,Unsheltered,1.556,Medium (1.6-2.0),0.185,0.0727,1.0,3,2,5,311,0.1,N,,Pace GTFS
bus_stop,Pace,311n0350,7076,Oak Park Ave & Division St,,41.9015966,-87.7948466,Y,311,Oak Park Avenue,35,2026-09-09,,N,,,Unsheltered,1.444,Low (1.0-1.5),0.1317,0.0207,1.0,1,2,3,311,0.1,Y,,Pace GTFS
bus_stop,Pace,311s0350,7160,Oak Park Ave & Division St,,41.9018483,-87.7949049,Y,311,Oak Park Avenue,36,2026-09-09,,N,,,Unsheltered,1.333,Low (1.0-1.5),0.1317,0.0207,1.0,,,,,,Y,,Pace GTFS
bus_stop,Pace,311n0320,7070,Oak Park Ave & Erie St,,41.8917833,-87.79458,Y,311,Oak Park Avenue,35,2026-09-09,,N,,,,,,,,,,,,,,Y,,Pace GTFS
bus_stop,Pace,311s0320,7154,Oak Park Ave & Erie St,,41.8912333,-87.7945666,Y,311,Oak Park Avenue,36,2026-09-09,,N,,,Unsheltered,1.556,Medium (1.6-2.0),0.185,0.0727,18.0,,,,,,Y,,Pace GTFS
bus_stop,Pace,311n0255,7057,Oak Park Ave & Garfield St / CTA Blue Line,,41.8722583,-87.7939933,Y,311,Oak Park Avenue,35,2026-09-09,,N,,,Unsheltered,1.889,Medium (1.6-2.0),0.1455,0.0453,1.0,17,47,64,311,0.0,Y,,Pace GTFS
bus_stop,Pace,311s0255,7141,Oak Park Ave & Garfield St / CTA Blue Line,,41.87188,-87.794015,Y,311,Oak Park Avenue,36,2026-09-09,,N,,,Unsheltered,1.889,Medium (1.6-2.0),0.1455,0.0453,1.0,9,2,11,311,0.0,Y,,Pace GTFS
bus_stop,Pace,311s0260,7142,Oak Park Ave & Harrison St,,41.872995,-87.7940433,Y,311,Oak Park Avenue,36,2026-09-09,,N,,,Unsheltered,1.889,Medium (1.6-2.0),0.1455,0.0453,1.0,25,10,35,311,0.0,Y,,Pace GTFS
bus_stop,Pace,311n0270,7060,Oak Park Ave & Jackson Blvd,,41.8763783,-87.79413,Y,311,Oak Park Avenue,35,2026-09-09,,N,,,Unsheltered,1.556,Medium (1.6-2.0),0.2507,0.0605,1.0,,,,,,Y,,Pace GTFS
bus_stop,Pace,311s0270,7144,Oak Park Ave & Jackson Blvd,,41.8762833,-87.79416,Y,311,Oak Park Avenue,36,2026-09-09,,N,,,Unsheltered,1.556,Medium (1.6-2.0),0.2201,0.0537,1.0,,,,,,Y,,Pace GTFS
bus_stop,Pace,311n0310,7068,Oak Park Ave & Lake St,,41.8888649,-87.7945649,Y,311,Oak Park Avenue,35,2026-09-09,,N,,,Unsheltered,1.667,Medium (1.6-2.0),0.2426,0.0789,1.0,7,28,35,311,0.1,Y,,Pace GTFS
bus_stop,Pace,311s0310,7152,Oak Park Ave & Lake St,,41.888925,-87.7946383,Y,311,Oak Park Avenue,36,2026-09-09,,N,,,Unsheltered,1.667,Medium (1.6-2.0),0.2426,0.0789,1.0,45,15,60,311,0.0,Y,,Pace GTFS
bus_stop,Pace,311n0280,7062,Oak Park Ave & Madison St,,41.880065,-87.7942333,Y,311,Oak Park Avenue,35,2026-09-09,,N,,,Unsheltered,1.556,Medium (1.6-2.0),0.2507,0.0605,1.0,8,29,37,311,0.0,Y,,Pace GTFS
bus_stop,Pace,311s0280,7146,Oak Park Ave & Madison St,,41.8795466,-87.794355,Y,311,Oak Park Avenue,36,2026-09-09,,N,,,Unsheltered,1.556,Medium (1.6-2.0),0.2507,0.0605,1.0,21,6,27,311,0.1,Y,,Pace GTFS
bus_stop,Pace,311n0300,7066,Oak Park Ave & South Blvd / CTA Green Line,,41.8866166,-87.79449,Y,311,Oak Park Avenue,35,2026-09-09,,Y,Ad,SE,Sheltered,1.667,Medium (1.6-2.0),0.2426,0.0789,1.0,6,47,53,311,0.1,Y,,Pace GTFS
bus_stop,Pace,311s0300,7150,Oak Park Ave & South Blvd / CTA Green Line,,41.8865966,-87.7945316,Y,311,Oak Park Avenue,36,2026-09-09,,N,,,Unsheltered,1.667,Medium (1.6-2.0),0.2426,0.0789,1.0,1,0,1,311,0.1,Y,,Pace GTFS
bus_stop,Pace,311n0285,7063,Oak Park Ave & Washington Blvd,,41.881805,-87.7943183,Y,311,Oak Park Avenue,35,2026-09-09,,N,,,Unsheltered,1.556,Medium (1.6-2.0),0.2507,0.0605,1.0,,,,,,Y,,Pace GTFS
bus_stop,Pace,311s0285,7147,Oak Park Ave & Washington Blvd,,41.8813616,-87.79442,Y,311,Oak Park Avenue,36,2026-09-09,,N,,,Unsheltered,1.556,Medium (1.6-2.0),0.2507,0.0605,1.0,,,,,,Y,,Pace GTFS
bus_stop,Pace,309e0100,6766,Lake St & Clinton Pl,,41.8884608,-87.8085928,N,313,St. Charles Rd.,27,2026-09-09,,N,,,Unsheltered,1.667,Medium (1.6-2.0),0.2547,0.1124,1.0,0,1,1,313,0.1,Y,309,Pace GTFS
bus_stop,Pace,309w0120,6867,Lake St & Clinton Pl,,41.8885641,-87.8084243,N,313,St. Charles Rd.,26,2026-09-09,,N,,,Unsheltered,1.667,Medium (1.6-2.0),0.2547,0.1124,1.0,,,,,,Y,309,Pace GTFS
bus_stop,Pace,309w0050,6854,Lake St & Cuyler Ave,,41.8883606,-87.7828753,Y,313,St. Charles Rd.,26,2026-09-09,,N,,,Unsheltered,1.778,Medium (1.6-2.0),0.2604,0.0668,1.0,,,,,,Y,309,Pace GTFS
bus_stop,Pace,309e0040,6754,Lake St & Elmwood Ave,,41.8883467,-87.786364,Y,313,St. Charles Rd.,27,2026-09-09,,N,,,Unsheltered,2,Medium (1.6-2.0),0.2662,0.0905,1.0,,,,,,Y,309,Pace GTFS
bus_stop,Pace,309w0060,6856,Lake St & Elmwood Ave,,41.8884175,-87.7861518,Y,313,St. Charles Rd.,26,2026-09-09,,N,,,Unsheltered,2,Medium (1.6-2.0),0.2662,0.0905,1.0,,,,,,Y,309,Pace GTFS
bus_stop,Pace,309e0060,6758,Lake St & Euclid Ave,,41.8885545,-87.7928187,Y,313,St. Charles Rd.,27,2026-09-09,,N,,,Unsheltered,2,Medium (1.6-2.0),0.2615,0.0807,1.0,1,1,2,313,0.1,Y,309,Pace GTFS
bus_stop,Pace,309w0073,6860,Lake St & Euclid Ave,,41.888634,-87.79251,Y,313,St. Charles Rd.,26,2026-09-09,,N,,,Unsheltered,2,Medium (1.6-2.0),0.2615,0.0807,1.0,,,,,,Y,309,Pace GTFS
bus_stop,Pace,309e0025,6751,Lake St & Harvey Ave,,41.8881787,-87.7815608,Y,313,St. Charles Rd.,27,2026-09-09,,N,,,Unsheltered,1.778,Medium (1.6-2.0),0.2604,0.0668,1.0,,,,,,Y,309,Pace GTFS
bus_stop,Pace,309w0045,6853,Lake St & Harvey Ave,,41.888283,-87.7809437,Y,313,St. Charles Rd.,26,2026-09-09,,N,,,Unsheltered,1.889,Medium (1.6-2.0),0.3167,0.087,1.0,,,,,,Y,309,Pace GTFS
bus_stop,Pace,309e0010,6748,Lake St & Humphrey Ave,,41.8880695,-87.7766738,Y,313,St. Charles Rd.,27,2026-09-09,,N,,,Unsheltered,2.222,High (2.1-2.5),0.493,0.2254,1.0,,,,,,Y,309,Pace GTFS
bus_stop,Pace,309e0055,6757,Lake St & Linden Ave,,41.8885108,-87.7912151,Y,313,St. Charles Rd.,27,2026-09-09,,N,,,Unsheltered,2,Medium (1.6-2.0),0.2615,0.0807,1.0,,,,,,Y,309,Pace GTFS
bus_stop,Pace,309w0072,6859,Lake St & Linden Ave,,41.8886372,-87.7910588,Y,313,St. Charles Rd.,26,2026-09-09,,N,,,Unsheltered,2,Medium (1.6-2.0),0.2615,0.0807,1.0,,,,,,Y,309,Pace GTFS
bus_stop,Pace,309e0110,6768,Lake St & Monroe Ave,,41.8883788,-87.8115126,N,313,St. Charles Rd.,27,2026-09-09,,N,,,Unsheltered,1.556,Medium (1.6-2.0),0.2135,0.0646,1.0,,,,,,Y,309,Pace GTFS
bus_stop,Pace,309w0130,6869,Lake St & Monroe Ave,,41.888465,-87.8112851,N,313,St. Charles Rd.,26,2026-09-09,,N,,,Unsheltered,1.556,Medium (1.6-2.0),0.2135,0.0646,1.0,,,,,,Y,309,Pace GTFS
bus_stop,Pace,309e0045,6755,Lake St & Scoville Ave,,41.8883916,-87.7880411,Y,313,St. Charles Rd.,27,2026-09-09,,N,,,Unsheltered,2,Medium (1.6-2.0),0.2662,0.0905,1.0,,,,,,Y,309,Pace GTFS
bus_stop,Pace,309w0065,6857,Lake St & Scoville Ave,,41.8885062,-87.7877742,Y,313,St. Charles Rd.,26,2026-09-09,,N,,,Unsheltered,2,Medium (1.6-2.0),0.2662,0.0905,1.0,,,,,,Y,309,Pace GTFS
bus_stop,Pace,309e0015,6749,Lake St & Taylor Ave,,41.8881142,-87.7782344,Y,313,St. Charles Rd.,27,2026-09-09,,N,,,Unsheltered,2.222,High (2.1-2.5),0.493,0.2254,1.0,0,0,0,313,0.0,Y,309,Pace GTFS
bus_stop,Pace,309w0033,32790,South Blvd & Lombard Ave,,41.8871148,-87.7795985,Y,313,St. Charles Rd.,26,2026-09-09,,N,,,Unsheltered,2.222,High (2.1-2.5),0.493,0.2254,1.0,,,,,,Y,309,Pace GTFS
bus_stop,Pace,309w0032,32789,South Blvd & Taylor Ave,,41.8871366,-87.7779971,Y,313,St. Charles Rd.,26,2026-09-09,,N,,,Unsheltered,2.222,High (2.1-2.5),0.493,0.2254,1.0,,,,,,Y,309,Pace GTFS
bus_stop,Pace,315w0315,7719,Ridgeland Ave & Garfield St,,41.8707633,-87.7840983,Y,314,Ridgeland Avenue,15,2026-09-09,,N,,,Unsheltered,1.778,Medium (1.6-2.0),0.1667,0.0298,1.0,,,,,,Y,,Pace GTFS
bus_stop,Pace,315e0045,7591,Ridgeland Ave & Harrison St,,41.8727966,-87.7842633,Y,314,Ridgeland Avenue,15,2026-09-09,,N,,,Unsheltered,1.778,Medium (1.6-2.0),0.1667,0.0298,1.0,1,1,2,314,0.1,Y,,Pace GTFS
bus_stop,Pace,315w0320,7720,Ridgeland Ave & Harrison St,,41.8724916,-87.7841633,Y,314,Ridgeland Avenue,15,2026-09-09,,N,,,Unsheltered,1.778,Medium (1.6-2.0),0.1667,0.0298,1.0,2,1,3,314,0.1,Y,,Pace GTFS
bus_stop,Pace,315e0035,7589,Ridgeland Ave & Jackson Blvd,,41.8764683,-87.7843799,Y,314,Ridgeland Avenue,15,2026-09-09,,N,,,Unsheltered,1.444,Low (1.0-1.5),0.2313,0.0593,1.0,2,1,3,314,0.1,Y,,Pace GTFS
bus_stop,Pace,315w0330,7722,Ridgeland Ave & Jackson Blvd,,41.8761133,-87.7842883,Y,314,Ridgeland Avenue,15,2026-09-09,,N,,,Unsheltered,1.333,Low (1.0-1.5),0.1667,0.0298,1.0,1,2,3,314,0.0,Y,,Pace GTFS
bus_stop,Pace,315w0365,7729,Ridgeland Ave & Lake St,,41.8881433,-87.7846383,Y,314,Ridgeland Avenue,15,2026-09-09,,N,,,Unsheltered,1.889,Medium (1.6-2.0),0.2604,0.0668,1.0,0,13,13,314,0.0,Y,,Pace GTFS
bus_stop,Pace,315e0025,7587,Ridgeland Ave & Madison St,,41.8801699,-87.7845099,Y,314,Ridgeland Avenue,15,2026-09-09,,N,,,Unsheltered,1.556,Medium (1.6-2.0),0.2313,0.0593,1.0,5,2,7,314,0.1,Y,,Pace GTFS
bus_stop,Pace,315w0340,7724,Ridgeland Ave & Madison St,,41.8795883,-87.7843883,Y,314,Ridgeland Avenue,15,2026-09-09,,N,,,Unsheltered,1.556,Medium (1.6-2.0),0.2313,0.0593,1.0,2,3,5,314,0.0,Y,,Pace GTFS
bus_stop,Pace,315e0015,7585,Ridgeland Ave & Randolph St,,41.883595,-87.78459,Y,314,Ridgeland Avenue,15,2026-09-09,,N,,,Unsheltered,1.778,Medium (1.6-2.0),0.2749,0.0669,1.0,,,,,,Y,,Pace GTFS
bus_stop,Pace,315w0350,7726,Ridgeland Ave & Randolph St,,41.8832999,-87.7845366,Y,314,Ridgeland Avenue,15,2026-09-09,,N,,,Unsheltered,1.778,Medium (1.6-2.0),0.2542,0.0599,1.0,,,,,,Y,,Pace GTFS
bus_stop,Pace,315e0020,7586,Ridgeland Ave & Washington Blvd,,41.881865,-87.78458,Y,314,Ridgeland Avenue,15,2026-09-09,,N,,,Unsheltered,1.556,Medium (1.6-2.0),0.2313,0.0593,1.0,3,1,4,314,0.0,Y,,Pace GTFS
bus_stop,Pace,315w0345,7725,Ridgeland Ave & Washington Blvd,,41.88153,-87.7844483,Y,314,Ridgeland Avenue,15,2026-09-09,,N,,,Unsheltered,1.556,Medium (1.6-2.0),0.2313,0.0593,1.0,1,2,3,314,0.0,Y,,Pace GTFS
bus_stop,Pace,315e0005,7583,Ridgeland CTA Station,,41.88704,-87.7844,Y,314,Ridgeland Avenue,15,2026-09-09,,Y,Ad,NE,Unsheltered,1.778,Medium (1.6-2.0),0.2604,0.0668,1.0,24,1,25,314,0.0,Y,,Pace GTFS
bus_stop,Pace,315w0360,7728,Ridgeland CTA Station,,41.886775,-87.7846283,Y,314,Ridgeland Avenue,15,2026-09-09,,Y,Ad,NE,Sheltered,1.778,Medium (1.6-2.0),0.2604,0.0668,1.0,0,28,28,314,0.0,Y,,Pace GTFS
bus_stop,Pace,315e0365,7655,Austin/Adams,,41.8779006,-87.7745128,N,315,Austin Boulevard,70,2026-09-09,,N,,,Unsheltered,2.222,High (2.1-2.5),0.4467,0.1394,1.0,3,3,6,315,0.1,Y,,Pace GTFS
bus_stop,Pace,315n0385,36206,Austin/Corcoran/South Blvd./CTA Green Line,,41.8869156,-87.7748303,N,315,Austin Boulevard,70,2026-09-09,,N,,,Unsheltered,2.222,High (2.1-2.5),0.493,0.2254,1.0,3,94,97,315,0.1,Y,,Pace GTFS
bus_stop,Pace,315n0380,36205,Austin/Fulton/Pleasant,,41.8857913,-87.7747925,N,315,Austin Boulevard,70,2026-09-09,,N,,,Unsheltered,2.222,High (2.1-2.5),0.493,0.2254,1.0,,,,,,Y,,Pace GTFS
bus_stop,Pace,315s0030,36211,Austin/Fulton/Pleasant,,41.8852305,-87.7748928,Y,315,Austin Boulevard,70,2026-09-09,,N,,,Unsheltered,2.222,High (2.1-2.5),0.493,0.2254,1.0,,,,,,Y,,Pace GTFS
bus_stop,Pace,315w0020,7660,Austin/Garfield/CTA Blue Line,,41.8707499,-87.7743588,Y,315,Austin Boulevard,70,2026-09-09,,N,,,Unsheltered,2.222,High (2.1-2.5),0.3834,0.0497,1.0,58,25,83,315,0.1,Y,,Pace GTFS
bus_stop,Pace,315e0350,7652,Austin/Harrison,,41.8729628,-87.7743288,N,315,Austin Boulevard,70,2026-09-09,,N,,,Unsheltered,2.111,High (2.1-2.5),0.3834,0.0497,1.0,8,6,14,315,0.1,Y,,Pace GTFS
bus_stop,Pace,315w0015,7659,Austin/Harrison,,41.8730071,-87.7745425,Y,315,Austin Boulevard,70,2026-09-09,,N,,,Unsheltered,2.111,High (2.1-2.5),0.3834,0.0497,1.0,7,7,14,315,0.0,Y,,Pace GTFS
bus_stop,Pace,315e0360,7654,Austin/Jackson,,41.8766996,-87.7744538,N,315,Austin Boulevard,70,2026-09-09,,N,,,Unsheltered,2.222,High (2.1-2.5),0.4467,0.1394,1.0,8,15,23,315,0.1,Y,,Pace GTFS
bus_stop,Pace,315w0005,7657,Austin/Jackson,,41.8761532,-87.7745608,Y,315,Austin Boulevard,70,2026-09-09,,N,,,Unsheltered,1.778,Medium (1.6-2.0),0.3371,0.0335,1.0,17,8,25,315,0.1,Y,,Pace GTFS
bus_stop,Pace,315w0002,7656,Austin/Madison,,41.8796859,-87.7747211,Y,315,Austin Boulevard,70,2026-09-09,,Y,Ad,SW,Sheltered,2.333,High (2.1-2.5),0.4467,0.1394,1.0,57,24,81,315,0.1,Y,,Pace GTFS
bus_stop,Pace,320e0010,7791,Austin/Madison,,41.8804073,-87.7745781,N,315,Austin Boulevard,70,2026-09-09,,N,,,Unsheltered,2.333,High (2.1-2.5),0.4467,0.1394,1.0,33,47,80,315,0.0,Y,320,Pace GTFS
bus_stop,Pace,315e0345,7651,Austin/Railroad/CTA Blue Line,,41.8702613,-87.7741805,N,315,Austin Boulevard,70,2026-09-09,,N,,,Sheltered,2.222,High (2.1-2.5),0.3834,0.0497,1.0,22,37,59,315,0.1,Y,,Pace GTFS
bus_stop,Pace,315e0355,7653,Austin/Van Buren,,41.8747075,-87.7743988,N,315,Austin Boulevard,70,2026-09-09,,N,,,Unsheltered,2.111,High (2.1-2.5),0.3371,0.0335,1.0,,,,,,Y,,Pace GTFS
bus_stop,Pace,315w0010,7658,Austin/Van Buren,,41.8745385,-87.774516,Y,315,Austin Boulevard,70,2026-09-09,,N,,,Unsheltered,2.111,High (2.1-2.5),0.3834,0.0497,1.0,4,2,6,315,0.1,Y,,Pace GTFS
bus_stop,Pace,315n0370,36203,Austin/Washington,,41.8823616,-87.774682,N,315,Austin Boulevard,70,2026-09-09,,N,,,Unsheltered,2.333,High (2.1-2.5),0.4467,0.1394,1.0,6,10,16,315,0.1,Y,,Pace GTFS
bus_stop,Pace,315s0040,36213,Austin/Washington,,41.8817721,-87.7747988,Y,315,Austin Boulevard,70,2026-09-09,,N,,,Unsheltered,2.333,High (2.1-2.5),0.4467,0.1394,1.0,12,7,19,315,0.1,Y,,Pace GTFS
bus_stop,Pace,315n0375,36204,Austin/West End/Randolph,,41.884351,-87.774737,N,315,Austin Boulevard,70,2026-09-09,,N,,,Unsheltered,2.222,High (2.1-2.5),0.493,0.2254,1.0,,,,,,Y,,Pace GTFS
bus_stop,Pace,315s0035,36212,Austin/West End/Randolph,,41.8838193,-87.7748516,Y,315,Austin Boulevard,70,2026-09-09,,N,,,Unsheltered,2.333,High (2.1-2.5),0.493,0.2254,1.0,5,1,6,315,0.1,Y,,Pace GTFS
bus_stop,Pace,320e0165,7822,Madison St & Beloit Ave,,41.8794641,-87.8122451,N,318,West North Avenue,69,2026-09-09,,N,,,Unsheltered,1.556,Medium (1.6-2.0),0.2064,0.0571,1.0,5,1,6,318,0.0,Y,320,Pace GTFS
bus_stop,Pace,320w0155,7861,Madison St & Burkhardt Cir,,41.8795531,-87.810894,N,318,West North Avenue,67,2026-09-09,,N,,,Unsheltered,1.556,Medium (1.6-2.0),0.2064,0.0571,1.0,3,11,14,318,0.0,Y,320,Pace GTFS
bus_stop,Pace,320e0150,7819,Madison St & Circle Ave,,41.8795633,-87.8086181,N,318,West North Avenue,69,2026-09-09,,N,,,Unsheltered,1.667,Medium (1.6-2.0),0.2266,0.0824,1.0,15,4,19,318,0.0,Y,320,Pace GTFS
bus_stop,Pace,320w0145,7859,Madison St & Circle Ave,,41.8796171,-87.8082063,N,318,West North Avenue,67,2026-09-09,,N,,,Unsheltered,1.667,Medium (1.6-2.0),0.2266,0.0824,1.0,4,15,19,318,0.0,Y,320,Pace GTFS
bus_stop,Pace,320e0140,7817,Madison St & Elgin Ave,,41.8796338,-87.8057499,N,318,West North Avenue,69,2026-09-09,,N,,,Unsheltered,1.667,Medium (1.6-2.0),0.2266,0.0824,1.0,17,11,28,318,0.1,Y,320,Pace GTFS
bus_stop,Pace,320e0160,7821,Madison St & Thomas Ave,,41.8795141,-87.8109616,N,318,West North Avenue,69,2026-09-09,,N,,,Unsheltered,1.556,Medium (1.6-2.0),0.2064,0.0571,1.0,7,4,11,318,0.1,Y,320,Pace GTFS
